date,sst,n_cells
1982-01-01,25.22590163934426,61
1982-01-02,25.389016393442624,61
1982-01-03,25.520655737704917,61
1982-01-04,25.544590163934426,61
1982-01-05,25.271475409836064,61
1982-01-06,25.854426229508196,61
1982-01-07,26.40081967213115,61
1982-01-08,26.398360655737704,61
1982-01-09,26.403442622950816,61
1982-01-10,26.161803278688524,61
1982-01-11,25.978852459016395,61
1982-01-12,25.661475409836065,61
1982-01-13,25.709016393442624,61
1982-01-14,26.738524590163934,61
1982-01-15,26.887049180327868,61
1982-01-16,26.59032786885246,61
1982-01-17,26.737540983606557,61
1982-01-18,26.784754098360658,61
1982-01-19,26.75918032786885,61
1982-01-20,26.767540983606555,61
1982-01-21,26.785245901639346,61
1982-01-22,26.637868852459018,61
1982-01-23,25.804754098360654,61
1982-01-24,25.56393442622951,61
1982-01-25,25.48688524590164,61
1982-01-26,25.827377049180328,61
1982-01-27,26.201147540983605,61
1982-01-28,26.13360655737705,61
1982-01-29,26.08622950819672,61
1982-01-30,26.07540983606557,61
1982-01-31,26.858852459016394,61
1982-02-01,26.97983606557377,61
1982-02-02,27.414426229508198,61
1982-02-03,27.09983606557377,61
1982-02-04,26.790327868852458,61
1982-02-05,26.46311475409836,61
1982-02-06,26.347540983606557,61
1982-02-07,26.390819672131148,61
1982-02-08,27.28655737704918,61
1982-02-09,27.2127868852459,61
1982-02-10,27.01065573770492,61
1982-02-11,26.837704918032784,61
1982-02-12,26.53655737704918,61
1982-02-13,26.700819672131146,61
1982-02-14,26.577704918032786,61
1982-02-15,26.500983606557377,61
1982-02-16,26.480983606557377,61
1982-02-17,27.045737704918032,61
1982-02-18,26.95737704918033,61
1982-02-19,26.715245901639346,61
1982-02-20,26.40672131147541,61
1982-02-21,26.69655737704918,61
1982-02-22,26.959344262295083,61
1982-02-23,27.16655737704918,61
1982-02-24,27.304262295081966,61
1982-02-25,27.257377049180327,61
1982-02-26,27.281475409836066,61
1982-02-27,27.428032786885243,61
1982-02-28,27.541639344262293,61
1982-03-01,28.04262295081967,61
1982-03-02,28.200983606557376,61
1982-03-03,27.811967213114755,61
1982-03-04,27.503278688524592,61
1982-03-05,27.52737704918033,61
1982-03-06,27.142131147540987,61
1982-03-07,26.688360655737704,61
1982-03-08,27.057868852459016,61
1982-03-09,27.864754098360656,61
1982-03-10,28.10852459016393,61
1982-03-11,28.83573770491803,61
1982-03-12,29.22032786885246,61
1982-03-13,29.185409836065574,61
1982-03-14,27.873606557377048,61
1982-03-15,27.803770491803277,61
1982-03-16,28.02704918032787,61
1982-03-17,28.362131147540982,61
1982-03-18,28.810000000000002,61
1982-03-19,29.581639344262296,61
1982-03-20,29.7372131147541,61
1982-03-21,29.68704918032787,61
1982-03-22,29.37688524590164,61
1982-03-23,27.925901639344264,61
1982-03-24,27.78327868852459,61
1982-03-25,27.608524590163935,61
1982-03-26,27.611639344262294,61
1982-03-27,27.74081967213115,61
1982-03-28,28.147868852459016,61
1982-03-29,28.275901639344262,61
1982-03-30,28.00377049180328,61
1982-03-31,26.838360655737706,61
1982-04-01,27.247049180327867,61
1982-04-02,27.686885245901642,61
1982-04-03,27.935573770491803,61
1982-04-04,28.192131147540984,61
1982-04-05,28.39016393442623,61
1982-04-06,28.77344262295082,61
1982-04-07,28.797049180327868,61
1982-04-08,28.79737704918033,61
1982-04-09,28.596557377049184,61
1982-04-10,28.503114754098362,61
1982-04-11,28.3127868852459,61
1982-04-12,28.18393442622951,61
1982-04-13,28.184590163934427,61
1982-04-14,28.468524590163934,61
1982-04-15,28.570819672131147,61
1982-04-16,28.55344262295082,61
1982-04-17,28.272950819672133,61
1982-04-18,28.638032786885248,61
1982-04-19,28.88622950819672,61
1982-04-20,28.688524590163933,61
1982-04-21,28.417868852459016,61
1982-04-22,28.264262295081966,61
1982-04-23,28.13622950819672,61
1982-04-24,28.064262295081967,61
1982-04-25,27.918524590163933,61
1982-04-26,27.89934426229508,61
1982-04-27,27.92049180327869,61
1982-04-28,27.79262295081967,61
1982-04-29,27.72245901639344,61
1982-04-30,27.940983606557378,61
1982-05-01,28.49622950819672,61
1982-05-02,28.742295081967214,61
1982-05-03,28.77754098360656,61
1982-05-04,29.232950819672133,61
1982-05-05,29.067213114754097,61
1982-05-06,28.610983606557376,61
1982-05-07,28.388360655737706,61
1982-05-08,28.188524590163933,61
1982-05-09,28.125081967213116,61
1982-05-10,27.961967213114754,61
1982-05-11,27.845573770491804,61
1982-05-12,27.53344262295082,61
1982-05-13,27.289180327868856,61
1982-05-14,27.231639344262295,61
1982-05-15,27.02409836065574,61
1982-05-16,26.997377049180326,61
1982-05-17,27.160983606557377,61
1982-05-18,27.285409836065575,61
1982-05-19,27.276721311475413,61
1982-05-20,26.99377049180328,61
1982-05-21,26.23540983606557,61
1982-05-22,26.20754098360656,61
1982-05-23,26.247704918032785,61
1982-05-24,26.225573770491803,61
1982-05-25,26.034098360655737,61
1982-05-26,25.83081967213115,61
1982-05-27,25.752131147540982,61
1982-05-28,25.719180327868852,61
1982-05-29,25.68737704918033,61
1982-05-30,25.6416393442623,61
1982-05-31,25.596393442622954,61
1982-06-01,25.461639344262295,61
1982-06-02,25.589180327868853,61
1982-06-03,25.65032786885246,61
1982-06-04,25.70639344262295,61
1982-06-05,25.704262295081968,61
1982-06-06,25.567540983606555,61
1982-06-07,25.501803278688527,61
1982-06-08,25.45229508196721,61
1982-06-09,25.005081967213115,61
1982-06-10,25.12655737704918,61
1982-06-11,25.337049180327867,61
1982-06-12,25.511639344262296,61
1982-06-13,25.390819672131148,61
1982-06-14,25.19934426229508,61
1982-06-15,24.45672131147541,61
1982-06-16,24.62344262295082,61
1982-06-17,24.587377049180326,61
1982-06-18,23.819344262295083,61
1982-06-19,24.12672131147541,61
1982-06-20,24.142459016393442,61
1982-06-21,24.448524590163935,61
1982-06-22,24.641967213114757,61
1982-06-23,24.61639344262295,61
1982-06-24,24.410819672131147,61
1982-06-25,24.34918032786885,61
1982-06-26,24.205901639344262,61
1982-06-27,23.86655737704918,61
1982-06-28,23.77901639344262,61
1982-06-29,24.14704918032787,61
1982-06-30,24.26032786885246,61
1982-07-01,24.252622950819674,61
1982-07-02,23.713606557377048,61
1982-07-03,23.635245901639344,61
1982-07-04,23.41901639344262,61
1982-07-05,23.38639344262295,61
1982-07-06,23.385081967213114,61
1982-07-07,23.4472131147541,61
1982-07-08,23.52786885245902,61
1982-07-09,23.532622950819672,61
1982-07-10,23.551967213114754,61
1982-07-11,23.38393442622951,61
1982-07-12,23.273114754098362,61
1982-07-13,23.17409836065574,61
1982-07-14,23.07918032786885,61
1982-07-15,22.95688524590164,61
1982-07-16,22.862950819672132,61
1982-07-17,22.921639344262296,61
1982-07-18,22.94327868852459,61
1982-07-19,22.86016393442623,61
1982-07-20,22.873934426229507,61
1982-07-21,23.141803278688528,61
1982-07-22,23.246721311475408,61
1982-07-23,23.401311475409837,61
1982-07-24,23.618032786885248,61
1982-07-25,23.721803278688522,61
1982-07-26,23.69295081967213,61
1982-07-27,23.563278688524587,61
1982-07-28,23.59950819672131,61
1982-07-29,23.671803278688525,61
1982-07-30,23.677704918032784,61
1982-07-31,23.70639344262295,61
1982-08-01,23.75901639344262,61
1982-08-02,23.53049180327869,61
1982-08-03,23.374426229508195,61
1982-08-04,23.290983606557376,61
1982-08-05,23.559836065573773,61
1982-08-06,23.64950819672131,61
1982-08-07,23.92327868852459,61
1982-08-08,23.83049180327869,61
1982-08-09,24.158852459016394,61
1982-08-10,24.56245901639344,61
1982-08-11,24.7,61
1982-08-12,24.66672131147541,61
1982-08-13,24.15016393442623,61
1982-08-14,24.115573770491803,61
1982-08-15,24.08573770491803,61
1982-08-16,24.131803278688523,61
1982-08-17,24.18606557377049,61
1982-08-18,24.477377049180326,61
1982-08-19,24.541147540983605,61
1982-08-20,24.51344262295082,61
1982-08-21,24.63360655737705,61
1982-08-22,24.339180327868853,61
1982-08-23,23.935245901639345,61
1982-08-24,23.3344262295082,61
1982-08-25,22.802131147540983,61
1982-08-26,22.651639344262296,61
1982-08-27,23.230983606557377,61
1982-08-28,23.507540983606557,61
1982-08-29,23.428032786885243,61
1982-08-30,23.41950819672131,61
1982-08-31,23.316885245901638,61
1982-09-01,22.846557377049184,61
1982-09-02,22.55639344262295,61
1982-09-03,22.32688524590164,61
1982-09-04,22.081803278688525,61
1982-09-05,22.031475409836066,61
1982-09-06,22.079836065573772,61
1982-09-07,22.561967213114755,61
1982-09-08,22.591967213114753,61
1982-09-09,22.58344262295082,61
1982-09-10,22.42311475409836,61
1982-09-11,22.539836065573773,61
1982-09-12,22.52622950819672,61
1982-09-13,22.828524590163934,61
1982-09-14,22.89934426229508,61
1982-09-15,22.401967213114755,61
1982-09-16,22.523114754098362,61
1982-09-17,22.58459016393443,61
1982-09-18,22.67065573770492,61
1982-09-19,22.54344262295082,61
1982-09-20,22.56245901639344,61
1982-09-21,22.717377049180328,61
1982-09-22,22.745573770491802,61
1982-09-23,22.981147540983606,61
1982-09-24,23.045737704918032,61
1982-09-25,23.051803278688524,61
1982-09-26,23.061639344262296,61
1982-09-27,21.905081967213114,61
1982-09-28,21.897540983606557,61
1982-09-29,22.331967213114755,61
1982-09-30,22.736229508196722,61
1982-10-01,22.879836065573773,61
1982-10-02,23.73,61
1982-10-03,23.5055737704918,61
1982-10-04,23.09704918032787,61
1982-10-05,23.012622950819672,61
1982-10-06,22.76327868852459,61
1982-10-07,22.652786885245902,61
1982-10-08,22.810000000000002,61
1982-10-09,22.940983606557378,61
1982-10-10,23.02032786885246,61
1982-10-11,22.74606557377049,61
1982-10-12,22.57934426229508,61
1982-10-13,22.461147540983607,61
1982-10-14,22.549672131147542,61
1982-10-15,22.83311475409836,61
1982-10-16,23.462295081967213,61
1982-10-17,23.70688524590164,61
1982-10-18,23.718360655737705,61
1982-10-19,24.407377049180326,61
1982-10-20,24.540327868852458,61
1982-10-21,25.01688524590164,61
1982-10-22,24.929016393442623,61
1982-10-23,24.14688524590164,61
1982-10-24,23.83295081967213,61
1982-10-25,23.79639344262295,61
1982-10-26,23.824918032786883,61
1982-10-27,23.925901639344264,61
1982-10-28,23.765737704918035,61
1982-10-29,23.67655737704918,61
1982-10-30,23.77770491803279,61
1982-10-31,24.003278688524592,61
1982-11-01,24.371475409836066,61
1982-11-02,24.409344262295082,61
1982-11-03,24.33967213114754,61
1982-11-04,24.451311475409835,61
1982-11-05,24.0372131147541,61
1982-11-06,23.96672131147541,61
1982-11-07,24.02622950819672,61
1982-11-08,24.374098360655736,61
1982-11-09,24.81770491803279,61
1982-11-10,24.805081967213116,61
1982-11-11,24.753278688524592,61
1982-11-12,24.76311475409836,61
1982-11-13,23.994590163934426,61
1982-11-14,23.95770491803279,61
1982-11-15,23.833934426229508,61
1982-11-16,23.50426229508197,61
1982-11-17,23.776885245901642,61
1982-11-18,24.372131147540983,61
1982-11-19,24.491475409836067,61
1982-11-20,24.52032786885246,61
1982-11-21,25.12655737704918,61
1982-11-22,26.308524590163934,61
1982-11-23,26.31016393442623,61
1982-11-24,26.32032786885246,61
1982-11-25,26.378688524590164,61
1982-11-26,26.79754098360656,61
1982-11-27,26.75360655737705,61
1982-11-28,26.68622950819672,61
1982-11-29,26.381639344262293,61
1982-11-30,26.307704918032787,61
1982-12-01,26.258360655737704,61
1982-12-02,25.949016393442626,61
1982-12-03,25.86229508196721,61
1982-12-04,25.985081967213112,61
1982-12-05,25.96688524590164,61
1982-12-06,25.95672131147541,61
1982-12-07,26.231639344262298,61
1982-12-08,25.894262295081965,61
1982-12-09,25.815573770491802,61
1982-12-10,25.51967213114754,61
1982-12-11,25.026885245901642,61
1982-12-12,24.770819672131147,61
1982-12-13,24.49311475409836,61
1982-12-14,24.417213114754098,61
1982-12-15,24.521147540983605,61
1982-12-16,25.124098360655736,61
1982-12-17,25.144262295081965,61
1982-12-18,25.141803278688528,61
1982-12-19,25.295081967213115,61
1982-12-20,25.534426229508195,61
1982-12-21,25.357704918032788,61
1982-12-22,25.252622950819674,61
1982-12-23,25.308196721311475,61
1982-12-24,25.304754098360654,61
1982-12-25,24.872131147540983,61
1982-12-26,24.869836065573768,61
1982-12-27,24.841147540983606,61
1982-12-28,24.81245901639344,61
1982-12-29,24.887868852459018,61
1982-12-30,24.822786885245904,61
1982-12-31,24.86393442622951,61
1983-01-01,24.98688524590164,61
1983-01-02,26.2444262295082,61
1983-01-03,26.322622950819675,61
1983-01-04,26.248360655737706,61
1983-01-05,26.291311475409834,61
1983-01-06,26.831803278688525,61
1983-01-07,26.924098360655737,61
1983-01-08,26.7872131147541,61
1983-01-09,26.489836065573773,61
1983-01-10,26.63344262295082,61
1983-01-11,26.81016393442623,61
1983-01-12,27.12704918032787,61
1983-01-13,27.710983606557377,61
1983-01-14,28.094918032786886,61
1983-01-15,28.089180327868853,61
1983-01-16,28.075901639344263,61
1983-01-17,28.07377049180328,61
1983-01-18,28.314262295081967,61
1983-01-19,28.17032786885246,61
1983-01-20,27.83409836065574,61
1983-01-21,27.380000000000003,61
1983-01-22,27.025245901639344,61
1983-01-23,26.54360655737705,61
1983-01-24,26.214754098360654,61
1983-01-25,26.142131147540987,61
1983-01-26,25.974098360655738,61
1983-01-27,26.450491803278688,61
1983-01-28,26.535245901639346,61
1983-01-29,26.28327868852459,61
1983-01-30,26.18967213114754,61
1983-01-31,26.372459016393442,61
1983-02-01,26.63344262295082,61
1983-02-02,26.741803278688526,61
1983-02-03,26.65573770491803,61
1983-02-04,27.217868852459016,61
1983-02-05,27.19459016393443,61
1983-02-06,27.061803278688526,61
1983-02-07,26.747213114754096,61
1983-02-08,26.674098360655737,61
1983-02-09,26.848196721311474,61
1983-02-10,26.936721311475413,61
1983-02-11,26.7827868852459,61
1983-02-12,28.104098360655737,61
1983-02-13,28.002622950819674,61
1983-02-14,27.64295081967213,61
1983-02-15,27.402786885245902,61
1983-02-16,27.372295081967213,61
1983-02-17,27.65606557377049,61
1983-02-18,27.880819672131146,61
1983-02-19,28.27360655737705,61
1983-02-20,28.94065573770492,61
1983-02-21,28.93344262295082,61
1983-02-22,28.458196721311477,61
1983-02-23,28.024918032786886,61
1983-02-24,27.799508196721312,61
1983-02-25,27.784262295081966,61
1983-02-26,27.778196721311478,61
1983-02-27,27.90754098360656,61
1983-02-28,28.208032786885248,61
1983-03-01,27.974098360655738,61
1983-03-02,27.677704918032784,61
1983-03-03,26.982295081967216,61
1983-03-04,26.65377049180328,61
1983-03-05,26.38360655737705,61
1983-03-06,26.071803278688527,61
1983-03-07,25.92065573770492,61
1983-03-08,26.239016393442622,61
1983-03-09,26.519344262295082,61
1983-03-10,26.5427868852459,61
1983-03-11,26.597213114754098,61
1983-03-12,26.598196721311474,61
1983-03-13,26.747704918032785,61
1983-03-14,27.60295081967213,61
1983-03-15,27.646065573770493,61
1983-03-16,27.66393442622951,61
1983-03-17,27.532622950819672,61
1983-03-18,27.274262295081968,61
1983-03-19,26.765081967213117,61
1983-03-20,26.634754098360656,61
1983-03-21,26.648032786885246,61
1983-03-22,26.789836065573773,61
1983-03-23,26.831311475409837,61
1983-03-24,26.846721311475413,61
1983-03-25,28.16901639344262,61
1983-03-26,28.281639344262295,61
1983-03-27,28.187868852459015,61
1983-03-28,27.83327868852459,61
1983-03-29,27.662786885245904,61
1983-03-30,27.846393442622954,61
1983-03-31,27.965573770491805,61
1983-04-01,27.982295081967216,61
1983-04-02,27.83295081967213,61
1983-04-03,27.97327868852459,61
1983-04-04,28.06245901639344,61
1983-04-05,27.897540983606557,61
1983-04-06,27.51983606557377,61
1983-04-07,27.041967213114752,61
1983-04-08,26.925901639344264,61
1983-04-09,26.904918032786885,61
1983-04-10,26.921475409836066,61
1983-04-11,26.711311475409836,61
1983-04-12,26.89065573770492,61
1983-04-13,27.0427868852459,61
1983-04-14,27.166229508196718,61
1983-04-15,27.145901639344263,61
1983-04-16,27.72213114754098,61
1983-04-17,27.851803278688525,61
1983-04-18,27.881475409836064,61
1983-04-19,28.233934426229506,61
1983-04-20,28.17344262295082,61
1983-04-21,27.93229508196721,61
1983-04-22,27.896065573770493,61
1983-04-23,28.02672131147541,61
1983-04-24,28.058688524590163,61
1983-04-25,28.061967213114755,61
1983-04-26,28.06049180327869,61
1983-04-27,26.92344262295082,61
1983-04-28,27.20213114754098,61
1983-04-29,27.58311475409836,61
1983-04-30,27.894262295081965,61
1983-05-01,27.988196721311475,61
1983-05-02,27.99360655737705,61
1983-05-03,27.93016393442623,61
1983-05-04,27.879344262295085,61
1983-05-05,27.541967213114752,61
1983-05-06,27.498360655737706,61
1983-05-07,27.558688524590163,61
1983-05-08,27.5527868852459,61
1983-05-09,27.572950819672133,61
1983-05-10,27.672622950819672,61
1983-05-11,27.654754098360655,61
1983-05-12,27.630983606557376,61
1983-05-13,27.280983606557378,61
1983-05-14,26.994590163934426,61
1983-05-15,26.884918032786885,61
1983-05-16,26.685737704918033,61
1983-05-17,26.51081967213115,61
1983-05-18,26.503114754098362,61
1983-05-19,27.025901639344262,61
1983-05-20,27.171803278688525,61
1983-05-21,27.09409836065574,61
1983-05-22,27.3527868852459,61
1983-05-23,27.11754098360656,61
1983-05-24,26.770655737704917,61
1983-05-25,26.6972131147541,61
1983-05-26,26.751147540983606,61
1983-05-27,26.844754098360657,61
1983-05-28,26.86655737704918,61
1983-05-29,26.79639344262295,61
1983-05-30,26.766393442622952,61
1983-05-31,26.784754098360658,61
1983-06-01,26.75655737704918,61
1983-06-02,26.093114754098362,61
1983-06-03,26.16901639344262,61
1983-06-04,26.25672131147541,61
1983-06-05,26.299180327868854,61
1983-06-06,26.267049180327867,61
1983-06-07,26.130819672131146,61
1983-06-08,26.100163934426227,61
1983-06-09,26.022950819672133,61
1983-06-10,25.851147540983607,61
1983-06-11,25.921147540983608,61
1983-06-12,26.261967213114755,61
1983-06-13,26.563606557377046,61
1983-06-14,26.491475409836067,61
1983-06-15,26.331639344262296,61
1983-06-16,26.265573770491805,61
1983-06-17,25.878852459016393,61
1983-06-18,25.011967213114755,61
1983-06-19,25.091311475409835,61
1983-06-20,25.431803278688523,61
1983-06-21,25.653278688524587,61
1983-06-22,25.720163934426232,61
1983-06-23,25.639344262295083,61
1983-06-24,25.542950819672132,61
1983-06-25,25.459180327868854,61
1983-06-26,24.904590163934426,61
1983-06-27,24.8127868852459,61
1983-06-28,24.751967213114753,61
1983-06-29,24.884426229508197,61
1983-06-30,24.930819672131147,61
1983-07-01,24.870655737704915,61
1983-07-02,24.581967213114755,61
1983-07-03,24.494754098360655,61
1983-07-04,24.267540983606555,61
1983-07-05,24.12737704918033,61
1983-07-06,23.97344262295082,61
1983-07-07,23.572131147540986,61
1983-07-08,23.381147540983605,61
1983-07-09,23.329672131147543,61
1983-07-10,23.233442622950818,61
1983-07-11,23.332786885245902,61
1983-07-12,23.34393442622951,61
1983-07-13,23.434754098360656,61
1983-07-14,23.40573770491803,61
1983-07-15,23.43606557377049,61
1983-07-16,23.508688524590163,61
1983-07-17,23.50393442622951,61
1983-07-18,23.591803278688523,61
1983-07-19,23.255245901639345,61
1983-07-20,22.694754098360654,61
1983-07-21,22.824754098360653,61
1983-07-22,23.092622950819674,61
1983-07-23,23.15639344262295,61
1983-07-24,23.055901639344263,61
1983-07-25,23.294918032786885,61
1983-07-26,23.342459016393445,61
1983-07-27,23.92426229508197,61
1983-07-28,23.907213114754096,61
1983-07-29,23.975573770491803,61
1983-07-30,24.077704918032786,61
1983-07-31,24.441147540983607,61
1983-08-01,24.271475409836064,61
1983-08-02,24.1427868852459,61
1983-08-03,24.11786885245902,61
1983-08-04,24.140983606557377,61
1983-08-05,24.135737704918032,61
1983-08-06,24.13245901639344,61
1983-08-07,23.441475409836066,61
1983-08-08,23.67459016393443,61
1983-08-09,24.141803278688528,61
1983-08-10,24.23032786885246,61
1983-08-11,24.175901639344264,61
1983-08-12,23.68901639344262,61
1983-08-13,23.68016393442623,61
1983-08-14,23.64950819672131,61
1983-08-15,23.59426229508197,61
1983-08-16,23.625737704918034,61
1983-08-17,23.619180327868854,61
1983-08-18,23.621639344262295,61
1983-08-19,23.620655737704915,61
1983-08-20,23.54606557377049,61
1983-08-21,23.523114754098362,61
1983-08-22,23.525081967213115,61
1983-08-23,23.591475409836065,61
1983-08-24,23.299508196721312,61
1983-08-25,23.30672131147541,61
1983-08-26,23.370327868852456,61
1983-08-27,23.39295081967213,61
1983-08-28,23.02885245901639,61
1983-08-29,23.085409836065573,61
1983-08-30,23.188524590163933,61
1983-08-31,23.441639344262295,61
1983-09-01,23.18622950819672,61
1983-09-02,23.08,61
1983-09-03,23.04786885245902,61
1983-09-04,22.977049180327867,61
1983-09-05,22.648688524590163,61
1983-09-06,22.49065573770492,61
1983-09-07,22.537540983606558,61
1983-09-08,22.596065573770492,61
1983-09-09,22.80262295081967,61
1983-09-10,22.938852459016392,61
1983-09-11,22.9427868852459,61
1983-09-12,22.89327868852459,61
1983-09-13,22.44885245901639,61
1983-09-14,22.701803278688523,61
1983-09-15,22.54229508196721,61
1983-09-16,21.931147540983606,61
1983-09-17,22.13344262295082,61
1983-09-18,23.614754098360656,61
1983-09-19,24.138360655737706,61
1983-09-20,24.208688524590166,61
1983-09-21,24.2127868852459,61
1983-09-22,24.19983606557377,61
1983-09-23,24.088852459016394,61
1983-09-24,23.759999999999998,61
1983-09-25,23.68377049180328,61
1983-09-26,23.686721311475413,61
1983-09-27,23.531147540983607,61
1983-09-28,23.330000000000002,61
1983-09-29,23.294426229508197,61
1983-09-30,22.93229508196721,61
1983-10-01,22.981475409836065,61
1983-10-02,22.989508196721314,61
1983-10-03,23.058524590163934,61
1983-10-04,23.314918032786885,61
1983-10-05,23.555081967213113,61
1983-10-06,23.6044262295082,61
1983-10-07,23.68,61
1983-10-08,23.00639344262295,61
1983-10-09,22.787704918032787,61
1983-10-10,22.739016393442622,61
1983-10-11,22.981639344262295,61
1983-10-12,23.127540983606558,61
1983-10-13,23.397704918032787,61
1983-10-14,23.464262295081966,61
1983-10-15,23.469836065573773,61
1983-10-16,23.04639344262295,61
1983-10-17,22.56393442622951,61
1983-10-18,22.40295081967213,61
1983-10-19,22.698524590163935,61
1983-10-20,23.397377049180328,61
1983-10-21,23.91590163934426,61
1983-10-22,24.040655737704917,61
1983-10-23,23.91524590163934,61
1983-10-24,24.379836065573773,61
1983-10-25,24.57934426229508,61
1983-10-26,24.48918032786885,61
1983-10-27,23.627540983606558,61
1983-10-28,23.19934426229508,61
1983-10-29,23.361639344262294,61
1983-10-30,23.350983606557378,61
1983-10-31,23.305409836065575,61
1983-11-01,23.426065573770494,61
1983-11-02,23.769016393442623,61
1983-11-03,23.798524590163936,61
1983-11-04,23.719508196721314,61
1983-11-05,23.25918032786885,61
1983-11-06,23.31098360655738,61
1983-11-07,23.31049180327869,61
1983-11-08,23.29622950819672,61
1983-11-09,23.365081967213115,61
1983-11-10,23.789508196721314,61
1983-11-11,23.75049180327869,61
1983-11-12,23.548032786885248,61
1983-11-13,23.22098360655738,61
1983-11-14,23.248688524590165,61
1983-11-15,23.38327868852459,61
1983-11-16,23.483934426229506,61
1983-11-17,23.630163934426232,61
1983-11-18,23.67295081967213,61
1983-11-19,23.70786885245902,61
1983-11-20,23.66573770491803,61
1983-11-21,23.691147540983607,61
1983-11-22,23.80295081967213,61
1983-11-23,24.017868852459014,61
1983-11-24,24.105901639344264,61
1983-11-25,24.10344262295082,61
1983-11-26,24.318688524590165,61
1983-11-27,23.559672131147543,61
1983-11-28,23.48672131147541,61
1983-11-29,23.66918032786885,61
1983-11-30,23.525901639344262,61
1983-12-01,23.47655737704918,61
1983-12-02,23.471639344262293,61
1983-12-03,23.538196721311476,61
1983-12-04,23.64262295081967,61
1983-12-05,24.275573770491803,61
1983-12-06,24.397704918032787,61
1983-12-07,24.26081967213115,61
1983-12-08,24.287540983606558,61
1983-12-09,24.388196721311477,61
1983-12-10,24.460819672131144,61
1983-12-11,24.58049180327869,61
1983-12-12,24.636885245901638,61
1983-12-13,24.61606557377049,61
1983-12-14,24.53327868852459,61
1983-12-15,24.428032786885243,61
1983-12-16,24.51983606557377,61
1983-12-17,24.64344262295082,61
1983-12-18,24.68,61
1983-12-19,24.725737704918032,61
1983-12-20,24.770655737704917,61
1983-12-21,25.43393442622951,61
1983-12-22,25.407213114754096,61
1983-12-23,25.23934426229508,61
1983-12-24,25.120491803278686,61
1983-12-25,25.209672131147542,61
1983-12-26,25.412459016393445,61
1983-12-27,25.611967213114752,61
1983-12-28,25.75393442622951,61
1983-12-29,26.10327868852459,61
1983-12-30,26.05032786885246,61
1983-12-31,26.000983606557377,61
1984-01-01,26.147704918032787,61
1984-01-02,26.56590163934426,61
1984-01-03,26.733442622950818,61
1984-01-04,26.74983606557377,61
1984-01-05,26.767213114754096,61
1984-01-06,27.221311475409838,61
1984-01-07,27.24032786885246,61
1984-01-08,27.18360655737705,61
1984-01-09,27.360983606557376,61
1984-01-10,27.51081967213115,61
1984-01-11,27.478360655737706,61
1984-01-12,27.465737704918034,61
1984-01-13,27.469180327868852,61
1984-01-14,27.471311475409838,61
1984-01-15,27.47377049180328,61
1984-01-16,25.637213114754097,61
1984-01-17,25.686885245901642,61
1984-01-18,26.051803278688524,61
1984-01-19,26.44032786885246,61
1984-01-20,26.58475409836066,61
1984-01-21,26.3344262295082,61
1984-01-22,26.431639344262294,61
1984-01-23,26.528688524590162,61
1984-01-24,25.29983606557377,61
1984-01-25,25.129016393442626,61
1984-01-26,25.5844262295082,61
1984-01-27,25.552131147540983,61
1984-01-28,25.541967213114752,61
1984-01-29,25.83639344262295,61
1984-01-30,26.98688524590164,61
1984-01-31,27.970163934426232,61
1984-02-01,27.89049180327869,61
1984-02-02,27.427540983606555,61
1984-02-03,27.339016393442623,61
1984-02-04,27.174098360655737,61
1984-02-05,27.1083606557377,61
1984-02-06,27.001639344262294,61
1984-02-07,27.58016393442623,61
1984-02-08,28.018032786885243,61
1984-02-09,27.988688524590163,61
1984-02-10,27.997540983606555,61
1984-02-11,28.302131147540983,61
1984-02-12,28.143606557377048,61
1984-02-13,27.98540983606557,61
1984-02-14,27.81639344262295,61
1984-02-15,27.704754098360656,61
1984-02-16,27.84426229508197,61
1984-02-17,27.805409836065575,61
1984-02-18,27.772131147540982,61
1984-02-19,27.649016393442622,61
1984-02-20,27.653934426229508,61
1984-02-21,27.658524590163935,61
1984-02-22,27.66524590163934,61
1984-02-23,27.682622950819674,61
1984-02-24,29.05016393442623,61
1984-02-25,29.352622950819672,61
1984-02-26,29.441147540983607,61
1984-02-27,29.161803278688524,61
1984-02-28,29.324098360655736,61
1984-02-29,29.135245901639344,61
1984-03-01,29.00967213114754,61
1984-03-02,28.99032786885246,61
1984-03-03,26.964754098360654,61
1984-03-04,26.664426229508198,61
1984-03-05,26.742295081967214,61
1984-03-06,26.99016393442623,61
1984-03-07,27.05262295081967,61
1984-03-08,27.158360655737706,61
1984-03-09,27.17049180327869,61
1984-03-10,27.32049180327869,61
1984-03-11,28.087868852459014,61
1984-03-12,28.065737704918032,61
1984-03-13,27.902786885245902,61
1984-03-14,27.716065573770493,61
1984-03-15,27.5527868852459,61
1984-03-16,27.414426229508198,61
1984-03-17,27.497704918032785,61
1984-03-18,27.359180327868852,61
1984-03-19,27.633278688524587,61
1984-03-20,27.717868852459016,61
1984-03-21,27.912622950819674,61
1984-03-22,27.78704918032787,61
1984-03-23,27.65311475409836,61
1984-03-24,27.63344262295082,61
1984-03-25,27.626065573770493,61
1984-03-26,27.618852459016395,61
1984-03-27,27.77918032786885,61
1984-03-28,28.120655737704915,61
1984-03-29,28.24639344262295,61
1984-03-30,28.29327868852459,61
1984-03-31,28.517213114754096,61
1984-04-01,28.630983606557376,61
1984-04-02,28.80704918032787,61
1984-04-03,28.912295081967216,61
1984-04-04,29.012295081967213,61
1984-04-05,28.74655737704918,61
1984-04-06,28.65311475409836,61
1984-04-07,28.461311475409836,61
1984-04-08,28.449180327868852,61
1984-04-09,28.601967213114754,61
1984-04-10,28.621475409836066,61
1984-04-11,28.542950819672132,61
1984-04-12,28.43967213114754,61
1984-04-13,27.903934426229508,61
1984-04-14,27.878852459016393,61
1984-04-15,27.730655737704918,61
1984-04-16,27.97262295081967,61
1984-04-17,28.248688524590165,61
1984-04-18,28.56639344262295,61
1984-04-19,28.644262295081965,61
1984-04-20,28.719672131147544,61
1984-04-21,28.50672131147541,61
1984-04-22,28.505081967213115,61
1984-04-23,28.5,61
1984-04-24,28.428852459016394,61
1984-04-25,28.45409836065574,61
1984-04-26,28.428032786885243,61
1984-04-27,28.41934426229508,61
1984-04-28,28.234262295081965,61
1984-04-29,27.620327868852456,61
1984-04-30,27.835409836065573,61
1984-05-01,27.861803278688523,61
1984-05-02,27.83950819672131,61
1984-05-03,27.96672131147541,61
1984-05-04,28.271639344262294,61
1984-05-05,28.370655737704915,61
1984-05-06,28.286393442622952,61
1984-05-07,27.421639344262296,61
1984-05-08,26.950655737704917,61
1984-05-09,27.178524590163935,61
1984-05-10,27.327213114754098,61
1984-05-11,27.86409836065574,61
1984-05-12,28.198524590163935,61
1984-05-13,28.221311475409838,61
1984-05-14,27.950819672131146,61
1984-05-15,27.402786885245902,61
1984-05-16,27.338688524590165,61
1984-05-17,26.87327868852459,61
1984-05-18,26.839016393442623,61
1984-05-19,26.877868852459017,61
1984-05-20,27.004754098360657,61
1984-05-21,26.99344262295082,61
1984-05-22,26.808032786885246,61
1984-05-23,27.552459016393442,61
1984-05-24,27.528524590163933,61
1984-05-25,27.056229508196722,61
1984-05-26,26.612786885245903,61
1984-05-27,26.428032786885243,61
1984-05-28,26.733934426229506,61
1984-05-29,26.830000000000002,61
1984-05-30,26.77016393442623,61
1984-05-31,27.22983606557377,61
1984-06-01,27.178196721311473,61
1984-06-02,27.119016393442624,61
1984-06-03,26.992622950819673,61
1984-06-04,26.839180327868853,61
1984-06-05,26.79770491803279,61
1984-06-06,26.965409836065575,61
1984-06-07,27.068196721311477,61
1984-06-08,27.635737704918032,61
1984-06-09,27.351311475409837,61
1984-06-10,27.098032786885245,61
1984-06-11,26.838032786885243,61
1984-06-12,26.61655737704918,61
1984-06-13,26.709180327868854,61
1984-06-14,26.754426229508198,61
1984-06-15,26.741475409836067,61
1984-06-16,27.311803278688526,61
1984-06-17,26.940163934426227,61
1984-06-18,26.477049180327867,61
1984-06-19,26.139180327868853,61
1984-06-20,25.86344262295082,61
1984-06-21,25.881147540983605,61
1984-06-22,26.041311475409834,61
1984-06-23,26.124098360655736,61
1984-06-24,25.91426229508197,61
1984-06-25,25.815573770491802,61
1984-06-26,25.745409836065573,61
1984-06-27,25.696393442622952,61
1984-06-28,25.98540983606557,61
1984-06-29,26.130983606557376,61
1984-06-30,26.16704918032787,61
1984-07-01,26.17459016393443,61
1984-07-02,26.055737704918034,61
1984-07-03,25.82049180327869,61
1984-07-04,25.70754098360656,61
1984-07-05,25.518852459016394,61
1984-07-06,25.51967213114754,61
1984-07-07,25.56377049180328,61
1984-07-08,25.444918032786887,61
1984-07-09,25.27016393442623,61
1984-07-10,25.188032786885245,61
1984-07-11,25.391311475409836,61
1984-07-12,25.46344262295082,61
1984-07-13,25.484262295081965,61
1984-07-14,25.286229508196723,61
1984-07-15,25.06049180327869,61
1984-07-16,24.944918032786887,61
1984-07-17,24.95229508196721,61
1984-07-18,24.909180327868853,61
1984-07-19,24.5627868852459,61
1984-07-20,24.59344262295082,61
1984-07-21,24.600327868852457,61
1984-07-22,24.4944262295082,61
1984-07-23,24.532131147540984,61
1984-07-24,24.34950819672131,61
1984-07-25,24.278688524590162,61
1984-07-26,24.30344262295082,61
1984-07-27,23.940491803278686,61
1984-07-28,23.894754098360654,61
1984-07-29,23.86754098360656,61
1984-07-30,23.776885245901642,61
1984-07-31,24.01295081967213,61
1984-08-01,24.271147540983605,61
1984-08-02,24.36262295081967,61
1984-08-03,24.345245901639345,61
1984-08-04,23.4427868852459,61
1984-08-05,23.368524590163936,61
1984-08-06,23.106393442622952,61
1984-08-07,22.97098360655738,61
1984-08-08,23.126393442622952,61
1984-08-09,23.41426229508197,61
1984-08-10,23.497049180327867,61
1984-08-11,23.45983606557377,61
1984-08-12,23.465081967213116,61
1984-08-13,23.444754098360654,61
1984-08-14,23.348524590163933,61
1984-08-15,23.32344262295082,61
1984-08-16,23.50622950819672,61
1984-08-17,23.581803278688525,61
1984-08-18,23.56967213114754,61
1984-08-19,23.520819672131147,61
1984-08-20,23.3872131147541,61
1984-08-21,23.422295081967214,61
1984-08-22,23.36327868852459,61
1984-08-23,23.375573770491805,61
1984-08-24,23.503114754098362,61
1984-08-25,23.657868852459018,61
1984-08-26,23.714590163934425,61
1984-08-27,23.937868852459015,61
1984-08-28,24.074262295081965,61
1984-08-29,23.76295081967213,61
1984-08-30,23.494590163934426,61
1984-08-31,23.221967213114752,61
1984-09-01,23.109180327868852,61
1984-09-02,23.175737704918035,61
1984-09-03,23.2027868852459,61
1984-09-04,23.1972131147541,61
1984-09-05,22.899016393442622,61
1984-09-06,22.83983606557377,61
1984-09-07,22.784262295081966,61
1984-09-08,22.70213114754098,61
1984-09-09,22.558688524590163,61
1984-09-10,22.83606557377049,61
1984-09-11,22.956721311475413,61
1984-09-12,22.815245901639344,61
1984-09-13,22.853770491803278,61
1984-09-14,22.889344262295083,61
1984-09-15,22.822131147540986,61
1984-09-16,22.87672131147541,61
1984-09-17,22.910655737704918,61
1984-09-18,23.157213114754096,61
1984-09-19,23.305409836065575,61
1984-09-20,23.375409836065575,61
1984-09-21,23.635409836065573,61
1984-09-22,23.711311475409836,61
1984-09-23,23.779836065573768,61
1984-09-24,23.844426229508198,61
1984-09-25,24.241967213114755,61
1984-09-26,24.288688524590167,61
1984-09-27,24.30311475409836,61
1984-09-28,24.295245901639344,61
1984-09-29,23.97754098360656,61
1984-09-30,23.879344262295085,61
1984-10-01,23.904918032786885,61
1984-10-02,23.83967213114754,61
1984-10-03,23.891803278688528,61
1984-10-04,23.981147540983606,61
1984-10-05,24.167213114754098,61
1984-10-06,24.266393442622952,61
1984-10-07,24.067868852459018,61
1984-10-08,24.364754098360656,61
1984-10-09,24.451147540983605,61
1984-10-10,24.401475409836067,61
1984-10-11,24.057540983606557,61
1984-10-12,23.999344262295082,61
1984-10-13,24.16344262295082,61
1984-10-14,24.225081967213114,61
1984-10-15,24.739836065573773,61
1984-10-16,24.54983606557377,61
1984-10-17,24.346393442622954,61
1984-10-18,24.34,61
1984-10-19,24.733442622950818,61
1984-10-20,25.00655737704918,61
1984-10-21,25.120491803278686,61
1984-10-22,25.049344262295083,61
1984-10-23,24.341147540983606,61
1984-10-24,24.074262295081965,61
1984-10-25,23.934918032786886,61
1984-10-26,23.43967213114754,61
1984-10-27,22.966065573770493,61
1984-10-28,23.108032786885243,61
1984-10-29,23.34360655737705,61
1984-10-30,23.56081967213115,61
1984-10-31,23.518688524590164,61
1984-11-01,23.418032786885245,61
1984-11-02,23.47967213114754,61
1984-11-03,23.58983606557377,61
1984-11-04,23.497049180327867,61
1984-11-05,23.848032786885245,61
1984-11-06,23.88360655737705,61
1984-11-07,23.775409836065574,61
1984-11-08,23.76311475409836,61
1984-11-09,23.840983606557376,61
1984-11-10,23.751639344262294,61
1984-11-11,23.047213114754097,61
1984-11-12,22.697704918032787,61
1984-11-13,23.10688524590164,61
1984-11-14,23.460655737704915,61
1984-11-15,23.54229508196721,61
1984-11-16,23.502622950819674,61
1984-11-17,23.51983606557377,61
1984-11-18,23.035901639344264,61
1984-11-19,23.23672131147541,61
1984-11-20,23.619836065573768,61
1984-11-21,24.070819672131147,61
1984-11-22,23.934590163934427,61
1984-11-23,23.475409836065573,61
1984-11-24,23.936557377049184,61
1984-11-25,24.495409836065573,61
1984-11-26,24.486229508196722,61
1984-11-27,24.24590163934426,61
1984-11-28,24.127704918032787,61
1984-11-29,24.11295081967213,61
1984-11-30,24.36393442622951,61
1984-12-01,24.54393442622951,61
1984-12-02,24.70672131147541,61
1984-12-03,24.089016393442623,61
1984-12-04,24.034590163934425,61
1984-12-05,24.107868852459013,61
1984-12-06,24.13049180327869,61
1984-12-07,24.36754098360656,61
1984-12-08,25.00377049180328,61
1984-12-09,25.15622950819672,61
1984-12-10,25.162131147540986,61
1984-12-11,24.574262295081965,61
1984-12-12,24.258852459016392,61
1984-12-13,24.155409836065573,61
1984-12-14,23.93327868852459,61
1984-12-15,23.591147540983606,61
1984-12-16,23.897540983606557,61
1984-12-17,24.007213114754098,61
1984-12-18,24.072786885245904,61
1984-12-19,26.02032786885246,61
1984-12-20,25.820983606557377,61
1984-12-21,25.073934426229506,61
1984-12-22,24.748852459016394,61
1984-12-23,24.91918032786885,61
1984-12-24,25.162622950819674,61
1984-12-25,25.242786885245902,61
1984-12-26,24.895901639344263,61
1984-12-27,24.594590163934427,61
1984-12-28,24.517540983606555,61
1984-12-29,24.25016393442623,61
1984-12-30,24.229016393442624,61
1984-12-31,24.26344262295082,61
1985-01-01,24.33098360655738,61
1985-01-02,24.184754098360656,61
1985-01-03,24.228524590163936,61
1985-01-04,25.091147540983606,61
1985-01-05,25.008360655737704,61
1985-01-06,24.708360655737707,61
1985-01-07,24.75967213114754,61
1985-01-08,25.24032786885246,61
1985-01-09,25.581639344262296,61
1985-01-10,25.65049180327869,61
1985-01-11,25.69983606557377,61
1985-01-12,25.764262295081966,61
1985-01-13,25.09918032786885,61
1985-01-14,24.970000000000002,61
1985-01-15,25.061147540983608,61
1985-01-16,24.992131147540984,61
1985-01-17,24.984426229508195,61
1985-01-18,24.61016393442623,61
1985-01-19,24.597704918032786,61
1985-01-20,24.692622950819672,61
1985-01-21,25.374918032786887,61
1985-01-22,25.162295081967216,61
1985-01-23,24.94360655737705,61
1985-01-24,24.652459016393443,61
1985-01-25,24.881311475409834,61
1985-01-26,24.89655737704918,61
1985-01-27,24.912786885245904,61
1985-01-28,24.975081967213114,61
1985-01-29,24.99606557377049,61
1985-01-30,25.06032786885246,61
1985-01-31,24.794754098360656,61
1985-02-01,24.711311475409836,61
1985-02-02,24.879672131147544,61
1985-02-03,25.438524590163933,61
1985-02-04,25.975409836065573,61
1985-02-05,26.279836065573768,61
1985-02-06,26.434918032786886,61
1985-02-07,26.477213114754097,61
1985-02-08,26.49081967213115,61
1985-02-09,26.521967213114753,61
1985-02-10,26.561475409836067,61
1985-02-11,27.17016393442623,61
1985-02-12,27.31032786885246,61
1985-02-13,27.820983606557377,61
1985-02-14,28.652459016393443,61
1985-02-15,28.865737704918033,61
1985-02-16,28.968360655737705,61
1985-02-17,29.055573770491804,61
1985-02-18,29.214918032786883,61
1985-02-19,29.50032786885246,61
1985-02-20,28.84622950819672,61
1985-02-21,28.871803278688525,61
1985-02-22,28.93409836065574,61
1985-02-23,28.991147540983608,61
1985-02-24,29.33967213114754,61
1985-02-25,29.407213114754096,61
1985-02-26,29.45770491803279,61
1985-02-27,29.694918032786887,61
1985-02-28,29.70360655737705,61
1985-03-01,29.657540983606555,61
1985-03-02,29.58360655737705,61
1985-03-03,29.346721311475413,61
1985-03-04,29.35704918032787,61
1985-03-05,29.252786885245904,61
1985-03-06,29.032459016393442,61
1985-03-07,28.848524590163933,61
1985-03-08,28.785901639344264,61
1985-03-09,28.018524590163935,61
1985-03-10,26.973114754098358,61
1985-03-11,26.929016393442623,61
1985-03-12,26.912622950819674,61
1985-03-13,27.215901639344263,61
1985-03-14,27.448196721311476,61
1985-03-15,27.601639344262296,61
1985-03-16,27.778032786885248,61
1985-03-17,27.844590163934427,61
1985-03-18,27.846065573770492,61
1985-03-19,27.625573770491805,61
1985-03-20,27.234262295081965,61
1985-03-21,27.162131147540986,61
1985-03-22,27.136885245901638,61
1985-03-23,27.385081967213114,61
1985-03-24,27.90049180327869,61
1985-03-25,28.514918032786888,61
1985-03-26,29.05327868852459,61
1985-03-27,29.172295081967214,61
1985-03-28,29.128196721311475,61
1985-03-29,28.467377049180328,61
1985-03-30,28.38590163934426,61
1985-03-31,28.281311475409836,61
1985-04-01,28.162295081967216,61
1985-04-02,28.138852459016395,61
1985-04-03,28.553934426229507,61
1985-04-04,28.581639344262296,61
1985-04-05,28.569344262295083,61
1985-04-06,28.518852459016394,61
1985-04-07,28.319508196721312,61
1985-04-08,27.9572131147541,61
1985-04-09,27.769016393442623,61
1985-04-10,27.577704918032786,61
1985-04-11,27.329016393442622,61
1985-04-12,27.235737704918034,61
1985-04-13,27.52606557377049,61
1985-04-14,27.514098360655737,61
1985-04-15,27.50655737704918,61
1985-04-16,27.846721311475413,61
1985-04-17,26.878688524590164,61
1985-04-18,26.51344262295082,61
1985-04-19,26.41901639344262,61
1985-04-20,26.257213114754098,61
1985-04-21,26.3927868852459,61
1985-04-22,26.329016393442622,61
1985-04-23,26.30131147540984,61
1985-04-24,26.49377049180328,61
1985-04-25,27.048524590163936,61
1985-04-26,26.85967213114754,61
1985-04-27,27.033770491803278,61
1985-04-28,27.119836065573768,61
1985-04-29,27.118032786885248,61
1985-04-30,27.040327868852458,61
1985-05-01,27.205901639344262,61
1985-05-02,27.190491803278686,61
1985-05-03,27.10967213114754,61
1985-05-04,26.814098360655738,61
1985-05-05,26.17377049180328,61
1985-05-06,26.555245901639342,61
1985-05-07,26.50918032786885,61
1985-05-08,26.411147540983606,61
1985-05-09,26.327704918032786,61
1985-05-10,26.298852459016395,61
1985-05-11,25.57655737704918,61
1985-05-12,25.592131147540982,61
1985-05-13,25.624426229508195,61
1985-05-14,26.02737704918033,61
1985-05-15,26.485081967213112,61
1985-05-16,26.596065573770492,61
1985-05-17,26.725573770491803,61
1985-05-18,26.69049180327869,61
1985-05-19,26.775245901639344,61
1985-05-20,26.912786885245904,61
1985-05-21,26.94655737704918,61
1985-05-22,26.978196721311477,61
1985-05-23,26.958196721311477,61
1985-05-24,27.045737704918032,61
1985-05-25,27.02967213114754,61
1985-05-26,27.025409836065574,61
1985-05-27,26.835081967213117,61
1985-05-28,26.70606557377049,61
1985-05-29,26.572459016393445,61
1985-05-30,26.579672131147543,61
1985-05-31,26.49081967213115,61
1985-06-01,26.481147540983606,61
1985-06-02,26.67377049180328,61
1985-06-03,26.125081967213116,61
1985-06-04,26.022950819672133,61
1985-06-05,25.89639344262295,61
1985-06-06,25.945081967213117,61
1985-06-07,26.077540983606557,61
1985-06-08,26.06754098360656,61
1985-06-09,25.95311475409836,61
1985-06-10,25.927377049180325,61
1985-06-11,25.737868852459016,61
1985-06-12,26.068032786885247,61
1985-06-13,25.824590163934424,61
1985-06-14,25.512131147540984,61
1985-06-15,25.288524590163934,61
1985-06-16,25.212295081967213,61
1985-06-17,25.195081967213117,61
1985-06-18,25.25901639344262,61
1985-06-19,25.342622950819674,61
1985-06-20,25.331147540983608,61
1985-06-21,25.000819672131147,61
1985-06-22,24.78655737704918,61
1985-06-23,24.948196721311476,61
1985-06-24,24.862950819672132,61
1985-06-25,24.974918032786885,61
1985-06-26,25.06081967213115,61
1985-06-27,25.299672131147542,61
1985-06-28,25.288852459016393,61
1985-06-29,25.28704918032787,61
1985-06-30,25.22639344262295,61
1985-07-01,24.431475409836064,61
1985-07-02,24.45786885245902,61
1985-07-03,24.45393442622951,61
1985-07-04,24.214918032786883,61
1985-07-05,24.09967213114754,61
1985-07-06,24.01032786885246,61
1985-07-07,23.87262295081967,61
1985-07-08,23.837377049180326,61
1985-07-09,23.77950819672131,61
1985-07-10,23.578852459016392,61
1985-07-11,24.57688524590164,61
1985-07-12,24.559836065573773,61
1985-07-13,24.408852459016394,61
1985-07-14,24.17311475409836,61
1985-07-15,24.165081967213112,61
1985-07-16,24.347540983606557,61
1985-07-17,24.328360655737704,61
1985-07-18,24.272131147540982,61
1985-07-19,23.965245901639346,61
1985-07-20,24.181803278688523,61
1985-07-21,24.24327868852459,61
1985-07-22,24.225081967213114,61
1985-07-23,24.249344262295082,61
1985-07-24,24.137868852459018,61
1985-07-25,23.425573770491805,61
1985-07-26,23.4672131147541,61
1985-07-27,23.48311475409836,61
1985-07-28,23.45213114754098,61
1985-07-29,23.465737704918034,61
1985-07-30,23.482786885245904,61
1985-07-31,22.898196721311475,61
1985-08-01,22.930491803278688,61
1985-08-02,22.99295081967213,61
1985-08-03,23.07573770491803,61
1985-08-04,23.20770491803279,61
1985-08-05,23.153606557377053,61
1985-08-06,22.715245901639342,61
1985-08-07,22.5,61
1985-08-08,22.93409836065574,61
1985-08-09,22.7972131147541,61
1985-08-10,22.511967213114755,61
1985-08-11,22.531803278688525,61
1985-08-12,22.763770491803278,61
1985-08-13,22.93344262295082,61
1985-08-14,23.175573770491805,61
1985-08-15,23.29786885245902,61
1985-08-16,23.505081967213115,61
1985-08-17,23.072459016393445,61
1985-08-18,22.86622950819672,61
1985-08-19,22.538032786885246,61
1985-08-20,22.518852459016394,61
1985-08-21,22.851639344262296,61
1985-08-22,23.097540983606557,61
1985-08-23,23.10049180327869,61
1985-08-24,23.07524590163934,61
1985-08-25,23.048688524590165,61
1985-08-26,22.960491803278686,61
1985-08-27,22.26065573770492,61
1985-08-28,22.233442622950818,61
1985-08-29,22.208852459016395,61
1985-08-30,22.327540983606557,61
1985-08-31,22.46672131147541,61
1985-09-01,22.585245901639347,61
1985-09-02,22.724590163934426,61
1985-09-03,22.827540983606557,61
1985-09-04,22.824754098360653,61
1985-09-05,22.500983606557377,61
1985-09-06,22.694426229508196,61
1985-09-07,23.138524590163936,61
1985-09-08,23.24049180327869,61
1985-09-09,23.45295081967213,61
1985-09-10,23.621639344262295,61
1985-09-11,23.745081967213114,61
1985-09-12,23.8,61
1985-09-13,23.769344262295082,61
1985-09-14,23.431967213114753,61
1985-09-15,23.034262295081966,61
1985-09-16,22.95754098360656,61
1985-09-17,22.899836065573773,61
1985-09-18,22.724754098360656,61
1985-09-19,23.031311475409836,61
1985-09-20,23.06016393442623,61
1985-09-21,23.018032786885243,61
1985-09-22,23.018688524590164,61
1985-09-23,22.993934426229508,61
1985-09-24,22.5144262295082,61
1985-09-25,22.60704918032787,61
1985-09-26,22.855081967213117,61
1985-09-27,22.978196721311477,61
1985-09-28,22.908032786885247,61
1985-09-29,22.86950819672131,61
1985-09-30,22.61377049180328,61
1985-10-01,22.51360655737705,61
1985-10-02,22.631967213114752,61
1985-10-03,22.74590163934426,61
1985-10-04,22.52360655737705,61
1985-10-05,22.511475409836066,61
1985-10-06,22.688852459016392,61
1985-10-07,23.081967213114755,61
1985-10-08,23.2555737704918,61
1985-10-09,23.147868852459016,61
1985-10-10,23.120819672131145,61
1985-10-11,23.130819672131146,61
1985-10-12,23.198524590163935,61
1985-10-13,22.695901639344264,61
1985-10-14,22.607540983606558,61
1985-10-15,22.563442622950816,61
1985-10-16,22.413278688524592,61
1985-10-17,22.233442622950818,61
1985-10-18,22.13032786885246,61
1985-10-19,22.087377049180326,61
1985-10-20,22.02934426229508,61
1985-10-21,22.101311475409837,61
1985-10-22,22.336885245901637,61
1985-10-23,22.298688524590165,61
1985-10-24,22.176721311475408,61
1985-10-25,22.43918032786885,61
1985-10-26,22.45016393442623,61
1985-10-27,22.33327868852459,61
1985-10-28,22.298360655737707,61
1985-10-29,22.25934426229508,61
1985-10-30,22.18639344262295,61
1985-10-31,22.23934426229508,61
1985-11-01,22.437704918032786,61
1985-11-02,22.981475409836065,61
1985-11-03,22.951803278688523,61
1985-11-04,22.815737704918032,61
1985-11-05,22.946393442622952,61
1985-11-06,23.049180327868854,61
1985-11-07,23.074918032786883,61
1985-11-08,22.988852459016393,61
1985-11-09,22.859180327868852,61
1985-11-10,23.022786885245903,61
1985-11-11,23.133278688524587,61
1985-11-12,23.27344262295082,61
1985-11-13,23.098360655737704,61
1985-11-14,22.928688524590164,61
1985-11-15,22.85983606557377,61
1985-11-16,22.77786885245902,61
1985-11-17,22.841311475409835,61
1985-11-18,22.93754098360656,61
1985-11-19,23.385081967213114,61
1985-11-20,23.395081967213113,61
1985-11-21,23.485245901639342,61
1985-11-22,23.431475409836064,61
1985-11-23,23.265901639344264,61
1985-11-24,23.190983606557378,61
1985-11-25,23.24639344262295,61
1985-11-26,23.290819672131146,61
1985-11-27,23.838852459016394,61
1985-11-28,23.88606557377049,61
1985-11-29,24.011639344262296,61
1985-11-30,23.99573770491803,61
1985-12-01,23.942131147540984,61
1985-12-02,23.73672131147541,61
1985-12-03,23.451803278688523,61
1985-12-04,23.489836065573773,61
1985-12-05,23.48672131147541,61
1985-12-06,23.67016393442623,61
1985-12-07,24.06377049180328,61
1985-12-08,24.61,61
1985-12-09,24.69704918032787,61
1985-12-10,24.690327868852457,61
1985-12-11,24.545737704918032,61
1985-12-12,24.526885245901642,61
1985-12-13,24.647868852459016,61
1985-12-14,24.53737704918033,61
1985-12-15,24.374590163934425,61
1985-12-16,23.971639344262293,61
1985-12-17,23.971967213114752,61
1985-12-18,24.115901639344262,61
1985-12-19,24.17360655737705,61
1985-12-20,23.925409836065576,61
1985-12-21,23.68,61
1985-12-22,23.648032786885246,61
1985-12-23,23.771639344262294,61
1985-12-24,23.79590163934426,61
1985-12-25,23.752131147540986,61
1985-12-26,23.812131147540985,61
1985-12-27,24.07032786885246,61
1985-12-28,24.33475409836066,61
1985-12-29,24.41918032786885,61
1985-12-30,24.431967213114753,61
1985-12-31,24.501147540983606,61
1986-01-01,24.907540983606555,61
1986-01-02,24.944918032786887,61
1986-01-03,24.700491803278688,61
1986-01-04,24.65016393442623,61
1986-01-05,24.425409836065576,61
1986-01-06,24.53311475409836,61
1986-01-07,24.852459016393443,61
1986-01-08,24.69868852459016,61
1986-01-09,24.768360655737702,61
1986-01-10,24.87344262295082,61
1986-01-11,24.66524590163934,61
1986-01-12,24.56983606557377,61
1986-01-13,24.732131147540986,61
1986-01-14,25.305737704918034,61
1986-01-15,25.937704918032786,61
1986-01-16,26.01983606557377,61
1986-01-17,26.08016393442623,61
1986-01-18,26.384262295081967,61
1986-01-19,26.428852459016394,61
1986-01-20,26.45622950819672,61
1986-01-21,26.417868852459016,61
1986-01-22,26.531147540983607,61
1986-01-23,26.290655737704917,61
1986-01-24,26.04016393442623,61
1986-01-25,25.6655737704918,61
1986-01-26,25.60459016393443,61
1986-01-27,25.094754098360657,61
1986-01-28,24.634262295081967,61
1986-01-29,24.647868852459016,61
1986-01-30,25.061639344262296,61
1986-01-31,25.197704918032787,61
1986-02-01,25.257377049180327,61
1986-02-02,26.52918032786885,61
1986-02-03,26.29245901639344,61
1986-02-04,25.839016393442623,61
1986-02-05,25.69360655737705,61
1986-02-06,25.46262295081967,61
1986-02-07,25.039508196721314,61
1986-02-08,24.748688524590165,61
1986-02-09,24.657540983606555,61
1986-02-10,24.68704918032787,61
1986-02-11,24.364262295081968,61
1986-02-12,24.494590163934426,61
1986-02-13,24.572131147540986,61
1986-02-14,24.719672131147544,61
1986-02-15,25.13393442622951,61
1986-02-16,25.352295081967213,61
1986-02-17,25.430655737704917,61
1986-02-18,25.50934426229508,61
1986-02-19,25.56639344262295,61
1986-02-20,25.554590163934424,61
1986-02-21,25.450655737704917,61
1986-02-22,25.50655737704918,61
1986-02-23,25.675573770491805,61
1986-02-24,26.369180327868854,61
1986-02-25,26.675573770491805,61
1986-02-26,26.714754098360654,61
1986-02-27,26.903606557377046,61
1986-02-28,27.019180327868852,61
1986-03-01,27.044098360655738,61
1986-03-02,28.345573770491804,61
1986-03-03,28.38360655737705,61
1986-03-04,28.24606557377049,61
1986-03-05,27.95377049180328,61
1986-03-06,27.872459016393442,61
1986-03-07,27.77377049180328,61
1986-03-08,27.81262295081967,61
1986-03-09,27.845573770491804,61
1986-03-10,27.65573770491803,61
1986-03-11,26.904918032786885,61
1986-03-12,27.182622950819674,61
1986-03-13,27.4627868852459,61
1986-03-14,27.300819672131148,61
1986-03-15,27.18639344262295,61
1986-03-16,27.341967213114753,61
1986-03-17,27.606393442622952,61
1986-03-18,27.745245901639343,61
1986-03-19,27.778196721311478,61
1986-03-20,27.748524590163935,61
1986-03-21,27.267868852459014,61
1986-03-22,27.31393442622951,61
1986-03-23,27.52016393442623,61
1986-03-24,27.638688524590165,61
1986-03-25,27.772131147540982,61
1986-03-26,27.960983606557374,61
1986-03-27,28.16655737704918,61
1986-03-28,28.241639344262296,61
1986-03-29,28.16639344262295,61
1986-03-30,27.247049180327867,61
1986-03-31,27.25,61
1986-04-01,27.27606557377049,61
1986-04-02,27.14639344262295,61
1986-04-03,27.016557377049182,61
1986-04-04,27.219344262295085,61
1986-04-05,27.76688524590164,61
1986-04-06,27.960983606557374,61
1986-04-07,27.897868852459016,61
1986-04-08,27.585081967213117,61
1986-04-09,27.248524590163935,61
1986-04-10,26.996721311475408,61
1986-04-11,26.585245901639347,61
1986-04-12,26.624754098360654,61
1986-04-13,26.514098360655737,61
1986-04-14,26.48327868852459,61
1986-04-15,26.571475409836065,61
1986-04-16,26.5127868852459,61
1986-04-17,26.83409836065574,61
1986-04-18,27.507540983606557,61
1986-04-19,27.318852459016394,61
1986-04-20,27.08098360655738,61
1986-04-21,26.662131147540986,61
1986-04-22,26.524754098360656,61
1986-04-23,26.66983606557377,61
1986-04-24,26.914590163934427,61
1986-04-25,27.053606557377048,61
1986-04-26,26.92016393442623,61
1986-04-27,26.90377049180328,61
1986-04-28,26.885409836065573,61
1986-04-29,26.800983606557374,61
1986-04-30,26.49655737704918,61
1986-05-01,26.072786885245904,61
1986-05-02,26.186721311475413,61
1986-05-03,26.322786885245904,61
1986-05-04,26.41901639344262,61
1986-05-05,26.45737704918033,61
1986-05-06,26.370983606557377,61
1986-05-07,25.983442622950818,61
1986-05-08,26.002622950819674,61
1986-05-09,25.95360655737705,61
1986-05-10,26.307377049180328,61
1986-05-11,26.741639344262296,61
1986-05-12,26.88245901639344,61
1986-05-13,26.73327868852459,61
1986-05-14,26.657049180327867,61
1986-05-15,26.621803278688525,61
1986-05-16,26.492131147540984,61
1986-05-17,26.34901639344262,61
1986-05-18,26.219016393442622,61
1986-05-19,25.94704918032787,61
1986-05-20,25.846557377049184,61
1986-05-21,25.685737704918033,61
1986-05-22,25.422786885245902,61
1986-05-23,25.408032786885244,61
1986-05-24,25.049672131147542,61
1986-05-25,24.988524590163934,61
1986-05-26,24.99983606557377,61
1986-05-27,24.967540983606558,61
1986-05-28,24.99655737704918,61
1986-05-29,24.997377049180326,61
1986-05-30,25.03688524590164,61
1986-05-31,24.984754098360654,61
1986-06-01,24.861147540983605,61
1986-06-02,24.81672131147541,61
1986-06-03,24.376393442622952,61
1986-06-04,24.128688524590164,61
1986-06-05,24.05540983606557,61
1986-06-06,24.053770491803277,61
1986-06-07,24.130819672131146,61
1986-06-08,24.041639344262293,61
1986-06-09,24.160983606557377,61
1986-06-10,24.219344262295085,61
1986-06-11,24.313770491803275,61
1986-06-12,24.272786885245903,61
1986-06-13,24.317049180327867,61
1986-06-14,24.082131147540984,61
1986-06-15,23.940983606557378,61
1986-06-16,24.16426229508197,61
1986-06-17,24.29377049180328,61
1986-06-18,24.587704918032784,61
1986-06-19,24.615737704918033,61
1986-06-20,24.61229508196721,61
1986-06-21,24.535245901639346,61
1986-06-22,24.49344262295082,61
1986-06-23,24.06622950819672,61
1986-06-24,23.959180327868854,61
1986-06-25,23.921475409836066,61
1986-06-26,23.861967213114752,61
1986-06-27,23.828852459016392,61
1986-06-28,23.601475409836066,61
1986-06-29,23.29672131147541,61
1986-06-30,23.28704918032787,61
1986-07-01,23.47229508196721,61
1986-07-02,23.644262295081965,61
1986-07-03,23.50393442622951,61
1986-07-04,23.29311475409836,61
1986-07-05,23.21639344262295,61
1986-07-06,23.407868852459018,61
1986-07-07,23.428196721311473,61
1986-07-08,23.514098360655737,61
1986-07-09,23.535081967213117,61
1986-07-10,23.181639344262294,61
1986-07-11,23.19704918032787,61
1986-07-12,23.21344262295082,61
1986-07-13,22.85065573770492,61
1986-07-14,22.851475409836066,61
1986-07-15,22.794590163934426,61
1986-07-16,22.822459016393445,61
1986-07-17,22.968524590163934,61
1986-07-18,23.011803278688525,61
1986-07-19,22.988524590163934,61
1986-07-20,22.969016393442622,61
1986-07-21,23.025081967213115,61
1986-07-22,23.034918032786887,61
1986-07-23,22.963934426229507,61
1986-07-24,23.040983606557376,61
1986-07-25,23.130819672131146,61
1986-07-26,23.019344262295082,61
1986-07-27,22.944590163934425,61
1986-07-28,22.860655737704917,61
1986-07-29,22.78655737704918,61
1986-07-30,22.76360655737705,61
1986-07-31,22.712131147540983,61
1986-08-01,22.698032786885246,61
1986-08-02,22.498852459016394,61
1986-08-03,22.38967213114754,61
1986-08-04,22.351803278688525,61
1986-08-05,22.36950819672131,61
1986-08-06,22.408852459016394,61
1986-08-07,22.34409836065574,61
1986-08-08,22.151311475409837,61
1986-08-09,22.184918032786886,61
1986-08-10,22.232950819672133,61
1986-08-11,22.058524590163934,61
1986-08-12,21.875409836065575,61
1986-08-13,21.879508196721314,61
1986-08-14,22.11770491803279,61
1986-08-15,22.229508196721312,61
1986-08-16,22.179180327868853,61
1986-08-17,22.14065573770492,61
1986-08-18,22.17426229508197,61
1986-08-19,22.21704918032787,61
1986-08-20,22.215245901639346,61
1986-08-21,22.41409836065574,61
1986-08-22,22.748032786885247,61
1986-08-23,22.99573770491803,61
1986-08-24,23.065245901639344,61
1986-08-25,23.06639344262295,61
1986-08-26,22.737540983606557,61
1986-08-27,22.581803278688525,61
1986-08-28,22.53327868852459,61
1986-08-29,22.38229508196721,61
1986-08-30,22.464262295081966,61
1986-08-31,22.771967213114753,61
1986-09-01,23.001311475409835,61
1986-09-02,23.092459016393445,61
1986-09-03,23.072131147540986,61
1986-09-04,22.365737704918033,61
1986-09-05,22.40770491803279,61
1986-09-06,22.395081967213113,61
1986-09-07,22.355081967213117,61
1986-09-08,22.29639344262295,61
1986-09-09,22.461475409836066,61
1986-09-10,22.524754098360656,61
1986-09-11,22.30032786885246,61
1986-09-12,22.234754098360654,61
1986-09-13,22.225573770491803,61
1986-09-14,22.221311475409838,61
1986-09-15,22.257540983606557,61
1986-09-16,22.283770491803278,61
1986-09-17,22.129016393442623,61
1986-09-18,22.181311475409835,61
1986-09-19,22.23147540983607,61
1986-09-20,22.268360655737702,61
1986-09-21,22.274754098360656,61
1986-09-22,22.20295081967213,61
1986-09-23,22.199016393442626,61
1986-09-24,22.129344262295085,61
1986-09-25,22.0627868852459,61
1986-09-26,22.01360655737705,61
1986-09-27,22.194098360655737,61
1986-09-28,22.3727868852459,61
1986-09-29,22.43327868852459,61
1986-09-30,22.374426229508195,61
1986-10-01,22.342622950819674,61
1986-10-02,22.4372131147541,61
1986-10-03,22.22360655737705,61
1986-10-04,22.18344262295082,61
1986-10-05,22.10360655737705,61
1986-10-06,21.93016393442623,61
1986-10-07,21.97983606557377,61
1986-10-08,22.077377049180328,61
1986-10-09,22.17950819672131,61
1986-10-10,22.23049180327869,61
1986-10-11,21.897868852459016,61
1986-10-12,22.045409836065573,61
1986-10-13,22.185573770491803,61
1986-10-14,22.137213114754097,61
1986-10-15,21.945409836065576,61
1986-10-16,21.597377049180327,61
1986-10-17,21.488688524590163,61
1986-10-18,21.530655737704915,61
1986-10-19,21.54245901639344,61
1986-10-20,21.36950819672131,61
1986-10-21,21.68737704918033,61
1986-10-22,21.958852459016395,61
1986-10-23,22.041311475409834,61
1986-10-24,21.789016393442626,61
1986-10-25,21.364918032786886,61
1986-10-26,21.249016393442623,61
1986-10-27,21.248688524590165,61
1986-10-28,21.375737704918034,61
1986-10-29,21.36,61
1986-10-30,21.374590163934425,61
1986-10-31,22.827704918032786,61
1986-11-01,23.124098360655736,61
1986-11-02,23.172459016393443,61
1986-11-03,22.818852459016394,61
1986-11-04,22.68393442622951,61
1986-11-05,22.628360655737705,61
1986-11-06,22.61737704918033,61
1986-11-07,22.54786885245902,61
1986-11-08,22.514426229508196,61
1986-11-09,22.478688524590165,61
1986-11-10,22.517868852459014,61
1986-11-11,22.623606557377048,61
1986-11-12,22.598032786885245,61
1986-11-13,22.283934426229507,61
1986-11-14,22.33426229508197,61
1986-11-15,22.507704918032786,61
1986-11-16,22.572459016393445,61
1986-11-17,22.71295081967213,61
1986-11-18,23.049344262295083,61
1986-11-19,23.36327868852459,61
1986-11-20,23.671147540983608,61
1986-11-21,23.515081967213117,61
1986-11-22,23.654754098360655,61
1986-11-23,23.866885245901642,61
1986-11-24,23.98934426229508,61
1986-11-25,24.012131147540984,61
1986-11-26,23.93918032786885,61
1986-11-27,23.74950819672131,61
1986-11-28,23.827377049180328,61
1986-11-29,23.785081967213117,61
1986-11-30,23.50967213114754,61
1986-12-01,23.30918032786885,61
1986-12-02,23.248524590163935,61
1986-12-03,23.18229508196721,61
1986-12-04,23.029836065573768,61
1986-12-05,23.149508196721314,61
1986-12-06,23.354098360655737,61
1986-12-07,23.61327868852459,61
1986-12-08,23.59032786885246,61
1986-12-09,23.426885245901637,61
1986-12-10,23.33459016393443,61
1986-12-11,23.22655737704918,61
1986-12-12,23.295573770491803,61
1986-12-13,23.332622950819673,61
1986-12-14,23.521147540983605,61
1986-12-15,23.137868852459018,61
1986-12-16,24.074426229508195,61
1986-12-17,24.031639344262295,61
1986-12-18,23.76950819672131,61
1986-12-19,23.644590163934424,61
1986-12-20,23.698032786885246,61
1986-12-21,24.016229508196723,61
1986-12-22,23.84327868852459,61
1986-12-23,23.71,61
1986-12-24,23.498360655737706,61
1986-12-25,24.42655737704918,61
1986-12-26,24.670983606557378,61
1986-12-27,24.65016393442623,61
1986-12-28,24.32934426229508,61
1986-12-29,24.083606557377053,61
1986-12-30,23.978196721311477,61
1986-12-31,24.12704918032787,61
1987-01-01,24.21262295081967,61
1987-01-02,24.285081967213117,61
1987-01-03,24.32672131147541,61
1987-01-04,24.79655737704918,61
1987-01-05,24.76081967213115,61
1987-01-06,24.72262295081967,61
1987-01-07,24.644590163934424,61
1987-01-08,24.625245901639346,61
1987-01-09,24.65065573770492,61
1987-01-10,25.012295081967213,61
1987-01-11,25.12295081967213,61
1987-01-12,25.25573770491803,61
1987-01-13,26.087377049180326,61
1987-01-14,25.992786885245902,61
1987-01-15,25.789672131147544,61
1987-01-16,25.73049180327869,61
1987-01-17,25.805901639344263,61
1987-01-18,25.88245901639344,61
1987-01-19,25.872131147540983,61
1987-01-20,25.897868852459016,61
1987-01-21,25.839344262295082,61
1987-01-22,25.1655737704918,61
1987-01-23,24.66639344262295,61
1987-01-24,24.408032786885247,61
1987-01-25,24.2644262295082,61
1987-01-26,24.404754098360655,61
1987-01-27,24.484098360655736,61
1987-01-28,24.486065573770492,61
1987-01-29,24.625245901639346,61
1987-01-30,24.755081967213115,61
1987-01-31,25.111639344262294,61
1987-02-01,25.835573770491802,61
1987-02-02,25.94934426229508,61
1987-02-03,25.602295081967213,61
1987-02-04,25.388524590163936,61
1987-02-05,25.407540983606555,61
1987-02-06,25.407049180327867,61
1987-02-07,25.432622950819674,61
1987-02-08,25.399836065573773,61
1987-02-09,25.426885245901637,61
1987-02-10,25.87327868852459,61
1987-02-11,26.785737704918034,61
1987-02-12,27.36786885245902,61
1987-02-13,27.374590163934425,61
1987-02-14,27.092295081967215,61
1987-02-15,26.950327868852458,61
1987-02-16,26.93344262295082,61
1987-02-17,26.70344262295082,61
1987-02-18,26.522950819672133,61
1987-02-19,26.638688524590165,61
1987-02-20,26.778360655737707,61
1987-02-21,27.17344262295082,61
1987-02-22,27.138852459016395,61
1987-02-23,26.968360655737705,61
1987-02-24,26.950655737704917,61
1987-02-25,26.435573770491803,61
1987-02-26,26.317377049180326,61
1987-02-27,26.395901639344263,61
1987-02-28,26.59950819672131,61
1987-03-01,26.891803278688528,61
1987-03-02,27.030327868852456,61
1987-03-03,27.04311475409836,61
1987-03-04,26.96262295081967,61
1987-03-05,26.95704918032787,61
1987-03-06,27.266229508196723,61
1987-03-07,27.373770491803278,61
1987-03-08,27.462295081967213,61
1987-03-09,27.511147540983607,61
1987-03-10,28.341475409836065,61
1987-03-11,28.424098360655737,61
1987-03-12,28.41901639344262,61
1987-03-13,28.36245901639344,61
1987-03-14,28.092786885245904,61
1987-03-15,28.08393442622951,61
1987-03-16,28.271639344262294,61
1987-03-17,28.282459016393442,61
1987-03-18,28.225573770491803,61
1987-03-19,28.030491803278686,61
1987-03-20,27.931803278688523,61
1987-03-21,27.85852459016393,61
1987-03-22,27.673934426229508,61
1987-03-23,27.373606557377048,61
1987-03-24,27.17344262295082,61
1987-03-25,27.068688524590165,61
1987-03-26,27.04327868852459,61
1987-03-27,27.04327868852459,61
1987-03-28,26.837704918032784,61
1987-03-29,26.840983606557376,61
1987-03-30,26.732950819672133,61
1987-03-31,26.715081967213116,61
1987-04-01,26.982459016393445,61
1987-04-02,27.482295081967216,61
1987-04-03,27.742131147540984,61
1987-04-04,27.80049180327869,61
1987-04-05,27.7872131147541,61
1987-04-06,27.594754098360657,61
1987-04-07,27.555901639344263,61
1987-04-08,27.440491803278686,61
1987-04-09,27.384098360655738,61
1987-04-10,27.356393442622952,61
1987-04-11,27.288360655737705,61
1987-04-12,27.1272131147541,61
1987-04-13,27.017704918032784,61
1987-04-14,26.930655737704917,61
1987-04-15,26.971475409836067,61
1987-04-16,26.94950819672131,61
1987-04-17,27.007377049180327,61
1987-04-18,27.01950819672131,61
1987-04-19,27.191639344262295,61
1987-04-20,27.23016393442623,61
1987-04-21,27.451311475409835,61
1987-04-22,27.58590163934426,61
1987-04-23,27.627868852459017,61
1987-04-24,27.60360655737705,61
1987-04-25,27.562295081967214,61
1987-04-26,27.54229508196721,61
1987-04-27,27.49409836065574,61
1987-04-28,27.515737704918035,61
1987-04-29,27.140819672131148,61
1987-04-30,27.120327868852456,61
1987-05-01,27.07655737704918,61
1987-05-02,26.935737704918033,61
1987-05-03,26.92360655737705,61
1987-05-04,25.95606557377049,61
1987-05-05,26.54,61
1987-05-06,26.894754098360654,61
1987-05-07,26.733442622950818,61
1987-05-08,26.390983606557377,61
1987-05-09,26.063442622950816,61
1987-05-10,25.948196721311476,61
1987-05-11,25.936721311475413,61
1987-05-12,25.935409836065574,61
1987-05-13,25.88229508196721,61
1987-05-14,25.73704918032787,61
1987-05-15,25.04983606557377,61
1987-05-16,24.960163934426227,61
1987-05-17,25.17295081967213,61
1987-05-18,25.511639344262296,61
1987-05-19,25.590819672131147,61
1987-05-20,25.5472131147541,61
1987-05-21,25.52885245901639,61
1987-05-22,25.482459016393445,61
1987-05-23,24.963606557377048,61
1987-05-24,24.862131147540982,61
1987-05-25,24.798688524590165,61
1987-05-26,24.931967213114753,61
1987-05-27,25.09393442622951,61
1987-05-28,25.50983606557377,61
1987-05-29,25.648688524590163,61
1987-05-30,25.698360655737705,61
1987-05-31,25.574918032786883,61
1987-06-01,25.525409836065574,61
1987-06-02,24.666229508196718,61
1987-06-03,24.761475409836066,61
1987-06-04,24.91032786885246,61
1987-06-05,24.862950819672132,61
1987-06-06,24.771639344262294,61
1987-06-07,24.639016393442624,61
1987-06-08,24.480819672131148,61
1987-06-09,24.45360655737705,61
1987-06-10,24.211803278688524,61
1987-06-11,24.272622950819674,61
1987-06-12,24.276885245901642,61
1987-06-13,24.228032786885247,61
1987-06-14,24.317213114754097,61
1987-06-15,24.409508196721312,61
1987-06-16,24.378032786885246,61
1987-06-17,24.37704918032787,61
1987-06-18,24.3583606557377,61
1987-06-19,24.27639344262295,61
1987-06-20,24.420983606557378,61
1987-06-21,24.448360655737705,61
1987-06-22,24.458852459016395,61
1987-06-23,24.402622950819673,61
1987-06-24,24.385573770491803,61
1987-06-25,24.47983606557377,61
1987-06-26,24.561803278688526,61
1987-06-27,24.680491803278688,61
1987-06-28,24.616885245901642,61
1987-06-29,24.594918032786886,61
1987-06-30,24.57672131147541,61
1987-07-01,24.337377049180326,61
1987-07-02,23.97967213114754,61
1987-07-03,23.634754098360656,61
1987-07-04,23.935573770491803,61
1987-07-05,24.365409836065574,61
1987-07-06,24.565081967213114,61
1987-07-07,24.511803278688525,61
1987-07-08,24.844754098360657,61
1987-07-09,24.932622950819674,61
1987-07-10,25.05327868852459,61
1987-07-11,24.855573770491805,61
1987-07-12,24.6072131147541,61
1987-07-13,24.455901639344262,61
1987-07-14,24.496885245901638,61
1987-07-15,24.505245901639345,61
1987-07-16,24.485901639344263,61
1987-07-17,24.105573770491805,61
1987-07-18,23.977868852459018,61
1987-07-19,23.904426229508196,61
1987-07-20,23.902459016393443,61
1987-07-21,23.96655737704918,61
1987-07-22,23.998688524590165,61
1987-07-23,24.154426229508196,61
1987-07-24,24.259999999999998,61
1987-07-25,24.20229508196721,61
1987-07-26,24.10459016393443,61
1987-07-27,24.66344262295082,61
1987-07-28,24.71655737704918,61
1987-07-29,23.95409836065574,61
1987-07-30,23.41032786885246,61
1987-07-31,23.494590163934426,61
1987-08-01,23.52344262295082,61
1987-08-02,23.65967213114754,61
1987-08-03,23.752622950819674,61
1987-08-04,23.7127868852459,61
1987-08-05,23.854426229508196,61
1987-08-06,23.942131147540984,61
1987-08-07,23.788524590163934,61
1987-08-08,23.50377049180328,61
1987-08-09,23.209344262295083,61
1987-08-10,23.22622950819672,61
1987-08-11,23.341475409836065,61
1987-08-12,23.39065573770492,61
1987-08-13,23.36770491803279,61
1987-08-14,23.414426229508198,61
1987-08-15,23.46934426229508,61
1987-08-16,23.398360655737704,61
1987-08-17,23.185573770491803,61
1987-08-18,23.205245901639344,61
1987-08-19,23.567213114754097,61
1987-08-20,23.961967213114754,61
1987-08-21,24.065573770491802,61
1987-08-22,23.95344262295082,61
1987-08-23,23.68901639344262,61
1987-08-24,23.51672131147541,61
1987-08-25,23.09426229508197,61
1987-08-26,23.020491803278688,61
1987-08-27,23.097704918032786,61
1987-08-28,23.299180327868854,61
1987-08-29,23.571639344262294,61
1987-08-30,23.68918032786885,61
1987-08-31,23.618032786885248,61
1987-09-01,23.491475409836067,61
1987-09-02,23.10295081967213,61
1987-09-03,23.08967213114754,61
1987-09-04,23.067540983606555,61
1987-09-05,22.9944262295082,61
1987-09-06,22.991803278688526,61
1987-09-07,23.08377049180328,61
1987-09-08,23.05672131147541,61
1987-09-09,23.022622950819674,61
1987-09-10,23.016393442622952,61
1987-09-11,23.3255737704918,61
1987-09-12,23.35672131147541,61
1987-09-13,23.404754098360655,61
1987-09-14,23.561967213114755,61
1987-09-15,23.765573770491805,61
1987-09-16,23.97393442622951,61
1987-09-17,24.192622950819672,61
1987-09-18,24.320983606557377,61
1987-09-19,24.49295081967213,61
1987-09-20,23.967377049180328,61
1987-09-21,24.01344262295082,61
1987-09-22,24.127540983606558,61
1987-09-23,23.742131147540984,61
1987-09-24,23.59967213114754,61
1987-09-25,23.59409836065574,61
1987-09-26,23.524262295081968,61
1987-09-27,23.516229508196723,61
1987-09-28,23.451311475409835,61
1987-09-29,23.10655737704918,61
1987-09-30,23.14295081967213,61
1987-10-01,23.188032786885245,61
1987-10-02,23.364426229508197,61
1987-10-03,23.392459016393442,61
1987-10-04,23.58344262295082,61
1987-10-05,23.71639344262295,61
1987-10-06,23.744918032786885,61
1987-10-07,23.709508196721313,61
1987-10-08,23.454754098360656,61
1987-10-09,23.45606557377049,61
1987-10-10,23.460327868852456,61
1987-10-11,23.35327868852459,61
1987-10-12,23.331475409836067,61
1987-10-13,23.428032786885243,61
1987-10-14,23.324426229508195,61
1987-10-15,23.28344262295082,61
1987-10-16,23.255245901639345,61
1987-10-17,23.236065573770492,61
1987-10-18,22.414918032786883,61
1987-10-19,22.39311475409836,61
1987-10-20,22.34918032786885,61
1987-10-21,22.22967213114754,61
1987-10-22,22.312295081967214,61
1987-10-23,22.53311475409836,61
1987-10-24,22.57639344262295,61
1987-10-25,22.634262295081967,61
1987-10-26,22.672131147540984,61
1987-10-27,22.390819672131148,61
1987-10-28,22.370983606557377,61
1987-10-29,22.491803278688526,61
1987-10-30,22.304918032786883,61
1987-10-31,22.172786885245902,61
1987-11-01,22.053770491803277,61
1987-11-02,21.963606557377048,61
1987-11-03,21.93622950819672,61
1987-11-04,21.997868852459018,61
1987-11-05,22.436557377049184,61
1987-11-06,22.551475409836065,61
1987-11-07,22.605245901639346,61
1987-11-08,22.4727868852459,61
1987-11-09,22.308196721311475,61
1987-11-10,22.541967213114752,61
1987-11-11,22.868688524590166,61
1987-11-12,22.871147540983607,61
1987-11-13,22.855737704918035,61
1987-11-14,23.275081967213115,61
1987-11-15,23.610983606557376,61
1987-11-16,23.877540983606558,61
1987-11-17,23.87295081967213,61
1987-11-18,23.654754098360655,61
1987-11-19,23.42065573770492,61
1987-11-20,23.23327868852459,61
1987-11-21,23.159016393442624,61
1987-11-22,23.67327868852459,61
1987-11-23,23.837704918032784,61
1987-11-24,23.372131147540983,61
1987-11-25,23.291967213114752,61
1987-11-26,23.378688524590164,61
1987-11-27,23.26049180327869,61
1987-11-28,23.311639344262296,61
1987-11-29,23.31622950819672,61
1987-11-30,23.22393442622951,61
1987-12-01,23.19950819672131,61
1987-12-02,23.298852459016395,61
1987-12-03,23.83459016393443,61
1987-12-04,23.732786885245904,61
1987-12-05,23.306065573770493,61
1987-12-06,23.051475409836065,61
1987-12-07,22.93016393442623,61
1987-12-08,23.031311475409836,61
1987-12-09,23.04770491803279,61
1987-12-10,23.389180327868853,61
1987-12-11,23.798688524590165,61
1987-12-12,23.421311475409837,61
1987-12-13,23.504918032786886,61
1987-12-14,23.686721311475413,61
1987-12-15,23.782622950819672,61
1987-12-16,24.108032786885243,61
1987-12-17,24.868524590163936,61
1987-12-18,25.04622950819672,61
1987-12-19,25.144590163934424,61
1987-12-20,25.175081967213117,61
1987-12-21,24.716065573770493,61
1987-12-22,24.540819672131146,61
1987-12-23,24.85065573770492,61
1987-12-24,24.93918032786885,61
1987-12-25,24.855573770491805,61
1987-12-26,24.841803278688523,61
1987-12-27,24.4855737704918,61
1987-12-28,24.381639344262293,61
1987-12-29,24.44672131147541,61
1987-12-30,24.429016393442623,61
1987-12-31,24.702786885245903,61
1988-01-01,24.82360655737705,61
1988-01-02,24.91032786885246,61
1988-01-03,25.176885245901637,61
1988-01-04,25.59688524590164,61
1988-01-05,25.805245901639342,61
1988-01-06,25.858524590163935,61
1988-01-07,25.90606557377049,61
1988-01-08,25.569508196721312,61
1988-01-09,25.321639344262294,61
1988-01-10,25.281147540983607,61
1988-01-11,25.070983606557377,61
1988-01-12,24.692131147540984,61
1988-01-13,24.238688524590163,61
1988-01-14,24.08950819672131,61
1988-01-15,24.056065573770493,61
1988-01-16,24.145081967213113,61
1988-01-17,24.42409836065574,61
1988-01-18,25.06360655737705,61
1988-01-19,25.0272131147541,61
1988-01-20,24.860655737704917,61
1988-01-21,24.705901639344262,61
1988-01-22,24.930819672131147,61
1988-01-23,25.181311475409835,61
1988-01-24,25.281639344262295,61
1988-01-25,25.370163934426227,61
1988-01-26,25.55672131147541,61
1988-01-27,26.494590163934426,61
1988-01-28,26.524590163934427,61
1988-01-29,26.521311475409835,61
1988-01-30,26.56737704918033,61
1988-01-31,26.68327868852459,61
1988-02-01,26.858196721311472,61
1988-02-02,26.818196721311477,61
1988-02-03,26.763934426229508,61
1988-02-04,26.801311475409832,61
1988-02-05,28.402295081967214,61
1988-02-06,28.711803278688524,61
1988-02-07,28.956885245901642,61
1988-02-08,28.917213114754098,61
1988-02-09,28.915081967213112,61
1988-02-10,29.135245901639344,61
1988-02-11,29.316885245901638,61
1988-02-12,29.397704918032787,61
1988-02-13,29.393606557377048,61
1988-02-14,29.478196721311477,61
1988-02-15,29.508852459016392,61
1988-02-16,29.49344262295082,61
1988-02-17,29.33639344262295,61
1988-02-18,29.390983606557377,61
1988-02-19,29.613114754098362,61
1988-02-20,29.432622950819674,61
1988-02-21,29.384262295081967,61
1988-02-22,29.331639344262296,61
1988-02-23,28.477377049180326,61
1988-02-24,27.782459016393442,61
1988-02-25,27.701475409836064,61
1988-02-26,27.59229508196721,61
1988-02-27,27.348032786885245,61
1988-02-28,27.381967213114752,61
1988-02-29,27.660983606557377,61
1988-03-01,27.76344262295082,61
1988-03-02,27.7372131147541,61
1988-03-03,27.498688524590165,61
1988-03-04,27.559672131147543,61
1988-03-05,27.762459016393443,61
1988-03-06,27.904262295081967,61
1988-03-07,27.83065573770492,61
1988-03-08,27.96688524590164,61
1988-03-09,27.895573770491804,61
1988-03-10,28.143770491803277,61
1988-03-11,28.25901639344262,61
1988-03-12,27.99098360655738,61
1988-03-13,28.010983606557378,61
1988-03-14,28.015245901639346,61
1988-03-15,28.51295081967213,61
1988-03-16,28.60295081967213,61
1988-03-17,28.71704918032787,61
1988-03-18,29.00934426229508,61
1988-03-19,29.2827868852459,61
1988-03-20,29.498196721311476,61
1988-03-21,29.355901639344264,61
1988-03-22,29.04622950819672,61
1988-03-23,28.670983606557378,61
1988-03-24,28.474262295081967,61
1988-03-25,28.344754098360657,61
1988-03-26,28.488032786885245,61
1988-03-27,28.50950819672131,61
1988-03-28,28.375081967213113,61
1988-03-29,27.901803278688526,61
1988-03-30,27.78311475409836,61
1988-03-31,28.684590163934427,61
1988-04-01,29.230655737704918,61
1988-04-02,29.40967213114754,61
1988-04-03,29.397377049180328,61
1988-04-04,29.41967213114754,61
1988-04-05,29.768524590163935,61
1988-04-06,29.935245901639345,61
1988-04-07,29.940983606557378,61
1988-04-08,29.77327868852459,61
1988-04-09,29.21344262295082,61
1988-04-10,28.564426229508197,61
1988-04-11,28.518688524590164,61
1988-04-12,28.586885245901637,61
1988-04-13,28.789344262295085,61
1988-04-14,29.001639344262294,61
1988-04-15,29.474754098360656,61
1988-04-16,29.70786885245902,61
1988-04-17,29.74409836065574,61
1988-04-18,29.79655737704918,61
1988-04-19,29.79622950819672,61
1988-04-20,29.754918032786886,61
1988-04-21,28.894262295081965,61
1988-04-22,28.409344262295082,61
1988-04-23,28.413114754098363,61
1988-04-24,28.473278688524587,61
1988-04-25,28.5572131147541,61
1988-04-26,28.46704918032787,61
1988-04-27,28.374754098360654,61
1988-04-28,28.075081967213112,61
1988-04-29,28.074918032786883,61
1988-04-30,27.481147540983606,61
1988-05-01,27.272786885245903,61
1988-05-02,27.445409836065576,61
1988-05-03,27.290491803278687,61
1988-05-04,27.158032786885247,61
1988-05-05,27.094918032786886,61
1988-05-06,26.870163934426227,61
1988-05-07,26.55295081967213,61
1988-05-08,26.591967213114753,61
1988-05-09,26.54,61
1988-05-10,26.408852459016394,61
1988-05-11,26.54983606557377,61
1988-05-12,26.710491803278686,61
1988-05-13,26.619999999999997,61
1988-05-14,26.45311475409836,61
1988-05-15,26.421475409836066,61
1988-05-16,27.146229508196722,61
1988-05-17,27.33590163934426,61
1988-05-18,27.387213114754097,61
1988-05-19,27.31360655737705,61
1988-05-20,27.014262295081966,61
1988-05-21,26.99311475409836,61
1988-05-22,27.096065573770495,61
1988-05-23,27.102131147540984,61
1988-05-24,27.034590163934425,61
1988-05-25,26.912786885245904,61
1988-05-26,26.83983606557377,61
1988-05-27,26.845409836065574,61
1988-05-28,27.02967213114754,61
1988-05-29,26.966229508196722,61
1988-05-30,27.157704918032785,61
1988-05-31,27.359016393442623,61
1988-06-01,27.370491803278686,61
1988-06-02,27.29016393442623,61
1988-06-03,27.089180327868853,61
1988-06-04,26.79327868852459,61
1988-06-05,26.51360655737705,61
1988-06-06,26.455409836065574,61
1988-06-07,26.119016393442624,61
1988-06-08,26.29672131147541,61
1988-06-09,26.695901639344264,61
1988-06-10,26.775081967213115,61
1988-06-11,26.70622950819672,61
1988-06-12,26.54672131147541,61
1988-06-13,25.99409836065574,61
1988-06-14,25.91622950819672,61
1988-06-15,25.752950819672133,61
1988-06-16,25.724426229508197,61
1988-06-17,25.909508196721312,61
1988-06-18,26.021639344262294,61
1988-06-19,26.05,61
1988-06-20,25.943770491803278,61
1988-06-21,25.968524590163934,61
1988-06-22,25.969508196721314,61
1988-06-23,25.94983606557377,61
1988-06-24,25.839016393442623,61
1988-06-25,25.671803278688525,61
1988-06-26,25.291967213114752,61
1988-06-27,25.581475409836067,61
1988-06-28,25.67459016393443,61
1988-06-29,25.69344262295082,61
1988-06-30,25.63983606557377,61
1988-07-01,25.19737704918033,61
1988-07-02,25.219344262295085,61
1988-07-03,25.26311475409836,61
1988-07-04,25.078524590163934,61
1988-07-05,25.014262295081966,61
1988-07-06,25.114918032786886,61
1988-07-07,25.178360655737706,61
1988-07-08,25.20688524590164,61
1988-07-09,25.138852459016395,61
1988-07-10,25.100327868852457,61
1988-07-11,24.955081967213115,61
1988-07-12,24.84360655737705,61
1988-07-13,24.799508196721312,61
1988-07-14,24.866885245901642,61
1988-07-15,24.88655737704918,61
1988-07-16,24.901475409836067,61
1988-07-17,24.904426229508196,61
1988-07-18,24.84950819672131,61
1988-07-19,24.354098360655737,61
1988-07-20,24.27655737704918,61
1988-07-21,24.158196721311477,61
1988-07-22,24.25688524590164,61
1988-07-23,24.23540983606557,61
1988-07-24,24.257377049180327,61
1988-07-25,24.211475409836066,61
1988-07-26,24.21639344262295,61
1988-07-27,24.195081967213117,61
1988-07-28,24.02344262295082,61
1988-07-29,24.166229508196718,61
1988-07-30,24.30065573770492,61
1988-07-31,24.255409836065574,61
1988-08-01,24.305081967213113,61
1988-08-02,24.624262295081966,61
1988-08-03,24.827540983606557,61
1988-08-04,24.88344262295082,61
1988-08-05,24.87655737704918,61
1988-08-06,24.30032786885246,61
1988-08-07,24.138524590163936,61
1988-08-08,24.134098360655738,61
1988-08-09,24.179016393442623,61
1988-08-10,24.470000000000002,61
1988-08-11,24.557704918032787,61
1988-08-12,24.620491803278686,61
1988-08-13,24.54639344262295,61
1988-08-14,24.43737704918033,61
1988-08-15,24.327213114754098,61
1988-08-16,24.403606557377046,61
1988-08-17,24.3583606557377,61
1988-08-18,24.146229508196722,61
1988-08-19,23.922131147540984,61
1988-08-20,23.98967213114754,61
1988-08-21,24.177868852459014,61
1988-08-22,24.24950819672131,61
1988-08-23,24.238852459016393,61
1988-08-24,24.052459016393442,61
1988-08-25,24.252622950819674,61
1988-08-26,24.232459016393445,61
1988-08-27,24.18901639344262,61
1988-08-28,24.129672131147544,61
1988-08-29,23.925409836065576,61
1988-08-30,23.965081967213113,61
1988-08-31,24.075081967213112,61
1988-09-01,24.077704918032786,61
1988-09-02,23.645081967213113,61
1988-09-03,23.761967213114755,61
1988-09-04,23.731803278688524,61
1988-09-05,23.675737704918035,61
1988-09-06,23.54262295081967,61
1988-09-07,23.60688524590164,61
1988-09-08,23.693770491803278,61
1988-09-09,23.83475409836066,61
1988-09-10,23.897540983606557,61
1988-09-11,23.734590163934424,61
1988-09-12,23.845901639344262,61
1988-09-13,23.811639344262296,61
1988-09-14,23.521147540983605,61
1988-09-15,23.273114754098362,61
1988-09-16,23.335573770491802,61
1988-09-17,23.708688524590166,61
1988-09-18,24.176065573770494,61
1988-09-19,24.35049180327869,61
1988-09-20,24.332459016393443,61
1988-09-21,24.18704918032787,61
1988-09-22,23.997540983606555,61
1988-09-23,23.819180327868853,61
1988-09-24,23.598360655737704,61
1988-09-25,23.357704918032788,61
1988-09-26,23.467377049180328,61
1988-09-27,23.769180327868852,61
1988-09-28,23.9244262295082,61
1988-09-29,23.971311475409838,61
1988-09-30,23.828196721311475,61
1988-10-01,23.832786885245902,61
1988-10-02,23.864426229508197,61
1988-10-03,23.63262295081967,61
1988-10-04,23.659508196721312,61
1988-10-05,23.685573770491803,61
1988-10-06,23.805409836065575,61
1988-10-07,23.842459016393445,61
1988-10-08,23.779999999999998,61
1988-10-09,24.267049180327867,61
1988-10-10,24.191967213114754,61
1988-10-11,23.941311475409837,61
1988-10-12,23.88229508196721,61
1988-10-13,23.824426229508195,61
1988-10-14,23.85983606557377,61
1988-10-15,23.657049180327867,61
1988-10-16,23.598032786885245,61
1988-10-17,23.58327868852459,61
1988-10-18,24.095245901639345,61
1988-10-19,24.185901639344262,61
1988-10-20,23.968196721311475,61
1988-10-21,23.591311475409835,61
1988-10-22,23.816885245901638,61
1988-10-23,24.531475409836066,61
1988-10-24,25.031147540983607,61
1988-10-25,25.131311475409834,61
1988-10-26,25.118524590163936,61
1988-10-27,24.89540983606557,61
1988-10-28,24.46262295081967,61
1988-10-29,24.482295081967216,61
1988-10-30,24.605081967213117,61
1988-10-31,24.265573770491805,61
1988-11-01,24.068032786885247,61
1988-11-02,24.191803278688525,61
1988-11-03,24.210491803278686,61
1988-11-04,24.17032786885246,61
1988-11-05,24.04245901639344,61
1988-11-06,23.778688524590162,61
1988-11-07,23.767049180327867,61
1988-11-08,24.000983606557377,61
1988-11-09,24.312295081967214,61
1988-11-10,24.36377049180328,61
1988-11-11,23.898360655737704,61
1988-11-12,23.45262295081967,61
1988-11-13,23.471803278688522,61
1988-11-14,23.872459016393442,61
1988-11-15,24.178360655737702,61
1988-11-16,24.22049180327869,61
1988-11-17,24.289836065573773,61
1988-11-18,24.370983606557377,61
1988-11-19,24.380983606557376,61
1988-11-20,24.611475409836064,61
1988-11-21,24.74950819672131,61
1988-11-22,24.517213114754096,61
1988-11-23,24.435081967213115,61
1988-11-24,24.52639344262295,61
1988-11-25,24.642459016393442,61
1988-11-26,24.652459016393443,61
1988-11-27,24.868196721311477,61
1988-11-28,24.970163934426232,61
1988-11-29,24.868524590163936,61
1988-11-30,24.661803278688524,61
1988-12-01,24.64540983606557,61
1988-12-02,24.812131147540985,61
1988-12-03,24.90573770491803,61
1988-12-04,24.878032786885246,61
1988-12-05,24.880000000000003,61
1988-12-06,24.912131147540986,61
1988-12-07,25.52377049180328,61
1988-12-08,25.399508196721314,61
1988-12-09,25.001639344262294,61
1988-12-10,24.95655737704918,61
1988-12-11,25.283934426229507,61
1988-12-12,25.534262295081966,61
1988-12-13,25.822131147540986,61
1988-12-14,25.911475409836065,61
1988-12-15,25.8627868852459,61
1988-12-16,25.877704918032787,61
1988-12-17,25.60950819672131,61
1988-12-18,25.32049180327869,61
1988-12-19,25.49049180327869,61
1988-12-20,25.70016393442623,61
1988-12-21,25.712131147540983,61
1988-12-22,25.730819672131148,61
1988-12-23,25.60032786885246,61
1988-12-24,25.168032786885245,61
1988-12-25,25.024262295081968,61
1988-12-26,25.12311475409836,61
1988-12-27,25.16655737704918,61
1988-12-28,25.30704918032787,61
1988-12-29,25.28704918032787,61
1988-12-30,25.092786885245904,61
1988-12-31,24.927704918032784,61
1989-01-01,24.97295081967213,61
1989-01-02,25.262622950819672,61
1989-01-03,25.751803278688524,61
1989-01-04,26.02934426229508,61
1989-01-05,26.10868852459016,61
1989-01-06,25.960491803278686,61
1989-01-07,25.92967213114754,61
1989-01-08,26.049344262295083,61
1989-01-09,26.370655737704915,61
1989-01-10,26.514754098360658,61
1989-01-11,26.25967213114754,61
1989-01-12,25.983442622950818,61
1989-01-13,26.71311475409836,61
1989-01-14,26.828688524590163,61
1989-01-15,26.649672131147543,61
1989-01-16,26.507377049180327,61
1989-01-17,26.534590163934425,61
1989-01-18,26.659344262295082,61
1989-01-19,26.82016393442623,61
1989-01-20,27.078852459016392,61
1989-01-21,27.13672131147541,61
1989-01-22,27.497540983606555,61
1989-01-23,27.959016393442624,61
1989-01-24,27.99049180327869,61
1989-01-25,27.927049180327867,61
1989-01-26,27.55344262295082,61
1989-01-27,27.69672131147541,61
1989-01-28,27.997540983606555,61
1989-01-29,28.02327868852459,61
1989-01-30,27.958524590163936,61
1989-01-31,27.92967213114754,61
1989-02-01,27.73639344262295,61
1989-02-02,28.017704918032784,61
1989-02-03,28.11229508196721,61
1989-02-04,28.120163934426227,61
1989-02-05,28.357540983606558,61
1989-02-06,28.427704918032784,61
1989-02-07,28.500819672131147,61
1989-02-08,28.735901639344263,61
1989-02-09,28.638688524590165,61
1989-02-10,28.572786885245904,61
1989-02-11,28.356065573770493,61
1989-02-12,29.097377049180327,61
1989-02-13,29.26295081967213,61
1989-02-14,28.91688524590164,61
1989-02-15,28.86704918032787,61
1989-02-16,28.697868852459017,61
1989-02-17,28.433114754098362,61
1989-02-18,28.375737704918034,61
1989-02-19,28.523114754098362,61
1989-02-20,28.80672131147541,61
1989-02-21,29.261803278688525,61
1989-02-22,29.28655737704918,61
1989-02-23,28.903278688524587,61
1989-02-24,28.75934426229508,61
1989-02-25,28.065081967213114,61
1989-02-26,28.25573770491803,61
1989-02-27,28.60311475409836,61
1989-02-28,28.414426229508198,61
1989-03-01,28.20311475409836,61
1989-03-02,28.24016393442623,61
1989-03-03,28.865409836065574,61
1989-03-04,29.205573770491803,61
1989-03-05,29.27918032786885,61
1989-03-06,29.184754098360656,61
1989-03-07,28.227540983606556,61
1989-03-08,28.27770491803279,61
1989-03-09,28.5127868852459,61
1989-03-10,28.776721311475413,61
1989-03-11,28.748196721311476,61
1989-03-12,28.324918032786883,61
1989-03-13,27.9727868852459,61
1989-03-14,28.19672131147541,61
1989-03-15,28.31639344262295,61
1989-03-16,28.364918032786886,61
1989-03-17,28.391311475409836,61
1989-03-18,28.51983606557377,61
1989-03-19,28.74032786885246,61
1989-03-20,28.701311475409835,61
1989-03-21,28.591311475409835,61
1989-03-22,28.615081967213115,61
1989-03-23,28.874426229508195,61
1989-03-24,28.998196721311476,61
1989-03-25,28.851639344262296,61
1989-03-26,28.682786885245903,61
1989-03-27,28.857540983606558,61
1989-03-28,28.88032786885246,61
1989-03-29,28.846065573770492,61
1989-03-30,28.81049180327869,61
1989-03-31,28.718688524590164,61
1989-04-01,28.767213114754096,61
1989-04-02,28.856065573770493,61
1989-04-03,28.891311475409836,61
1989-04-04,28.89016393442623,61
1989-04-05,28.748360655737706,61
1989-04-06,28.55672131147541,61
1989-04-07,28.54311475409836,61
1989-04-08,28.7555737704918,61
1989-04-09,28.775737704918033,61
1989-04-10,28.870163934426227,61
1989-04-11,29.15590163934426,61
1989-04-12,29.338688524590165,61
1989-04-13,29.35950819672131,61
1989-04-14,29.153934426229508,61
1989-04-15,29.002131147540986,61
1989-04-16,29.618688524590166,61
1989-04-17,29.686721311475413,61
1989-04-18,29.512622950819672,61
1989-04-19,29.161475409836065,61
1989-04-20,28.901967213114755,61
1989-04-21,29.081967213114755,61
1989-04-22,29.18622950819672,61
1989-04-23,29.10081967213115,61
1989-04-24,29.015901639344264,61
1989-04-25,28.483770491803277,61
1989-04-26,28.24327868852459,61
1989-04-27,27.96704918032787,61
1989-04-28,27.88049180327869,61
1989-04-29,27.80704918032787,61
1989-04-30,27.757704918032786,61
1989-05-01,27.519344262295082,61
1989-05-02,27.45311475409836,61
1989-05-03,27.412131147540986,61
1989-05-04,27.354426229508196,61
1989-05-05,27.381475409836064,61
1989-05-06,27.27901639344262,61
1989-05-07,27.197704918032787,61
1989-05-08,27.157540983606555,61
1989-05-09,27.162295081967216,61
1989-05-10,27.18606557377049,61
1989-05-11,27.3344262295082,61
1989-05-12,27.443770491803278,61
1989-05-13,27.182622950819674,61
1989-05-14,27.27901639344262,61
1989-05-15,26.851311475409837,61
1989-05-16,26.762622950819672,61
1989-05-17,26.653278688524587,61
1989-05-18,26.770983606557376,61
1989-05-19,26.79327868852459,61
1989-05-20,26.98032786885246,61
1989-05-21,27.034262295081966,61
1989-05-22,27.077868852459016,61
1989-05-23,27.034262295081966,61
1989-05-24,26.67967213114754,61
1989-05-25,26.271967213114753,61
1989-05-26,26.175573770491805,61
1989-05-27,26.130000000000003,61
1989-05-28,26.164590163934427,61
1989-05-29,26.078032786885245,61
1989-05-30,26.091967213114753,61
1989-05-31,26.033770491803278,61
1989-06-01,26.018852459016394,61
1989-06-02,26.017213114754096,61
1989-06-03,25.55,61
1989-06-04,25.599999999999998,61
1989-06-05,25.799180327868854,61
1989-06-06,25.791803278688523,61
1989-06-07,25.441311475409837,61
1989-06-08,25.242295081967214,61
1989-06-09,25.101147540983607,61
1989-06-10,25.104426229508196,61
1989-06-11,25.106065573770493,61
1989-06-12,24.99016393442623,61
1989-06-13,25.42327868852459,61
1989-06-14,25.478524590163936,61
1989-06-15,25.261475409836066,61
1989-06-16,25.251967213114753,61
1989-06-17,25.011311475409837,61
1989-06-18,24.787540983606558,61
1989-06-19,24.75032786885246,61
1989-06-20,24.76983606557377,61
1989-06-21,24.72377049180328,61
1989-06-22,24.641147540983606,61
1989-06-23,24.755245901639345,61
1989-06-24,24.774918032786886,61
1989-06-25,24.757540983606557,61
1989-06-26,24.711475409836066,61
1989-06-27,24.738196721311475,61
1989-06-28,24.70360655737705,61
1989-06-29,24.55639344262295,61
1989-06-30,24.43983606557377,61
1989-07-01,24.303606557377048,61
1989-07-02,24.75606557377049,61
1989-07-03,24.89639344262295,61
1989-07-04,24.85737704918033,61
1989-07-05,24.490000000000002,61
1989-07-06,24.27885245901639,61
1989-07-07,24.3772131147541,61
1989-07-08,24.492131147540984,61
1989-07-09,24.237377049180328,61
1989-07-10,24.121311475409836,61
1989-07-11,24.005245901639345,61
1989-07-12,23.55704918032787,61
1989-07-13,23.61688524590164,61
1989-07-14,23.98934426229508,61
1989-07-15,24.06393442622951,61
1989-07-16,24.128688524590164,61
1989-07-17,24.104918032786887,61
1989-07-18,24.015737704918035,61
1989-07-19,23.969180327868855,61
1989-07-20,23.90295081967213,61
1989-07-21,23.86229508196721,61
1989-07-22,24.25704918032787,61
1989-07-23,24.272786885245903,61
1989-07-24,24.21639344262295,61
1989-07-25,24.268360655737702,61
1989-07-26,24.397704918032787,61
1989-07-27,24.33327868852459,61
1989-07-28,24.124918032786887,61
1989-07-29,24.045573770491803,61
1989-07-30,23.975081967213114,61
1989-07-31,24.07655737704918,61
1989-08-01,24.158196721311477,61
1989-08-02,24.120819672131145,61
1989-08-03,24.015081967213117,61
1989-08-04,23.879836065573773,61
1989-08-05,23.817049180327867,61
1989-08-06,23.677704918032784,61
1989-08-07,23.301803278688524,61
1989-08-08,22.99377049180328,61
1989-08-09,22.98655737704918,61
1989-08-10,23.175245901639347,61
1989-08-11,23.252459016393445,61
1989-08-12,23.44344262295082,61
1989-08-13,23.366721311475413,61
1989-08-14,23.290655737704917,61
1989-08-15,23.51065573770492,61
1989-08-16,23.605737704918035,61
1989-08-17,23.48311475409836,61
1989-08-18,23.374590163934425,61
1989-08-19,23.210163934426227,61
1989-08-20,23.098196721311474,61
1989-08-21,23.044918032786885,61
1989-08-22,22.97672131147541,61
1989-08-23,23.06967213114754,61
1989-08-24,23.18967213114754,61
1989-08-25,23.351475409836066,61
1989-08-26,23.448524590163935,61
1989-08-27,23.47393442622951,61
1989-08-28,23.443934426229507,61
1989-08-29,23.392459016393442,61
1989-08-30,23.361803278688523,61
1989-08-31,23.36245901639344,61
1989-09-01,23.131639344262293,61
1989-09-02,22.95360655737705,61
1989-09-03,23.348688524590163,61
1989-09-04,23.780983606557378,61
1989-09-05,23.833934426229508,61
1989-09-06,23.7927868852459,61
1989-09-07,23.57524590163934,61
1989-09-08,23.120983606557377,61
1989-09-09,22.98672131147541,61
1989-09-10,22.839016393442623,61
1989-09-11,23.115245901639344,61
1989-09-12,23.36377049180328,61
1989-09-13,23.441147540983607,61
1989-09-14,23.39032786885246,61
1989-09-15,23.409016393442624,61
1989-09-16,23.45327868852459,61
1989-09-17,23.441475409836066,61
1989-09-18,23.235737704918034,61
1989-09-19,23.125245901639346,61
1989-09-20,23.003278688524592,61
1989-09-21,23.044918032786885,61
1989-09-22,23.098196721311474,61
1989-09-23,23.15967213114754,61
1989-09-24,23.17459016393443,61
1989-09-25,23.19360655737705,61
1989-09-26,23.238524590163934,61
1989-09-27,23.081803278688525,61
1989-09-28,23.463934426229507,61
1989-09-29,23.485081967213112,61
1989-09-30,23.448032786885246,61
1989-10-01,23.328196721311475,61
1989-10-02,22.954590163934427,61
1989-10-03,22.98704918032787,61
1989-10-04,22.832459016393443,61
1989-10-05,22.7172131147541,61
1989-10-06,22.748852459016394,61
1989-10-07,22.625901639344264,61
1989-10-08,22.66,61
1989-10-09,22.75672131147541,61
1989-10-10,23.102622950819672,61
1989-10-11,23.088524590163935,61
1989-10-12,22.98327868852459,61
1989-10-13,22.951639344262293,61
1989-10-14,22.948196721311476,61
1989-10-15,22.85344262295082,61
1989-10-16,23.02377049180328,61
1989-10-17,23.30688524590164,61
1989-10-18,23.536393442622952,61
1989-10-19,23.80672131147541,61
1989-10-20,23.75622950819672,61
1989-10-21,23.614426229508197,61
1989-10-22,23.50950819672131,61
1989-10-23,23.550983606557374,61
1989-10-24,23.521639344262294,61
1989-10-25,23.52901639344262,61
1989-10-26,23.582622950819673,61
1989-10-27,23.544590163934426,61
1989-10-28,23.399016393442622,61
1989-10-29,23.303606557377048,61
1989-10-30,23.15098360655738,61
1989-10-31,23.190983606557378,61
1989-11-01,23.182786885245903,61
1989-11-02,23.41918032786885,61
1989-11-03,23.271639344262294,61
1989-11-04,23.287540983606558,61
1989-11-05,24.654590163934426,61
1989-11-06,24.75967213114754,61
1989-11-07,24.57573770491803,61
1989-11-08,24.432622950819674,61
1989-11-09,24.399672131147543,61
1989-11-10,24.29770491803279,61
1989-11-11,24.372459016393442,61
1989-11-12,24.386885245901638,61
1989-11-13,24.17081967213115,61
1989-11-14,24.267868852459014,61
1989-11-15,24.051475409836065,61
1989-11-16,24.04590163934426,61
1989-11-17,24.700819672131146,61
1989-11-18,24.958032786885248,61
1989-11-19,25.077213114754098,61
1989-11-20,25.210819672131144,61
1989-11-21,25.219836065573773,61
1989-11-22,25.19868852459016,61
1989-11-23,24.9727868852459,61
1989-11-24,25.06606557377049,61
1989-11-25,24.977868852459018,61
1989-11-26,24.86377049180328,61
1989-11-27,24.684590163934427,61
1989-11-28,24.64065573770492,61
1989-11-29,24.363114754098362,61
1989-11-30,24.114918032786886,61
1989-12-01,24.13049180327869,61
1989-12-02,24.25901639344262,61
1989-12-03,23.74409836065574,61
1989-12-04,23.695737704918034,61
1989-12-05,23.58032786885246,61
1989-12-06,23.61032786885246,61
1989-12-07,23.61704918032787,61
1989-12-08,23.45344262295082,61
1989-12-09,23.508524590163933,61
1989-12-10,23.503114754098362,61
1989-12-11,23.695081967213117,61
1989-12-12,23.768688524590164,61
1989-12-13,23.858852459016394,61
1989-12-14,23.968688524590164,61
1989-12-15,24.02737704918033,61
1989-12-16,23.82377049180328,61
1989-12-17,23.700983606557376,61
1989-12-18,23.799508196721312,61
1989-12-19,24.105737704918035,61
1989-12-20,24.384754098360656,61
1989-12-21,24.33606557377049,61
1989-12-22,24.192459016393443,61
1989-12-23,24.314262295081967,61
1989-12-24,24.284426229508195,61
1989-12-25,24.369836065573768,61
1989-12-26,24.615081967213115,61
1989-12-27,24.654754098360655,61
1989-12-28,24.65622950819672,61
1989-12-29,24.692295081967213,61
1989-12-30,24.74393442622951,61
1989-12-31,25.04245901639344,61
1990-01-01,24.851639344262296,61
1990-01-02,24.70655737704918,61
1990-01-03,24.52885245901639,61
1990-01-04,24.43016393442623,61
1990-01-05,24.38590163934426,61
1990-01-06,24.22114754098361,61
1990-01-07,24.078032786885245,61
1990-01-08,24.20377049180328,61
1990-01-09,24.290655737704917,61
1990-01-10,24.15573770491803,61
1990-01-11,24.19459016393443,61
1990-01-12,24.20622950819672,61
1990-01-13,24.315737704918032,61
1990-01-14,24.31344262295082,61
1990-01-15,24.60688524590164,61
1990-01-16,24.959180327868854,61
1990-01-17,25.147868852459016,61
1990-01-18,25.568032786885247,61
1990-01-19,26.40016393442623,61
1990-01-20,26.91344262295082,61
1990-01-21,26.90983606557377,61
1990-01-22,26.941147540983607,61
1990-01-23,27.10360655737705,61
1990-01-24,27.11377049180328,61
1990-01-25,27.08950819672131,61
1990-01-26,27.198852459016397,61
1990-01-27,27.267213114754096,61
1990-01-28,26.2772131147541,61
1990-01-29,26.055409836065575,61
1990-01-30,26.32524590163934,61
1990-01-31,26.958196721311477,61
1990-02-01,27.16639344262295,61
1990-02-02,27.48688524590164,61
1990-02-03,27.77934426229508,61
1990-02-04,27.875901639344264,61
1990-02-05,27.92967213114754,61
1990-02-06,27.955245901639344,61
1990-02-07,27.65098360655738,61
1990-02-08,27.368524590163936,61
1990-02-09,27.36967213114754,61
1990-02-10,27.356065573770493,61
1990-02-11,27.43901639344262,61
1990-02-12,27.398360655737704,61
1990-02-13,27.45786885245902,61
1990-02-14,27.488524590163934,61
1990-02-15,27.508688524590163,61
1990-02-16,26.844426229508198,61
1990-02-17,26.805901639344263,61
1990-02-18,26.86245901639344,61
1990-02-19,27.282459016393442,61
1990-02-20,27.34409836065574,61
1990-02-21,27.28360655737705,61
1990-02-22,27.634426229508197,61
1990-02-23,27.75,61
1990-02-24,27.844590163934427,61
1990-02-25,28.385573770491803,61
1990-02-26,28.48311475409836,61
1990-02-27,28.730983606557377,61
1990-02-28,28.891967213114757,61
1990-03-01,28.71688524590164,61
1990-03-02,28.41655737704918,61
1990-03-03,28.071475409836065,61
1990-03-04,28.236229508196722,61
1990-03-05,28.39344262295082,61
1990-03-06,28.435245901639345,61
1990-03-07,28.252131147540986,61
1990-03-08,27.568196721311477,61
1990-03-09,27.479016393442624,61
1990-03-10,27.396229508196722,61
1990-03-11,26.985737704918034,61
1990-03-12,26.83426229508197,61
1990-03-13,27.42967213114754,61
1990-03-14,27.70360655737705,61
1990-03-15,27.635573770491803,61
1990-03-16,27.86393442622951,61
1990-03-17,27.911311475409835,61
1990-03-18,28.473278688524587,61
1990-03-19,28.571475409836065,61
1990-03-20,28.008852459016392,61
1990-03-21,27.913278688524592,61
1990-03-22,27.458852459016395,61
1990-03-23,27.275573770491803,61
1990-03-24,27.435245901639345,61
1990-03-25,27.265737704918035,61
1990-03-26,26.639344262295083,61
1990-03-27,26.665081967213112,61
1990-03-28,26.94737704918033,61
1990-03-29,27.02786885245902,61
1990-03-30,26.8572131147541,61
1990-03-31,27.054918032786887,61
1990-04-01,27.162459016393445,61
1990-04-02,27.20622950819672,61
1990-04-03,26.892131147540987,61
1990-04-04,26.53360655737705,61
1990-04-05,26.48918032786885,61
1990-04-06,26.51459016393443,61
1990-04-07,26.884590163934426,61
1990-04-08,27.52344262295082,61
1990-04-09,27.8127868852459,61
1990-04-10,28.022622950819674,61
1990-04-11,28.109180327868852,61
1990-04-12,28.195081967213117,61
1990-04-13,27.641311475409836,61
1990-04-14,27.34918032786885,61
1990-04-15,27.08377049180328,61
1990-04-16,27.1227868852459,61
1990-04-17,27.384590163934426,61
1990-04-18,27.549672131147542,61
1990-04-19,27.69672131147541,61
1990-04-20,27.767377049180325,61
1990-04-21,27.748360655737706,61
1990-04-22,27.124426229508195,61
1990-04-23,27.08311475409836,61
1990-04-24,27.089016393442623,61
1990-04-25,27.06327868852459,61
1990-04-26,26.868196721311477,61
1990-04-27,26.758032786885245,61
1990-04-28,26.83098360655738,61
1990-04-29,26.86655737704918,61
1990-04-30,26.794590163934426,61
1990-05-01,27.658524590163935,61
1990-05-02,27.681639344262294,61
1990-05-03,27.53327868852459,61
1990-05-04,27.194426229508196,61
1990-05-05,27.25016393442623,61
1990-05-06,27.216065573770493,61
1990-05-07,27.18344262295082,61
1990-05-08,27.195409836065576,61
1990-05-09,26.969836065573773,61
1990-05-10,27.115737704918033,61
1990-05-11,27.101311475409837,61
1990-05-12,26.922131147540984,61
1990-05-13,26.738196721311475,61
1990-05-14,26.468032786885246,61
1990-05-15,26.336721311475408,61
1990-05-16,26.27918032786885,61
1990-05-17,26.250819672131147,61
1990-05-18,26.22245901639344,61
1990-05-19,26.009999999999998,61
1990-05-20,26.028360655737707,61
1990-05-21,26.07704918032787,61
1990-05-22,25.93032786885246,61
1990-05-23,25.785409836065575,61
1990-05-24,25.780163934426227,61
1990-05-25,25.857704918032788,61
1990-05-26,25.89704918032787,61
1990-05-27,25.99622950819672,61
1990-05-28,25.895573770491804,61
1990-05-29,25.43967213114754,61
1990-05-30,25.42032786885246,61
1990-05-31,25.424098360655737,61
1990-06-01,25.643606557377048,61
1990-06-02,25.65639344262295,61
1990-06-03,25.687868852459015,61
1990-06-04,25.94868852459016,61
1990-06-05,26.015409836065576,61
1990-06-06,25.947540983606558,61
1990-06-07,25.82377049180328,61
1990-06-08,25.47590163934426,61
1990-06-09,25.00704918032787,61
1990-06-10,25.108852459016394,61
1990-06-11,24.91606557377049,61
1990-06-12,24.829016393442622,61
1990-06-13,24.584918032786888,61
1990-06-14,24.548852459016395,61
1990-06-15,24.47393442622951,61
1990-06-16,24.391475409836065,61
1990-06-17,24.265573770491805,61
1990-06-18,24.105245901639346,61
1990-06-19,24.063606557377046,61
1990-06-20,24.135573770491803,61
1990-06-21,24.254426229508198,61
1990-06-22,24.393606557377048,61
1990-06-23,24.442295081967213,61
1990-06-24,24.41688524590164,61
1990-06-25,24.33344262295082,61
1990-06-26,24.29393442622951,61
1990-06-27,24.266229508196723,61
1990-06-28,24.59934426229508,61
1990-06-29,24.5055737704918,61
1990-06-30,24.422131147540984,61
1990-07-01,24.33967213114754,61
1990-07-02,24.321311475409836,61
1990-07-03,24.217540983606558,61
1990-07-04,24.101639344262296,61
1990-07-05,23.649508196721314,61
1990-07-06,23.41393442622951,61
1990-07-07,23.208360655737707,61
1990-07-08,23.23967213114754,61
1990-07-09,23.24950819672131,61
1990-07-10,23.30672131147541,61
1990-07-11,23.268852459016394,61
1990-07-12,23.144754098360654,61
1990-07-13,23.044918032786885,61
1990-07-14,23.08606557377049,61
1990-07-15,23.1072131147541,61
1990-07-16,23.27606557377049,61
1990-07-17,23.07,61
1990-07-18,23.064918032786885,61
1990-07-19,23.104918032786887,61
1990-07-20,23.183114754098362,61
1990-07-21,23.247213114754096,61
1990-07-22,23.23655737704918,61
1990-07-23,22.845901639344262,61
1990-07-24,22.845901639344262,61
1990-07-25,22.845573770491804,61
1990-07-26,22.723114754098358,61
1990-07-27,22.692131147540984,61
1990-07-28,22.691147540983607,61
1990-07-29,22.61967213114754,61
1990-07-30,22.566885245901638,61
1990-07-31,22.57049180327869,61
1990-08-01,22.501147540983606,61
1990-08-02,22.51344262295082,61
1990-08-03,22.474262295081967,61
1990-08-04,22.44327868852459,61
1990-08-05,22.261803278688525,61
1990-08-06,22.030163934426227,61
1990-08-07,21.98655737704918,61
1990-08-08,21.97983606557377,61
1990-08-09,22.17983606557377,61
1990-08-10,22.409016393442624,61
1990-08-11,22.411803278688524,61
1990-08-12,22.32655737704918,61
1990-08-13,22.229344262295083,61
1990-08-14,22.183114754098362,61
1990-08-15,22.265573770491805,61
1990-08-16,22.545245901639344,61
1990-08-17,22.58606557377049,61
1990-08-18,22.718852459016393,61
1990-08-19,22.286393442622952,61
1990-08-20,22.26049180327869,61
1990-08-21,22.17049180327869,61
1990-08-22,22.160819672131147,61
1990-08-23,22.104426229508196,61
1990-08-24,21.954590163934427,61
1990-08-25,21.85327868852459,61
1990-08-26,21.842131147540982,61
1990-08-27,21.69967213114754,61
1990-08-28,22.291147540983605,61
1990-08-29,22.48950819672131,61
1990-08-30,22.54393442622951,61
1990-08-31,22.39032786885246,61
1990-09-01,22.40049180327869,61
1990-09-02,22.50377049180328,61
1990-09-03,22.856393442622952,61
1990-09-04,23.022622950819674,61
1990-09-05,23.029836065573768,61
1990-09-06,23.20213114754098,61
1990-09-07,23.31032786885246,61
1990-09-08,23.21672131147541,61
1990-09-09,22.903770491803275,61
1990-09-10,22.387868852459018,61
1990-09-11,22.208852459016395,61
1990-09-12,22.46327868852459,61
1990-09-13,22.5272131147541,61
1990-09-14,22.47754098360656,61
1990-09-15,22.38295081967213,61
1990-09-16,22.80049180327869,61
1990-09-17,22.862131147540982,61
1990-09-18,22.925409836065576,61
1990-09-19,22.81606557377049,61
1990-09-20,22.790983606557376,61
1990-09-21,22.84327868852459,61
1990-09-22,22.89704918032787,61
1990-09-23,22.907049180327867,61
1990-09-24,22.91622950819672,61
1990-09-25,22.730983606557377,61
1990-09-26,22.876229508196722,61
1990-09-27,23.44327868852459,61
1990-09-28,24.00688524590164,61
1990-09-29,23.97770491803279,61
1990-09-30,23.549180327868854,61
1990-10-01,23.387049180327868,61
1990-10-02,23.358688524590164,61
1990-10-03,23.33311475409836,61
1990-10-04,23.14295081967213,61
1990-10-05,22.97606557377049,61
1990-10-06,22.77032786885246,61
1990-10-07,22.870819672131145,61
1990-10-08,22.82967213114754,61
1990-10-09,22.799672131147542,61
1990-10-10,22.741147540983608,61
1990-10-11,22.697704918032787,61
1990-10-12,22.69360655737705,61
1990-10-13,22.538688524590164,61
1990-10-14,22.500983606557377,61
1990-10-15,22.444262295081966,61
1990-10-16,22.565245901639344,61
1990-10-17,22.713934426229507,61
1990-10-18,22.731967213114757,61
1990-10-19,22.88754098360656,61
1990-10-20,23.104918032786887,61
1990-10-21,23.195901639344264,61
1990-10-22,23.3,61
1990-10-23,23.3027868852459,61
1990-10-24,23.353770491803278,61
1990-10-25,23.40065573770492,61
1990-10-26,23.469180327868855,61
1990-10-27,23.471967213114752,61
1990-10-28,23.195081967213117,61
1990-10-29,23.017540983606555,61
1990-10-30,23.07524590163934,61
1990-10-31,22.648524590163934,61
1990-11-01,22.535245901639346,61
1990-11-02,22.320983606557377,61
1990-11-03,22.286393442622952,61
1990-11-04,22.412622950819674,61
1990-11-05,22.507213114754098,61
1990-11-06,22.601803278688525,61
1990-11-07,22.653606557377053,61
1990-11-08,22.719672131147544,61
1990-11-09,23.95262295081967,61
1990-11-10,24.035737704918034,61
1990-11-11,24.714426229508195,61
1990-11-12,24.10704918032787,61
1990-11-13,23.587213114754096,61
1990-11-14,23.30131147540984,61
1990-11-15,23.232786885245904,61
1990-11-16,23.144590163934424,61
1990-11-17,23.215901639344263,61
1990-11-18,23.725081967213114,61
1990-11-19,23.69360655737705,61
1990-11-20,23.647868852459016,61
1990-11-21,23.332786885245902,61
1990-11-22,23.05688524590164,61
1990-11-23,22.941311475409837,61
1990-11-24,22.991311475409837,61
1990-11-25,23.03672131147541,61
1990-11-26,23.124426229508195,61
1990-11-27,23.83098360655738,61
1990-11-28,23.75016393442623,61
1990-11-29,23.44311475409836,61
1990-11-30,23.38622950819672,61
1990-12-01,23.124754098360658,61
1990-12-02,22.918360655737704,61
1990-12-03,22.792950819672132,61
1990-12-04,22.82016393442623,61
1990-12-05,22.891311475409836,61
1990-12-06,23.77016393442623,61
1990-12-07,23.922295081967214,61
1990-12-08,24.242131147540984,61
1990-12-09,24.51967213114754,61
1990-12-10,24.588032786885247,61
1990-12-11,24.34016393442623,61
1990-12-12,24.428852459016394,61
1990-12-13,24.48967213114754,61
1990-12-14,24.59934426229508,61
1990-12-15,24.85065573770492,61
1990-12-16,24.85311475409836,61
1990-12-17,24.805245901639342,61
1990-12-18,24.603934426229507,61
1990-12-19,24.66049180327869,61
1990-12-20,24.514098360655737,61
1990-12-21,24.403934426229508,61
1990-12-22,24.40098360655738,61
1990-12-23,24.41983606557377,61
1990-12-24,24.881147540983605,61
1990-12-25,24.795409836065573,61
1990-12-26,24.841147540983606,61
1990-12-27,24.97770491803279,61
1990-12-28,25.134262295081967,61
1990-12-29,25.07,61
1990-12-30,25.114918032786886,61
1990-12-31,25.19081967213115,61
1991-01-01,25.298196721311477,61
1991-01-02,25.272950819672133,61
1991-01-03,25.148032786885246,61
1991-01-04,25.05688524590164,61
1991-01-05,25.067377049180326,61
1991-01-06,25.078524590163934,61
1991-01-07,24.935081967213115,61
1991-01-08,25.130819672131146,61
1991-01-09,25.191147540983607,61
1991-01-10,25.335409836065573,61
1991-01-11,24.66639344262295,61
1991-01-12,24.581147540983608,61
1991-01-13,24.588852459016394,61
1991-01-14,24.79311475409836,61
1991-01-15,25.13590163934426,61
1991-01-16,25.385245901639344,61
1991-01-17,25.384590163934426,61
1991-01-18,25.418688524590163,61
1991-01-19,25.201475409836064,61
1991-01-20,24.93327868852459,61
1991-01-21,24.931639344262294,61
1991-01-22,24.751967213114753,61
1991-01-23,24.758360655737704,61
1991-01-24,24.91967213114754,61
1991-01-25,25.04327868852459,61
1991-01-26,24.961639344262295,61
1991-01-27,24.864262295081968,61
1991-01-28,24.917213114754098,61
1991-01-29,25.32049180327869,61
1991-01-30,25.250819672131147,61
1991-01-31,24.91704918032787,61
1991-02-01,24.725737704918032,61
1991-02-02,25.548852459016395,61
1991-02-03,25.701311475409835,61
1991-02-04,25.63606557377049,61
1991-02-05,25.653278688524587,61
1991-02-06,25.66393442622951,61
1991-02-07,25.036393442622952,61
1991-02-08,25.06098360655738,61
1991-02-09,25.082295081967214,61
1991-02-10,25.201803278688523,61
1991-02-11,25.562295081967214,61
1991-02-12,25.701639344262293,61
1991-02-13,25.775409836065574,61
1991-02-14,25.951147540983605,61
1991-02-15,25.899016393442622,61
1991-02-16,25.1072131147541,61
1991-02-17,25.269180327868852,61
1991-02-18,25.541475409836064,61
1991-02-19,25.618852459016395,61
1991-02-20,25.92950819672131,61
1991-02-21,25.82360655737705,61
1991-02-22,25.824590163934424,61
1991-02-23,25.552459016393442,61
1991-02-24,25.057868852459016,61
1991-02-25,25.595409836065574,61
1991-02-26,26.270983606557376,61
1991-02-27,26.567377049180326,61
1991-02-28,26.92983606557377,61
1991-03-01,26.965737704918034,61
1991-03-02,26.864918032786886,61
1991-03-03,26.97065573770492,61
1991-03-04,27.11639344262295,61
1991-03-05,26.99655737704918,61
1991-03-06,26.690327868852457,61
1991-03-07,26.60672131147541,61
1991-03-08,26.58295081967213,61
1991-03-09,26.894262295081965,61
1991-03-10,27.58967213114754,61
1991-03-11,27.870983606557377,61
1991-03-12,27.868524590163936,61
1991-03-13,27.88983606557377,61
1991-03-14,27.304754098360654,61
1991-03-15,27.43754098360656,61
1991-03-16,27.564918032786885,61
1991-03-17,27.385409836065573,61
1991-03-18,27.25573770491803,61
1991-03-19,27.26032786885246,61
1991-03-20,27.51327868852459,61
1991-03-21,27.6744262295082,61
1991-03-22,27.721475409836067,61
1991-03-23,27.040655737704917,61
1991-03-24,26.963934426229507,61
1991-03-25,26.95770491803279,61
1991-03-26,26.74967213114754,61
1991-03-27,26.59967213114754,61
1991-03-28,26.29377049180328,61
1991-03-29,26.304590163934424,61
1991-03-30,26.342459016393445,61
1991-03-31,26.478852459016395,61
1991-04-01,28.088360655737706,61
1991-04-02,28.271967213114753,61
1991-04-03,28.32950819672131,61
1991-04-04,28.1172131147541,61
1991-04-05,27.91983606557377,61
1991-04-06,28.081475409836067,61
1991-04-07,28.041803278688523,61
1991-04-08,27.988524590163934,61
1991-04-09,27.955245901639344,61
1991-04-10,27.209344262295083,61
1991-04-11,27.194754098360654,61
1991-04-12,27.550983606557374,61
1991-04-13,27.661475409836065,61
1991-04-14,28.064754098360655,61
1991-04-15,28.495245901639343,61
1991-04-16,28.530327868852456,61
1991-04-17,28.461967213114754,61
1991-04-18,28.49639344262295,61
1991-04-19,28.631475409836064,61
1991-04-20,27.898688524590163,61
1991-04-21,27.981967213114757,61
1991-04-22,28.21704918032787,61
1991-04-23,28.28327868852459,61
1991-04-24,28.4727868852459,61
1991-04-25,28.55344262295082,61
1991-04-26,28.450983606557376,61
1991-04-27,28.248032786885247,61
1991-04-28,28.126065573770493,61
1991-04-29,28.163278688524592,61
1991-04-30,28.20229508196721,61
1991-05-01,27.810000000000002,61
1991-05-02,27.671639344262296,61
1991-05-03,28.13245901639344,61
1991-05-04,28.308196721311475,61
1991-05-05,27.574098360655736,61
1991-05-06,28.061803278688526,61
1991-05-07,28.031803278688525,61
1991-05-08,27.875245901639346,61
1991-05-09,27.6083606557377,61
1991-05-10,27.449016393442626,61
1991-05-11,27.604426229508196,61
1991-05-12,27.74032786885246,61
1991-05-13,27.78688524590164,61
1991-05-14,27.69065573770492,61
1991-05-15,27.549508196721312,61
1991-05-16,27.556229508196722,61
1991-05-17,27.518524590163935,61
1991-05-18,27.441147540983607,61
1991-05-19,27.37295081967213,61
1991-05-20,27.2872131147541,61
1991-05-21,27.321639344262294,61
1991-05-22,27.33426229508197,61
1991-05-23,27.25,61
1991-05-24,27.034590163934425,61
1991-05-25,27.05688524590164,61
1991-05-26,27.078360655737704,61
1991-05-27,26.985245901639342,61
1991-05-28,26.592131147540982,61
1991-05-29,26.66934426229508,61
1991-05-30,26.688524590163933,61
1991-05-31,26.585245901639347,61
1991-06-01,26.483606557377048,61
1991-06-02,26.255901639344266,61
1991-06-03,26.224590163934426,61
1991-06-04,26.335409836065573,61
1991-06-05,26.355737704918035,61
1991-06-06,26.217540983606558,61
1991-06-07,26.190327868852457,61
1991-06-08,26.195409836065576,61
1991-06-09,25.93983606557377,61
1991-06-10,25.840983606557376,61
1991-06-11,25.6227868852459,61
1991-06-12,25.84950819672131,61
1991-06-13,25.887049180327868,61
1991-06-14,25.9527868852459,61
1991-06-15,25.965081967213113,61
1991-06-16,26.035573770491805,61
1991-06-17,26.05655737704918,61
1991-06-18,25.99655737704918,61
1991-06-19,25.245081967213114,61
1991-06-20,25.218360655737705,61
1991-06-21,24.92377049180328,61
1991-06-22,24.83032786885246,61
1991-06-23,24.73016393442623,61
1991-06-24,24.66032786885246,61
1991-06-25,24.628032786885246,61
1991-06-26,24.51311475409836,61
1991-06-27,24.384098360655738,61
1991-06-28,24.311803278688526,61
1991-06-29,24.29590163934426,61
1991-06-30,24.118032786885248,61
1991-07-01,24.191639344262295,61
1991-07-02,24.111147540983605,61
1991-07-03,24.018524590163935,61
1991-07-04,23.941147540983607,61
1991-07-05,24.001311475409835,61
1991-07-06,24.06622950819672,61
1991-07-07,23.90081967213115,61
1991-07-08,23.70639344262295,61
1991-07-09,23.639508196721312,61
1991-07-10,23.54688524590164,61
1991-07-11,23.539180327868856,61
1991-07-12,23.634262295081967,61
1991-07-13,23.645573770491804,61
1991-07-14,23.274590163934427,61
1991-07-15,23.324754098360653,61
1991-07-16,23.490000000000002,61
1991-07-17,23.765901639344264,61
1991-07-18,23.85360655737705,61
1991-07-19,23.7827868852459,61
1991-07-20,23.700819672131146,61
1991-07-21,23.710327868852456,61
1991-07-22,23.450655737704917,61
1991-07-23,23.336721311475408,61
1991-07-24,23.857868852459013,61
1991-07-25,23.941475409836066,61
1991-07-26,24.04393442622951,61
1991-07-27,23.98639344262295,61
1991-07-28,24.19688524590164,61
1991-07-29,24.130983606557376,61
1991-07-30,23.98918032786885,61
1991-07-31,23.82704918032787,61
1991-08-01,23.631639344262293,61
1991-08-02,23.516393442622952,61
1991-08-03,23.56049180327869,61
1991-08-04,23.35360655737705,61
1991-08-05,23.30131147540984,61
1991-08-06,23.31049180327869,61
1991-08-07,23.29737704918033,61
1991-08-08,23.274918032786886,61
1991-08-09,22.870163934426227,61
1991-08-10,23.674098360655737,61
1991-08-11,23.766557377049182,61
1991-08-12,23.83360655737705,61
1991-08-13,23.935245901639345,61
1991-08-14,24.188196721311474,61
1991-08-15,24.37704918032787,61
1991-08-16,24.583934426229508,61
1991-08-17,24.717704918032787,61
1991-08-18,24.56655737704918,61
1991-08-19,24.072786885245904,61
1991-08-20,24.016557377049182,61
1991-08-21,23.9372131147541,61
1991-08-22,23.9627868852459,61
1991-08-23,23.8727868852459,61
1991-08-24,24.195081967213117,61
1991-08-25,24.405409836065573,61
1991-08-26,24.401147540983608,61
1991-08-27,23.87704918032787,61
1991-08-28,23.59377049180328,61
1991-08-29,23.521475409836064,61
1991-08-30,23.604754098360658,61
1991-08-31,23.62295081967213,61
1991-09-01,23.608032786885243,61
1991-09-02,23.294754098360656,61
1991-09-03,23.24606557377049,61
1991-09-04,23.2127868852459,61
1991-09-05,23.04295081967213,61
1991-09-06,23.101803278688525,61
1991-09-07,23.18409836065574,61
1991-09-08,23.07540983606557,61
1991-09-09,22.99426229508197,61
1991-09-10,23.121147540983607,61
1991-09-11,23.14262295081967,61
1991-09-12,23.10327868852459,61
1991-09-13,23.211639344262295,61
1991-09-14,22.53704918032787,61
1991-09-15,22.31639344262295,61
1991-09-16,21.91426229508197,61
1991-09-17,21.828524590163934,61
1991-09-18,22.06098360655738,61
1991-09-19,22.304262295081966,61
1991-09-20,22.389016393442624,61
1991-09-21,22.28688524590164,61
1991-09-22,22.45786885245902,61
1991-09-23,22.369836065573768,61
1991-09-24,22.098360655737704,61
1991-09-25,21.861475409836064,61
1991-09-26,21.795573770491803,61
1991-09-27,21.83049180327869,61
1991-09-28,21.93737704918033,61
1991-09-29,21.962295081967213,61
1991-09-30,21.959180327868854,61
1991-10-01,22.336721311475408,61
1991-10-02,22.449180327868852,61
1991-10-03,22.689999999999998,61
1991-10-04,22.748032786885247,61
1991-10-05,22.904262295081967,61
1991-10-06,23.05016393442623,61
1991-10-07,23.041639344262293,61
1991-10-08,23.029836065573768,61
1991-10-09,22.731311475409836,61
1991-10-10,22.932131147540982,61
1991-10-11,23.09344262295082,61
1991-10-12,23.422131147540984,61
1991-10-13,23.399672131147543,61
1991-10-14,23.3827868852459,61
1991-10-15,23.26295081967213,61
1991-10-16,23.194918032786887,61
1991-10-17,23.224098360655738,61
1991-10-18,23.076065573770492,61
1991-10-19,23.038360655737705,61
1991-10-20,23.081475409836067,61
1991-10-21,23.213934426229507,61
1991-10-22,23.33639344262295,61
1991-10-23,23.459180327868854,61
1991-10-24,23.479180327868853,61
1991-10-25,23.451639344262293,61
1991-10-26,23.42475409836066,61
1991-10-27,23.15672131147541,61
1991-10-28,23.119836065573768,61
1991-10-29,22.94327868852459,61
1991-10-30,22.73,61
1991-10-31,22.686721311475413,61
1991-11-01,22.90049180327869,61
1991-11-02,22.975081967213114,61
1991-11-03,22.94049180327869,61
1991-11-04,22.908524590163935,61
1991-11-05,23.013770491803278,61
1991-11-06,22.841967213114753,61
1991-11-07,22.63213114754098,61
1991-11-08,22.77885245901639,61
1991-11-09,23.04327868852459,61
1991-11-10,23.097540983606557,61
1991-11-11,23.045737704918032,61
1991-11-12,23.092622950819674,61
1991-11-13,22.985901639344263,61
1991-11-14,22.827377049180328,61
1991-11-15,22.52606557377049,61
1991-11-16,22.483770491803277,61
1991-11-17,22.445409836065576,61
1991-11-18,22.417868852459016,61
1991-11-19,22.373606557377048,61
1991-11-20,22.47754098360656,61
1991-11-21,22.8916393442623,61
1991-11-22,22.988360655737704,61
1991-11-23,22.928032786885243,61
1991-11-24,23.098360655737704,61
1991-11-25,22.990000000000002,61
1991-11-26,22.930655737704917,61
1991-11-27,23.030819672131148,61
1991-11-28,23.161311475409835,61
1991-11-29,23.314754098360655,61
1991-11-30,23.986229508196722,61
1991-12-01,23.927377049180325,61
1991-12-02,23.78295081967213,61
1991-12-03,23.582131147540984,61
1991-12-04,23.24639344262295,61
1991-12-05,23.23540983606557,61
1991-12-06,23.316885245901638,61
1991-12-07,23.370163934426227,61
1991-12-08,24.201639344262293,61
1991-12-09,24.713606557377048,61
1991-12-10,24.794426229508197,61
1991-12-11,24.502131147540986,61
1991-12-12,24.261147540983607,61
1991-12-13,24.025901639344262,61
1991-12-14,23.863114754098362,61
1991-12-15,23.64049180327869,61
1991-12-16,23.625737704918034,61
1991-12-17,23.58311475409836,61
1991-12-18,23.705081967213115,61
1991-12-19,23.678196721311476,61
1991-12-20,23.233934426229506,61
1991-12-21,23.315081967213114,61
1991-12-22,23.478196721311477,61
1991-12-23,23.515737704918035,61
1991-12-24,23.592622950819674,61
1991-12-25,23.425737704918035,61
1991-12-26,23.628524590163934,61
1991-12-27,23.82934426229508,61
1991-12-28,23.653442622950816,61
1991-12-29,23.310000000000002,61
1991-12-30,23.22213114754098,61
1991-12-31,23.13672131147541,61
1992-01-01,23.136885245901638,61
1992-01-02,23.39327868852459,61
1992-01-03,24.29590163934426,61
1992-01-04,24.25,61
1992-01-05,24.092131147540982,61
1992-01-06,24.07360655737705,61
1992-01-07,24.489016393442622,61
1992-01-08,25.19967213114754,61
1992-01-09,25.552131147540983,61
1992-01-10,25.536393442622952,61
1992-01-11,25.56377049180328,61
1992-01-12,25.768196721311472,61
1992-01-13,25.926721311475408,61
1992-01-14,25.848688524590163,61
1992-01-15,25.64704918032787,61
1992-01-16,25.744590163934426,61
1992-01-17,25.80016393442623,61
1992-01-18,25.779836065573768,61
1992-01-19,25.54590163934426,61
1992-01-20,25.68704918032787,61
1992-01-21,25.402131147540985,61
1992-01-22,25.038524590163934,61
1992-01-23,25.115573770491803,61
1992-01-24,25.366885245901642,61
1992-01-25,25.458852459016395,61
1992-01-26,25.494754098360655,61
1992-01-27,25.5272131147541,61
1992-01-28,26.278360655737707,61
1992-01-29,26.58983606557377,61
1992-01-30,26.63032786885246,61
1992-01-31,26.665081967213112,61
1992-02-01,26.724918032786885,61
1992-02-02,26.720163934426232,61
1992-02-03,26.698196721311476,61
1992-02-04,26.705245901639344,61
1992-02-05,26.67967213114754,61
1992-02-06,25.298688524590165,61
1992-02-07,25.12655737704918,61
1992-02-08,24.92950819672131,61
1992-02-09,24.891147540983606,61
1992-02-10,24.817704918032785,61
1992-02-11,24.511967213114755,61
1992-02-12,24.41409836065574,61
1992-02-13,24.684426229508198,61
1992-02-14,25.909508196721312,61
1992-02-15,25.855081967213117,61
1992-02-16,25.478360655737706,61
1992-02-17,25.60737704918033,61
1992-02-18,25.905081967213114,61
1992-02-19,26.2644262295082,61
1992-02-20,26.41540983606557,61
1992-02-21,26.52737704918033,61
1992-02-22,26.880000000000003,61
1992-02-23,26.234262295081965,61
1992-02-24,26.13983606557377,61
1992-02-25,26.290983606557376,61
1992-02-26,26.93918032786885,61
1992-02-27,26.95704918032787,61
1992-02-28,26.84950819672131,61
1992-02-29,26.808032786885246,61
1992-03-01,26.832459016393443,61
1992-03-02,25.677377049180325,61
1992-03-03,25.444426229508196,61
1992-03-04,25.448360655737705,61
1992-03-05,25.354754098360658,61
1992-03-06,25.44950819672131,61
1992-03-07,25.697704918032787,61
1992-03-08,25.7555737704918,61
1992-03-09,25.708032786885248,61
1992-03-10,25.987868852459016,61
1992-03-11,26.352622950819672,61
1992-03-12,26.121803278688525,61
1992-03-13,26.008360655737704,61
1992-03-14,25.912622950819674,61
1992-03-15,26.02377049180328,61
1992-03-16,26.32,61
1992-03-17,26.41688524590164,61
1992-03-18,26.432622950819674,61
1992-03-19,26.89,61
1992-03-20,26.903606557377046,61
1992-03-21,26.954426229508197,61
1992-03-22,27.08311475409836,61
1992-03-23,27.137377049180326,61
1992-03-24,27.348032786885245,61
1992-03-25,27.421311475409837,61
1992-03-26,27.318360655737706,61
1992-03-27,27.176885245901637,61
1992-03-28,27.134754098360656,61
1992-03-29,27.063442622950816,61
1992-03-30,27.18704918032787,61
1992-03-31,27.089016393442623,61
1992-04-01,27.120819672131145,61
1992-04-02,27.248524590163935,61
1992-04-03,27.22114754098361,61
1992-04-04,27.238032786885245,61
1992-04-05,27.162950819672133,61
1992-04-06,27.15065573770492,61
1992-04-07,27.05131147540984,61
1992-04-08,26.958196721311477,61
1992-04-09,26.728688524590165,61
1992-04-10,26.662622950819674,61
1992-04-11,26.63639344262295,61
1992-04-12,26.63967213114754,61
1992-04-13,26.974426229508197,61
1992-04-14,26.918688524590163,61
1992-04-15,26.712459016393442,61
1992-04-16,26.651967213114755,61
1992-04-17,26.965409836065575,61
1992-04-18,27.460163934426227,61
1992-04-19,27.627540983606558,61
1992-04-20,27.38344262295082,61
1992-04-21,27.1872131147541,61
1992-04-22,27.22098360655738,61
1992-04-23,27.09032786885246,61
1992-04-24,27.106393442622952,61
1992-04-25,27.149672131147543,61
1992-04-26,27.232459016393445,61
1992-04-27,27.268688524590164,61
1992-04-28,27.187868852459015,61
1992-04-29,26.805573770491804,61
1992-04-30,25.847213114754098,61
1992-05-01,25.819016393442624,61
1992-05-02,26.032295081967213,61
1992-05-03,26.11016393442623,61
1992-05-04,26.295737704918032,61
1992-05-05,26.25901639344262,61
1992-05-06,26.01409836065574,61
1992-05-07,25.97114754098361,61
1992-05-08,25.925901639344264,61
1992-05-09,26.73639344262295,61
1992-05-10,26.778196721311478,61
1992-05-11,26.54672131147541,61
1992-05-12,26.167868852459016,61
1992-05-13,25.811803278688526,61
1992-05-14,25.537868852459017,61
1992-05-15,25.305737704918034,61
1992-05-16,25.60688524590164,61
1992-05-17,25.64295081967213,61
1992-05-18,25.535901639344264,61
1992-05-19,25.569508196721312,61
1992-05-20,25.592459016393445,61
1992-05-21,25.62311475409836,61
1992-05-22,25.54229508196721,61
1992-05-23,25.22344262295082,61
1992-05-24,25.238688524590163,61
1992-05-25,25.260327868852457,61
1992-05-26,25.310000000000002,61
1992-05-27,25.307704918032787,61
1992-05-28,25.315081967213114,61
1992-05-29,25.244918032786885,61
1992-05-30,25.171475409836066,61
1992-05-31,24.997049180327867,61
1992-06-01,24.794590163934426,61
1992-06-02,25.082622950819673,61
1992-06-03,25.27,61
1992-06-04,25.362786885245903,61
1992-06-05,25.376065573770493,61
1992-06-06,25.327868852459016,61
1992-06-07,25.368360655737707,61
1992-06-08,25.35655737704918,61
1992-06-09,25.140819672131148,61
1992-06-10,25.072131147540986,61
1992-06-11,25.06098360655738,61
1992-06-12,25.175901639344264,61
1992-06-13,25.078524590163934,61
1992-06-14,25.008852459016392,61
1992-06-15,25.039672131147544,61
1992-06-16,25.073934426229506,61
1992-06-17,25.051147540983603,61
1992-06-18,24.848852459016392,61
1992-06-19,24.97606557377049,61
1992-06-20,25.012131147540984,61
1992-06-21,24.603770491803278,61
1992-06-22,24.768852459016394,61
1992-06-23,25.044918032786885,61
1992-06-24,25.1416393442623,61
1992-06-25,24.961311475409836,61
1992-06-26,24.652295081967214,61
1992-06-27,25.000983606557377,61
1992-06-28,25.025409836065574,61
1992-06-29,24.904098360655738,61
1992-06-30,24.889508196721312,61
1992-07-01,24.979344262295083,61
1992-07-02,25.031311475409836,61
1992-07-03,25.04,61
1992-07-04,24.68377049180328,61
1992-07-05,24.24016393442623,61
1992-07-06,24.463606557377048,61
1992-07-07,24.744918032786885,61
1992-07-08,24.735901639344263,61
1992-07-09,24.814426229508197,61
1992-07-10,24.651967213114755,61
1992-07-11,24.56360655737705,61
1992-07-12,24.41377049180328,61
1992-07-13,24.157704918032785,61
1992-07-14,23.979180327868853,61
1992-07-15,23.774754098360656,61
1992-07-16,23.817868852459018,61
1992-07-17,24.251803278688524,61
1992-07-18,24.56672131147541,61
1992-07-19,24.690163934426227,61
1992-07-20,24.72245901639344,61
1992-07-21,24.55032786885246,61
1992-07-22,24.1927868852459,61
1992-07-23,24.09409836065574,61
1992-07-24,24.06377049180328,61
1992-07-25,23.871311475409836,61
1992-07-26,23.870491803278686,61
1992-07-27,24.031147540983607,61
1992-07-28,24.134426229508197,61
1992-07-29,24.10327868852459,61
1992-07-30,24.092622950819674,61
1992-07-31,24.09704918032787,61
1992-08-01,23.9627868852459,61
1992-08-02,23.768032786885243,61
1992-08-03,23.824426229508195,61
1992-08-04,23.741311475409837,61
1992-08-05,23.78295081967213,61
1992-08-06,23.83032786885246,61
1992-08-07,23.914426229508198,61
1992-08-08,23.80311475409836,61
1992-08-09,23.554426229508195,61
1992-08-10,23.51967213114754,61
1992-08-11,23.234754098360654,61
1992-08-12,23.112950819672132,61
1992-08-13,23.177377049180325,61
1992-08-14,23.28737704918033,61
1992-08-15,23.337704918032784,61
1992-08-16,22.81016393442623,61
1992-08-17,22.647868852459016,61
1992-08-18,22.229016393442624,61
1992-08-19,22.045409836065573,61
1992-08-20,22.088360655737706,61
1992-08-21,22.596393442622954,61
1992-08-22,22.823114754098363,61
1992-08-23,22.59901639344262,61
1992-08-24,22.610491803278688,61
1992-08-25,22.640983606557377,61
1992-08-26,22.69065573770492,61
1992-08-27,22.661311475409835,61
1992-08-28,22.840655737704918,61
1992-08-29,22.968524590163934,61
1992-08-30,22.986229508196722,61
1992-08-31,22.97622950819672,61
1992-09-01,22.864262295081968,61
1992-09-02,22.837049180327867,61
1992-09-03,22.72983606557377,61
1992-09-04,22.76688524590164,61
1992-09-05,22.659344262295082,61
1992-09-06,22.658852459016394,61
1992-09-07,22.668196721311475,61
1992-09-08,22.68901639344262,61
1992-09-09,22.671803278688525,61
1992-09-10,22.844918032786886,61
1992-09-11,22.93918032786885,61
1992-09-12,22.578524590163934,61
1992-09-13,22.511639344262296,61
1992-09-14,22.57967213114754,61
1992-09-15,22.677540983606555,61
1992-09-16,22.755245901639345,61
1992-09-17,22.642131147540987,61
1992-09-18,22.196065573770493,61
1992-09-19,22.18377049180328,61
1992-09-20,22.199180327868852,61
1992-09-21,22.248852459016394,61
1992-09-22,22.497377049180326,61
1992-09-23,22.667704918032786,61
1992-09-24,22.704918032786885,61
1992-09-25,22.655573770491802,61
1992-09-26,22.561311475409838,61
1992-09-27,22.541475409836064,61
1992-09-28,22.57950819672131,61
1992-09-29,22.3927868852459,61
1992-09-30,22.365409836065574,61
1992-10-01,22.373770491803278,61
1992-10-02,22.34426229508197,61
1992-10-03,22.214098360655736,61
1992-10-04,22.078196721311475,61
1992-10-05,22.0572131147541,61
1992-10-06,21.89262295081967,61
1992-10-07,21.466065573770493,61
1992-10-08,21.279999999999998,61
1992-10-09,21.45377049180328,61
1992-10-10,21.821967213114757,61
1992-10-11,22.234262295081965,61
1992-10-12,22.33459016393443,61
1992-10-13,22.26360655737705,61
1992-10-14,22.15983606557377,61
1992-10-15,21.81295081967213,61
1992-10-16,21.828524590163934,61
1992-10-17,22.137868852459018,61
1992-10-18,22.239016393442622,61
1992-10-19,22.2972131147541,61
1992-10-20,22.45229508196721,61
1992-10-21,23.621639344262295,61
1992-10-22,23.701311475409835,61
1992-10-23,23.69327868852459,61
1992-10-24,23.651967213114755,61
1992-10-25,23.357868852459013,61
1992-10-26,22.80918032786885,61
1992-10-27,22.67622950819672,61
1992-10-28,22.651639344262296,61
1992-10-29,23.620819672131145,61
1992-10-30,23.672786885245902,61
1992-10-31,23.84360655737705,61
1992-11-01,24.108688524590164,61
1992-11-02,24.205081967213115,61
1992-11-03,24.265409836065576,61
1992-11-04,24.283934426229507,61
1992-11-05,24.35934426229508,61
1992-11-06,24.09344262295082,61
1992-11-07,23.591311475409835,61
1992-11-08,23.485737704918034,61
1992-11-09,23.500655737704918,61
1992-11-10,24.003278688524592,61
1992-11-11,24.401147540983608,61
1992-11-12,24.47377049180328,61
1992-11-13,24.47081967213115,61
1992-11-14,24.451311475409835,61
1992-11-15,24.12688524590164,61
1992-11-16,24.063278688524587,61
1992-11-17,23.974098360655738,61
1992-11-18,23.969016393442626,61
1992-11-19,23.85967213114754,61
1992-11-20,23.785409836065575,61
1992-11-21,23.75655737704918,61
1992-11-22,23.68032786885246,61
1992-11-23,23.97229508196721,61
1992-11-24,23.994918032786885,61
1992-11-25,23.981803278688528,61
1992-11-26,23.98327868852459,61
1992-11-27,24.270491803278688,61
1992-11-28,24.464098360655736,61
1992-11-29,24.501147540983606,61
1992-11-30,24.532131147540984,61
1992-12-01,24.235081967213112,61
1992-12-02,24.281147540983607,61
1992-12-03,24.43016393442623,61
1992-12-04,24.625409836065575,61
1992-12-05,24.700491803278688,61
1992-12-06,24.747868852459014,61
1992-12-07,24.727049180327867,61
1992-12-08,24.268032786885243,61
1992-12-09,23.728524590163936,61
1992-12-10,23.788852459016393,61
1992-12-11,24.002295081967215,61
1992-12-12,24.158196721311477,61
1992-12-13,24.243934426229508,61
1992-12-14,24.328852459016392,61
1992-12-15,24.311967213114755,61
1992-12-16,24.345901639344262,61
1992-12-17,24.770491803278688,61
1992-12-18,24.832622950819673,61
1992-12-19,24.643934426229507,61
1992-12-20,24.313442622950816,61
1992-12-21,24.40606557377049,61
1992-12-22,24.52967213114754,61
1992-12-23,24.57360655737705,61
1992-12-24,24.56049180327869,61
1992-12-25,24.492131147540984,61
1992-12-26,25.47081967213115,61
1992-12-27,25.420983606557378,61
1992-12-28,25.188688524590162,61
1992-12-29,24.954426229508197,61
1992-12-30,24.948032786885246,61
1992-12-31,25.03655737704918,61
1993-01-01,25.049016393442624,61
1993-01-02,25.13622950819672,61
1993-01-03,24.684262295081968,61
1993-01-04,24.749180327868853,61
1993-01-05,24.991803278688526,61
1993-01-06,25.041639344262293,61
1993-01-07,25.19081967213115,61
1993-01-08,25.187868852459015,61
1993-01-09,25.170983606557378,61
1993-01-10,25.228852459016395,61
1993-01-11,25.268032786885243,61
1993-01-12,25.29377049180328,61
1993-01-13,25.101803278688525,61
1993-01-14,25.018688524590164,61
1993-01-15,24.921311475409837,61
1993-01-16,24.678032786885243,61
1993-01-17,24.64016393442623,61
1993-01-18,24.691311475409837,61
1993-01-19,24.62295081967213,61
1993-01-20,25.057540983606557,61
1993-01-21,25.235737704918034,61
1993-01-22,25.482131147540986,61
1993-01-23,25.560000000000002,61
1993-01-24,25.66409836065574,61
1993-01-25,25.6972131147541,61
1993-01-26,25.582131147540984,61
1993-01-27,25.64262295081967,61
1993-01-28,26.8127868852459,61
1993-01-29,26.799344262295083,61
1993-01-30,26.88606557377049,61
1993-01-31,26.788524590163934,61
1993-02-01,26.710327868852456,61
1993-02-02,26.565081967213114,61
1993-02-03,26.15655737704918,61
1993-02-04,25.724262295081967,61
1993-02-05,25.140819672131148,61
1993-02-06,25.2772131147541,61
1993-02-07,25.469508196721314,61
1993-02-08,25.5755737704918,61
1993-02-09,25.78327868852459,61
1993-02-10,26.138852459016395,61
1993-02-11,26.25426229508197,61
1993-02-12,26.347540983606557,61
1993-02-13,26.20327868852459,61
1993-02-14,26.049016393442624,61
1993-02-15,25.784754098360654,61
1993-02-16,25.58327868852459,61
1993-02-17,25.762622950819672,61
1993-02-18,25.79360655737705,61
1993-02-19,25.781475409836066,61
1993-02-20,25.732295081967216,61
1993-02-21,25.49295081967213,61
1993-02-22,25.14,61
1993-02-23,24.72622950819672,61
1993-02-24,24.481639344262298,61
1993-02-25,24.53295081967213,61
1993-02-26,24.62688524590164,61
1993-02-27,24.627868852459017,61
1993-02-28,24.72655737704918,61
1993-03-01,25.22393442622951,61
1993-03-02,25.3527868852459,61
1993-03-03,25.263934426229508,61
1993-03-04,24.99983606557377,61
1993-03-05,24.711311475409836,61
1993-03-06,24.903278688524587,61
1993-03-07,24.977540983606556,61
1993-03-08,24.982459016393445,61
1993-03-09,25.41622950819672,61
1993-03-10,26.38606557377049,61
1993-03-11,26.381639344262293,61
1993-03-12,26.215245901639346,61
1993-03-13,26.168360655737704,61
1993-03-14,26.201475409836064,61
1993-03-15,26.18409836065574,61
1993-03-16,26.06967213114754,61
1993-03-17,26.065081967213114,61
1993-03-18,25.246721311475408,61
1993-03-19,25.11016393442623,61
1993-03-20,25.338196721311473,61
1993-03-21,25.437868852459015,61
1993-03-22,25.725573770491803,61
1993-03-23,25.91377049180328,61
1993-03-24,25.968852459016393,61
1993-03-25,26.007540983606557,61
1993-03-26,25.396229508196722,61
1993-03-27,25.394262295081965,61
1993-03-28,25.39065573770492,61
1993-03-29,25.327868852459016,61
1993-03-30,25.310000000000002,61
1993-03-31,25.31098360655738,61
1993-04-01,25.38590163934426,61
1993-04-02,25.482786885245904,61
1993-04-03,25.114918032786886,61
1993-04-04,25.00426229508197,61
1993-04-05,25.103934426229507,61
1993-04-06,25.26688524590164,61
1993-04-07,25.629180327868855,61
1993-04-08,25.811475409836067,61
1993-04-09,25.81393442622951,61
1993-04-10,25.80295081967213,61
1993-04-11,25.832622950819673,61
1993-04-12,25.66967213114754,61
1993-04-13,25.745573770491802,61
1993-04-14,25.903278688524587,61
1993-04-15,26.145245901639342,61
1993-04-16,26.31377049180328,61
1993-04-17,26.427704918032784,61
1993-04-18,26.47213114754098,61
1993-04-19,26.65049180327869,61
1993-04-20,26.83344262295082,61
1993-04-21,26.75393442622951,61
1993-04-22,26.589180327868853,61
1993-04-23,26.518524590163935,61
1993-04-24,26.85655737704918,61
1993-04-25,27.205081967213115,61
1993-04-26,27.32540983606557,61
1993-04-27,27.289672131147544,61
1993-04-28,27.34901639344262,61
1993-04-29,27.286393442622952,61
1993-04-30,26.539836065573773,61
1993-05-01,26.020655737704917,61
1993-05-02,26.002295081967212,61
1993-05-03,26.146229508196722,61
1993-05-04,26.155081967213114,61
1993-05-05,26.109016393442623,61
1993-05-06,26.79606557377049,61
1993-05-07,26.74590163934426,61
1993-05-08,26.642131147540987,61
1993-05-09,26.799180327868854,61
1993-05-10,26.82918032786885,61
1993-05-11,26.881475409836064,61
1993-05-12,26.822295081967216,61
1993-05-13,26.737540983606557,61
1993-05-14,26.627704918032787,61
1993-05-15,26.458196721311477,61
1993-05-16,26.134590163934426,61
1993-05-17,25.969180327868852,61
1993-05-18,25.908032786885247,61
1993-05-19,25.892459016393442,61
1993-05-20,25.818688524590165,61
1993-05-21,25.784426229508195,61
1993-05-22,25.578032786885245,61
1993-05-23,25.362131147540982,61
1993-05-24,25.353770491803278,61
1993-05-25,25.359180327868852,61
1993-05-26,25.486229508196722,61
1993-05-27,25.57032786885246,61
1993-05-28,25.46655737704918,61
1993-05-29,25.40049180327869,61
1993-05-30,25.195409836065576,61
1993-05-31,25.125081967213113,61
1993-06-01,25.098032786885245,61
1993-06-02,24.847868852459015,61
1993-06-03,24.931475409836064,61
1993-06-04,25.017540983606555,61
1993-06-05,25.191147540983607,61
1993-06-06,25.271475409836064,61
1993-06-07,25.218688524590164,61
1993-06-08,25.00032786885246,61
1993-06-09,24.625245901639346,61
1993-06-10,24.55688524590164,61
1993-06-11,24.610819672131147,61
1993-06-12,24.84426229508197,61
1993-06-13,25.06655737704918,61
1993-06-14,25.115737704918033,61
1993-06-15,25.07688524590164,61
1993-06-16,25.32524590163934,61
1993-06-17,25.298688524590165,61
1993-06-18,25.210327868852456,61
1993-06-19,25.12311475409836,61
1993-06-20,24.941147540983607,61
1993-06-21,24.899672131147543,61
1993-06-22,24.95983606557377,61
1993-06-23,24.85655737704918,61
1993-06-24,24.814918032786885,61
1993-06-25,24.534262295081966,61
1993-06-26,24.29737704918033,61
1993-06-27,24.210163934426227,61
1993-06-28,24.232950819672133,61
1993-06-29,24.24573770491803,61
1993-06-30,24.24327868852459,61
1993-07-01,24.18967213114754,61
1993-07-02,24.152622950819673,61
1993-07-03,24.06098360655738,61
1993-07-04,23.685409836065574,61
1993-07-05,23.66967213114754,61
1993-07-06,23.785901639344264,61
1993-07-07,24.064098360655738,61
1993-07-08,24.157868852459018,61
1993-07-09,24.028360655737707,61
1993-07-10,23.76983606557377,61
1993-07-11,23.66655737704918,61
1993-07-12,23.576065573770492,61
1993-07-13,23.42032786885246,61
1993-07-14,23.355737704918035,61
1993-07-15,23.392295081967212,61
1993-07-16,23.476885245901638,61
1993-07-17,23.533770491803278,61
1993-07-18,23.490000000000002,61
1993-07-19,23.72590163934426,61
1993-07-20,23.75918032786885,61
1993-07-21,23.590655737704918,61
1993-07-22,23.521311475409835,61
1993-07-23,23.49311475409836,61
1993-07-24,23.307377049180328,61
1993-07-25,23.22081967213115,61
1993-07-26,23.217377049180328,61
1993-07-27,23.328524590163934,61
1993-07-28,23.33065573770492,61
1993-07-29,23.22032786885246,61
1993-07-30,23.195573770491805,61
1993-07-31,23.18901639344262,61
1993-08-01,23.195409836065576,61
1993-08-02,23.20409836065574,61
1993-08-03,23.157868852459018,61
1993-08-04,23.371967213114754,61
1993-08-05,23.317377049180326,61
1993-08-06,23.191967213114754,61
1993-08-07,23.028196721311478,61
1993-08-08,22.89540983606557,61
1993-08-09,22.813606557377046,61
1993-08-10,22.788852459016393,61
1993-08-11,22.787540983606558,61
1993-08-12,22.459508196721313,61
1993-08-13,22.48049180327869,61
1993-08-14,22.461311475409836,61
1993-08-15,22.295573770491803,61
1993-08-16,22.159344262295082,61
1993-08-17,22.23704918032787,61
1993-08-18,22.324590163934424,61
1993-08-19,22.385245901639344,61
1993-08-20,22.88245901639344,61
1993-08-21,22.84409836065574,61
1993-08-22,22.70016393442623,61
1993-08-23,22.534426229508195,61
1993-08-24,22.50426229508197,61
1993-08-25,22.492786885245902,61
1993-08-26,22.501147540983606,61
1993-08-27,22.518688524590164,61
1993-08-28,22.36934426229508,61
1993-08-29,22.460655737704915,61
1993-08-30,22.39016393442623,61
1993-08-31,22.08622950819672,61
1993-09-01,22.11770491803279,61
1993-09-02,22.385573770491803,61
1993-09-03,22.709180327868854,61
1993-09-04,22.837704918032784,61
1993-09-05,22.93606557377049,61
1993-09-06,22.861147540983605,61
1993-09-07,22.67032786885246,61
1993-09-08,22.401639344262296,61
1993-09-09,22.655409836065573,61
1993-09-10,23.332131147540984,61
1993-09-11,23.615573770491803,61
1993-09-12,23.592131147540982,61
1993-09-13,23.43737704918033,61
1993-09-14,23.39049180327869,61
1993-09-15,23.34360655737705,61
1993-09-16,22.97622950819672,61
1993-09-17,22.798688524590165,61
1993-09-18,22.890983606557377,61
1993-09-19,22.9427868852459,61
1993-09-20,22.95,61
1993-09-21,22.950491803278688,61
1993-09-22,22.66016393442623,61
1993-09-23,22.454426229508197,61
1993-09-24,22.091147540983606,61
1993-09-25,21.841803278688523,61
1993-09-26,22.31245901639344,61
1993-09-27,22.76065573770492,61
1993-09-28,22.944262295081966,61
1993-09-29,23.06081967213115,61
1993-09-30,22.64327868852459,61
1993-10-01,22.488852459016393,61
1993-10-02,21.944262295081966,61
1993-10-03,21.58032786885246,61
1993-10-04,21.74032786885246,61
1993-10-05,22.249016393442623,61
1993-10-06,22.441475409836066,61
1993-10-07,22.508852459016392,61
1993-10-08,22.534590163934425,61
1993-10-09,22.401639344262296,61
1993-10-10,22.131803278688523,61
1993-10-11,21.99590163934426,61
1993-10-12,22.357540983606558,61
1993-10-13,22.751475409836065,61
1993-10-14,22.831311475409837,61
1993-10-15,22.838196721311476,61
1993-10-16,23.025409836065574,61
1993-10-17,22.897704918032787,61
1993-10-18,22.56245901639344,61
1993-10-19,22.339344262295082,61
1993-10-20,22.68639344262295,61
1993-10-21,23.261147540983607,61
1993-10-22,23.445409836065576,61
1993-10-23,23.47295081967213,61
1993-10-24,23.473442622950817,61
1993-10-25,23.355081967213117,61
1993-10-26,23.2172131147541,61
1993-10-27,22.662295081967216,61
1993-10-28,22.389508196721312,61
1993-10-29,22.468360655737705,61
1993-10-30,22.538360655737705,61
1993-10-31,22.56983606557377,61
1993-11-01,22.297049180327868,61
1993-11-02,22.241475409836067,61
1993-11-03,22.1872131147541,61
1993-11-04,21.941147540983607,61
1993-11-05,21.678032786885243,61
1993-11-06,21.710491803278686,61
1993-11-07,21.77901639344262,61
1993-11-08,21.861803278688523,61
1993-11-09,21.964590163934425,61
1993-11-10,22.00688524590164,61
1993-11-11,22.003114754098362,61
1993-11-12,21.824098360655736,61
1993-11-13,21.590983606557376,61
1993-11-14,22.035245901639346,61
1993-11-15,22.15622950819672,61
1993-11-16,22.19655737704918,61
1993-11-17,22.129508196721314,61
1993-11-18,22.45360655737705,61
1993-11-19,22.360819672131147,61
1993-11-20,22.12655737704918,61
1993-11-21,22.087868852459014,61
1993-11-22,22.501639344262294,61
1993-11-23,23.06770491803279,61
1993-11-24,23.27786885245902,61
1993-11-25,23.168196721311475,61
1993-11-26,23.710163934426227,61
1993-11-27,23.728688524590165,61
1993-11-28,23.767213114754096,61
1993-11-29,23.838360655737706,61
1993-11-30,23.878032786885246,61
1993-12-01,23.84393442622951,61
1993-12-02,23.827704918032786,61
1993-12-03,23.870163934426227,61
1993-12-04,24.662131147540986,61
1993-12-05,24.508688524590163,61
1993-12-06,24.075081967213112,61
1993-12-07,23.7872131147541,61
1993-12-08,24.26081967213115,61
1993-12-09,24.629672131147544,61
1993-12-10,24.67065573770492,61
1993-12-11,24.66049180327869,61
1993-12-12,24.628196721311475,61
1993-12-13,24.44868852459016,61
1993-12-14,24.02918032786885,61
1993-12-15,23.975573770491803,61
1993-12-16,24.38327868852459,61
1993-12-17,24.76065573770492,61
1993-12-18,24.877704918032787,61
1993-12-19,24.896229508196722,61
1993-12-20,24.169999999999998,61
1993-12-21,24.004426229508198,61
1993-12-22,23.848032786885245,61
1993-12-23,23.758852459016392,61
1993-12-24,23.794426229508197,61
1993-12-25,24.034262295081966,61
1993-12-26,24.091475409836065,61
1993-12-27,24.064754098360655,61
1993-12-28,23.98918032786885,61
1993-12-29,24.311967213114755,61
1993-12-30,24.331311475409837,61
1993-12-31,24.317868852459018,61
1994-01-01,24.497049180327867,61
1994-01-02,24.802459016393442,61
1994-01-03,24.87688524590164,61
1994-01-04,25.017704918032784,61
1994-01-05,25.246885245901638,61
1994-01-06,25.854426229508196,61
1994-01-07,25.817868852459018,61
1994-01-08,25.53672131147541,61
1994-01-09,25.471967213114752,61
1994-01-10,25.747213114754096,61
1994-01-11,25.88213114754098,61
1994-01-12,26.06622950819672,61
1994-01-13,25.925081967213117,61
1994-01-14,25.91950819672131,61
1994-01-15,25.794426229508197,61
1994-01-16,25.446065573770493,61
1994-01-17,25.22655737704918,61
1994-01-18,25.068688524590165,61
1994-01-19,25.28688524590164,61
1994-01-20,25.45311475409836,61
1994-01-21,25.475081967213114,61
1994-01-22,26.30049180327869,61
1994-01-23,26.265737704918035,61
1994-01-24,25.888360655737706,61
1994-01-25,25.461475409836066,61
1994-01-26,25.601967213114754,61
1994-01-27,26.00360655737705,61
1994-01-28,26.231967213114757,61
1994-01-29,26.210491803278686,61
1994-01-30,27.272950819672133,61
1994-01-31,27.205245901639344,61
1994-02-01,26.822459016393445,61
1994-02-02,26.50393442622951,61
1994-02-03,26.468688524590164,61
1994-02-04,26.450655737704917,61
1994-02-05,26.43983606557377,61
1994-02-06,26.463606557377048,61
1994-02-07,26.352459016393443,61
1994-02-08,26.201803278688523,61
1994-02-09,26.02245901639344,61
1994-02-10,25.908524590163935,61
1994-02-11,26.118032786885248,61
1994-02-12,26.450983606557376,61
1994-02-13,26.514754098360658,61
1994-02-14,26.54672131147541,61
1994-02-15,27.138032786885248,61
1994-02-16,27.20704918032787,61
1994-02-17,27.282622950819672,61
1994-02-18,27.340491803278688,61
1994-02-19,27.445573770491805,61
1994-02-20,27.483770491803277,61
1994-02-21,27.534098360655737,61
1994-02-22,27.545573770491803,61
1994-02-23,27.373770491803278,61
1994-02-24,26.167377049180327,61
1994-02-25,25.90655737704918,61
1994-02-26,25.889016393442624,61
1994-02-27,26.139508196721312,61
1994-02-28,26.563114754098358,61
1994-03-01,26.6972131147541,61
1994-03-02,26.78704918032787,61
1994-03-03,27.24606557377049,61
1994-03-04,27.70672131147541,61
1994-03-05,27.768032786885243,61
1994-03-06,27.611475409836064,61
1994-03-07,27.85950819672131,61
1994-03-08,28.11672131147541,61
1994-03-09,28.17311475409836,61
1994-03-10,28.16688524590164,61
1994-03-11,28.375409836065575,61
1994-03-12,28.38983606557377,61
1994-03-13,28.27967213114754,61
1994-03-14,28.065081967213114,61
1994-03-15,27.602459016393443,61
1994-03-16,27.375245901639346,61
1994-03-17,27.528360655737707,61
1994-03-18,27.534262295081966,61
1994-03-19,27.891147540983606,61
1994-03-20,28.074426229508195,61
1994-03-21,27.95672131147541,61
1994-03-22,27.524590163934427,61
1994-03-23,27.305901639344263,61
1994-03-24,27.285901639344264,61
1994-03-25,27.588360655737706,61
1994-03-26,27.724754098360656,61
1994-03-27,27.718360655737705,61
1994-03-28,27.469508196721314,61
1994-03-29,27.33475409836066,61
1994-03-30,26.91016393442623,61
1994-03-31,26.63672131147541,61
1994-04-01,27.048688524590165,61
1994-04-02,27.81360655737705,61
1994-04-03,27.99344262295082,61
1994-04-04,28.037704918032787,61
1994-04-05,27.86327868852459,61
1994-04-06,27.798032786885248,61
1994-04-07,27.587868852459014,61
1994-04-08,27.48,61
1994-04-09,27.60967213114754,61
1994-04-10,28.00032786885246,61
1994-04-11,28.111475409836064,61
1994-04-12,27.938360655737704,61
1994-04-13,28.036065573770493,61
1994-04-14,27.980819672131148,61
1994-04-15,27.959016393442624,61
1994-04-16,28.00426229508197,61
1994-04-17,28.211311475409836,61
1994-04-18,28.50590163934426,61
1994-04-19,28.59377049180328,61
1994-04-20,28.304918032786883,61
1994-04-21,28.115081967213115,61
1994-04-22,28.098852459016392,61
1994-04-23,27.949016393442626,61
1994-04-24,27.868524590163936,61
1994-04-25,27.82704918032787,61
1994-04-26,27.86655737704918,61
1994-04-27,27.895409836065575,61
1994-04-28,27.878032786885246,61
1994-04-29,28.522786885245903,61
1994-04-30,28.475573770491803,61
1994-05-01,28.120491803278686,61
1994-05-02,27.63770491803279,61
1994-05-03,27.80131147540984,61
1994-05-04,28.272131147540982,61
1994-05-05,28.36934426229508,61
1994-05-06,28.095245901639345,61
1994-05-07,28.09032786885246,61
1994-05-08,27.987704918032787,61
1994-05-09,27.551475409836065,61
1994-05-10,27.159344262295082,61
1994-05-11,27.08,61
1994-05-12,27.16,61
1994-05-13,27.248196721311476,61
1994-05-14,27.245081967213114,61
1994-05-15,27.068524590163936,61
1994-05-16,27.00426229508197,61
1994-05-17,26.992295081967214,61
1994-05-18,26.97065573770492,61
1994-05-19,26.945081967213117,61
1994-05-20,26.974918032786885,61
1994-05-21,26.954754098360656,61
1994-05-22,26.907540983606555,61
1994-05-23,26.65606557377049,61
1994-05-24,26.55327868852459,61
1994-05-25,26.538688524590164,61
1994-05-26,26.46639344262295,61
1994-05-27,26.59360655737705,61
1994-05-28,26.74360655737705,61
1994-05-29,26.82032786885246,61
1994-05-30,26.82524590163934,61
1994-05-31,26.50032786885246,61
1994-06-01,26.04983606557377,61
1994-06-02,25.89688524590164,61
1994-06-03,25.827213114754098,61
1994-06-04,25.710491803278686,61
1994-06-05,25.548196721311477,61
1994-06-06,25.40016393442623,61
1994-06-07,25.348360655737704,61
1994-06-08,25.265573770491805,61
1994-06-09,25.260163934426227,61
1994-06-10,25.284426229508195,61
1994-06-11,25.26360655737705,61
1994-06-12,25.241639344262296,61
1994-06-13,25.123770491803278,61
1994-06-14,25.087213114754096,61
1994-06-15,25.044918032786885,61
1994-06-16,24.97622950819672,61
1994-06-17,25.301967213114754,61
1994-06-18,25.305245901639342,61
1994-06-19,25.21934426229508,61
1994-06-20,25.08311475409836,61
1994-06-21,25.091475409836065,61
1994-06-22,25.225081967213114,61
1994-06-23,25.23967213114754,61
1994-06-24,25.13327868852459,61
1994-06-25,24.838852459016394,61
1994-06-26,24.78688524590164,61
1994-06-27,24.577868852459016,61
1994-06-28,24.518524590163935,61
1994-06-29,24.67327868852459,61
1994-06-30,24.76049180327869,61
1994-07-01,24.788196721311476,61
1994-07-02,24.73934426229508,61
1994-07-03,24.42655737704918,61
1994-07-04,24.387213114754097,61
1994-07-05,24.25049180327869,61
1994-07-06,24.31672131147541,61
1994-07-07,24.36754098360656,61
1994-07-08,24.314918032786885,61
1994-07-09,24.30016393442623,61
1994-07-10,24.155573770491802,61
1994-07-11,24.004918032786886,61
1994-07-12,24.00426229508197,61
1994-07-13,23.922786885245902,61
1994-07-14,23.742786885245902,61
1994-07-15,23.714590163934425,61
1994-07-16,23.778524590163933,61
1994-07-17,23.79639344262295,61
1994-07-18,23.818360655737706,61
1994-07-19,23.638196721311477,61
1994-07-20,23.670327868852457,61
1994-07-21,23.657049180327867,61
1994-07-22,23.59934426229508,61
1994-07-23,23.69950819672131,61
1994-07-24,23.6927868852459,61
1994-07-25,23.66393442622951,61
1994-07-26,23.624098360655736,61
1994-07-27,23.41622950819672,61
1994-07-28,23.45737704918033,61
1994-07-29,23.407868852459018,61
1994-07-30,23.190983606557378,61
1994-07-31,23.031803278688525,61
1994-08-01,22.950655737704917,61
1994-08-02,22.962459016393442,61
1994-08-03,23.018196721311472,61
1994-08-04,23.001311475409835,61
1994-08-05,22.920983606557378,61
1994-08-06,22.808196721311475,61
1994-08-07,22.652622950819673,61
1994-08-08,22.81967213114754,61
1994-08-09,23.05262295081967,61
1994-08-10,23.13360655737705,61
1994-08-11,23.10688524590164,61
1994-08-12,23.67967213114754,61
1994-08-13,23.647868852459016,61
1994-08-14,23.559672131147543,61
1994-08-15,23.34622950819672,61
1994-08-16,23.318032786885247,61
1994-08-17,23.43967213114754,61
1994-08-18,23.501803278688524,61
1994-08-19,23.444426229508196,61
1994-08-20,23.622295081967213,61
1994-08-21,23.69295081967213,61
1994-08-22,23.74049180327869,61
1994-08-23,23.624262295081966,61
1994-08-24,23.77901639344262,61
1994-08-25,24.044262295081968,61
1994-08-26,24.175737704918035,61
1994-08-27,24.17622950819672,61
1994-08-28,23.92327868852459,61
1994-08-29,23.755081967213115,61
1994-08-30,23.49590163934426,61
1994-08-31,23.18901639344262,61
1994-09-01,23.10065573770492,61
1994-09-02,23.09426229508197,61
1994-09-03,23.167377049180327,61
1994-09-04,23.20622950819672,61
1994-09-05,23.402295081967214,61
1994-09-06,23.14311475409836,61
1994-09-07,23.000983606557377,61
1994-09-08,23.098688524590163,61
1994-09-09,23.220163934426232,61
1994-09-10,23.619016393442624,61
1994-09-11,23.567540983606555,61
1994-09-12,23.46688524590164,61
1994-09-13,23.361967213114752,61
1994-09-14,23.204754098360656,61
1994-09-15,23.02786885245902,61
1994-09-16,22.789344262295085,61
1994-09-17,23.128524590163934,61
1994-09-18,23.153934426229508,61
1994-09-19,23.164590163934427,61
1994-09-20,23.258688524590163,61
1994-09-21,23.365573770491803,61
1994-09-22,23.586721311475408,61
1994-09-23,23.598360655737704,61
1994-09-24,23.64327868852459,61
1994-09-25,23.285737704918034,61
1994-09-26,23.157540983606555,61
1994-09-27,22.950819672131146,61
1994-09-28,22.860491803278688,61
1994-09-29,22.737540983606557,61
1994-09-30,22.818524590163936,61
1994-10-01,22.89016393442623,61
1994-10-02,22.86377049180328,61
1994-10-03,22.807377049180328,61
1994-10-04,22.702950819672132,61
1994-10-05,22.451311475409835,61
1994-10-06,22.20360655737705,61
1994-10-07,22.153278688524587,61
1994-10-08,22.341475409836065,61
1994-10-09,22.626393442622952,61
1994-10-10,22.74360655737705,61
1994-10-11,22.984918032786883,61
1994-10-12,22.95688524590164,61
1994-10-13,22.776393442622954,61
1994-10-14,22.501475409836065,61
1994-10-15,22.25639344262295,61
1994-10-16,22.081803278688525,61
1994-10-17,22.064426229508197,61
1994-10-18,22.82524590163934,61
1994-10-19,23.08344262295082,61
1994-10-20,23.230655737704918,61
1994-10-21,23.272950819672133,61
1994-10-22,23.16377049180328,61
1994-10-23,23.145737704918034,61
1994-10-24,23.129180327868855,61
1994-10-25,23.17360655737705,61
1994-10-26,23.376393442622952,61
1994-10-27,23.36786885245902,61
1994-10-28,23.46672131147541,61
1994-10-29,23.570983606557377,61
1994-10-30,23.57524590163934,61
1994-10-31,23.70229508196721,61
1994-11-01,23.759999999999998,61
1994-11-02,23.82524590163934,61
1994-11-03,23.572622950819675,61
1994-11-04,23.307868852459016,61
1994-11-05,23.407868852459018,61
1994-11-06,24.02950819672131,61
1994-11-07,24.300819672131148,61
1994-11-08,24.298360655737707,61
1994-11-09,24.374426229508195,61
1994-11-10,24.496885245901638,61
1994-11-11,24.404918032786885,61
1994-11-12,24.02229508196721,61
1994-11-13,23.95327868852459,61
1994-11-14,23.95245901639344,61
1994-11-15,24.06606557377049,61
1994-11-16,24.443770491803278,61
1994-11-17,24.528524590163933,61
1994-11-18,24.558360655737705,61
1994-11-19,24.29737704918033,61
1994-11-20,24.29213114754098,61
1994-11-21,24.21344262295082,61
1994-11-22,24.011147540983607,61
1994-11-23,23.841311475409835,61
1994-11-24,23.794918032786885,61
1994-11-25,23.934754098360656,61
1994-11-26,23.97737704918033,61
1994-11-27,23.878032786885246,61
1994-11-28,23.868524590163936,61
1994-11-29,23.977377049180326,61
1994-11-30,24.220163934426232,61
1994-12-01,24.463770491803277,61
1994-12-02,24.695737704918034,61
1994-12-03,24.78688524590164,61
1994-12-04,24.544590163934426,61
1994-12-05,24.31049180327869,61
1994-12-06,24.00639344262295,61
1994-12-07,23.822622950819675,61
1994-12-08,24.08049180327869,61
1994-12-09,24.636885245901638,61
1994-12-10,24.764098360655737,61
1994-12-11,24.533934426229507,61
1994-12-12,24.734754098360654,61
1994-12-13,24.788360655737705,61
1994-12-14,24.80639344262295,61
1994-12-15,24.804262295081966,61
1994-12-16,24.59918032786885,61
1994-12-17,24.218360655737705,61
1994-12-18,24.040983606557376,61
1994-12-19,24.101967213114754,61
1994-12-20,24.855245901639346,61
1994-12-21,25.105245901639346,61
1994-12-22,25.450655737704917,61
1994-12-23,25.977213114754097,61
1994-12-24,26.294918032786885,61
1994-12-25,26.5055737704918,61
1994-12-26,26.55918032786885,61
1994-12-27,26.81098360655738,61
1994-12-28,27.16967213114754,61
1994-12-29,27.2555737704918,61
1994-12-30,27.44081967213115,61
1994-12-31,27.518032786885243,61
1995-01-01,27.25573770491803,61
1995-01-02,26.83622950819672,61
1995-01-03,26.60737704918033,61
1995-01-04,26.131311475409834,61
1995-01-05,26.125081967213116,61
1995-01-06,26.225245901639344,61
1995-01-07,26.24655737704918,61
1995-01-08,26.341147540983606,61
1995-01-09,26.485901639344263,61
1995-01-10,26.536065573770493,61
1995-01-11,26.52704918032787,61
1995-01-12,26.394590163934424,61
1995-01-13,25.94360655737705,61
1995-01-14,25.9672131147541,61
1995-01-15,26.024426229508197,61
1995-01-16,26.039344262295085,61
1995-01-17,25.925081967213117,61
1995-01-18,25.927704918032784,61
1995-01-19,25.984918032786883,61
1995-01-20,26.034262295081966,61
1995-01-21,26.982786885245904,61
1995-01-22,26.748196721311476,61
1995-01-23,26.408524590163935,61
1995-01-24,26.199180327868852,61
1995-01-25,25.871803278688525,61
1995-01-26,26.001967213114753,61
1995-01-27,26.12344262295082,61
1995-01-28,26.085081967213117,61
1995-01-29,25.761803278688525,61
1995-01-30,25.554426229508195,61
1995-01-31,25.563278688524587,61
1995-02-01,26.00672131147541,61
1995-02-02,26.242295081967214,61
1995-02-03,26.23540983606557,61
1995-02-04,25.958032786885248,61
1995-02-05,25.920983606557378,61
1995-02-06,26.327540983606557,61
1995-02-07,26.408688524590165,61
1995-02-08,26.517049180327867,61
1995-02-09,25.818688524590165,61
1995-02-10,25.960819672131144,61
1995-02-11,26.048032786885248,61
1995-02-12,26.821639344262294,61
1995-02-13,26.656885245901638,61
1995-02-14,26.49573770491803,61
1995-02-15,26.732131147540986,61
1995-02-16,26.81672131147541,61
1995-02-17,26.890819672131148,61
1995-02-18,27.294426229508197,61
1995-02-19,27.208196721311477,61
1995-02-20,27.144098360655736,61
1995-02-21,27.894098360655736,61
1995-02-22,27.700655737704917,61
1995-02-23,27.648360655737704,61
1995-02-24,27.695081967213117,61
1995-02-25,27.686885245901642,61
1995-02-26,27.57377049180328,61
1995-02-27,27.22770491803279,61
1995-02-28,27.079016393442622,61
1995-03-01,27.21704918032787,61
1995-03-02,27.4372131147541,61
1995-03-03,27.24409836065574,61
1995-03-04,26.997704918032785,61
1995-03-05,27.37327868852459,61
1995-03-06,27.442295081967213,61
1995-03-07,27.39147540983607,61
1995-03-08,27.56081967213115,61
1995-03-09,28.195901639344264,61
1995-03-10,28.16672131147541,61
1995-03-11,27.828360655737704,61
1995-03-12,27.785081967213117,61
1995-03-13,27.77950819672131,61
1995-03-14,27.716065573770493,61
1995-03-15,27.729344262295083,61
1995-03-16,27.732786885245904,61
1995-03-17,27.721639344262293,61
1995-03-18,28.625573770491805,61
1995-03-19,28.700655737704917,61
1995-03-20,28.818196721311477,61
1995-03-21,28.80672131147541,61
1995-03-22,28.779999999999998,61
1995-03-23,28.748032786885247,61
1995-03-24,29.007704918032786,61
1995-03-25,29.148032786885246,61
1995-03-26,29.110491803278688,61
1995-03-27,28.930983606557376,61
1995-03-28,28.92459016393443,61
1995-03-29,28.82967213114754,61
1995-03-30,28.67049180327869,61
1995-03-31,28.691967213114754,61
1995-04-01,28.75573770491803,61
1995-04-02,28.79770491803279,61
1995-04-03,28.70672131147541,61
1995-04-04,28.625409836065575,61
1995-04-05,28.478852459016395,61
1995-04-06,27.683114754098362,61
1995-04-07,27.677868852459014,61
1995-04-08,27.66393442622951,61
1995-04-09,27.304918032786883,61
1995-04-10,27.44868852459016,61
1995-04-11,27.69688524590164,61
1995-04-12,27.926885245901637,61
1995-04-13,28.053606557377048,61
1995-04-14,27.981967213114757,61
1995-04-15,27.729508196721312,61
1995-04-16,27.662295081967216,61
1995-04-17,27.538688524590164,61
1995-04-18,27.348360655737704,61
1995-04-19,27.251475409836065,61
1995-04-20,27.43344262295082,61
1995-04-21,27.53737704918033,61
1995-04-22,27.409016393442624,61
1995-04-23,27.342459016393445,61
1995-04-24,27.50590163934426,61
1995-04-25,28.025409836065574,61
1995-04-26,28.05934426229508,61
1995-04-27,27.767540983606555,61
1995-04-28,27.535901639344264,61
1995-04-29,27.399672131147543,61
1995-04-30,27.410819672131147,61
1995-05-01,27.4155737704918,61
1995-05-02,27.374918032786884,61
1995-05-03,27.33377049180328,61
1995-05-04,27.191803278688525,61
1995-05-05,26.70262295081967,61
1995-05-06,26.19688524590164,61
1995-05-07,26.32049180327869,61
1995-05-08,26.621147540983607,61
1995-05-09,26.767377049180325,61
1995-05-10,26.851475409836066,61
1995-05-11,26.80639344262295,61
1995-05-12,26.662786885245904,61
1995-05-13,26.745245901639343,61
1995-05-14,26.668852459016392,61
1995-05-15,26.381147540983605,61
1995-05-16,26.48967213114754,61
1995-05-17,26.561311475409838,61
1995-05-18,26.534590163934425,61
1995-05-19,26.354918032786887,61
1995-05-20,26.278688524590162,61
1995-05-21,26.23016393442623,61
1995-05-22,25.610983606557376,61
1995-05-23,25.712131147540983,61
1995-05-24,25.90311475409836,61
1995-05-25,25.716065573770493,61
1995-05-26,25.92983606557377,61
1995-05-27,26.084918032786888,61
1995-05-28,25.91032786885246,61
1995-05-29,25.874590163934425,61
1995-05-30,25.845245901639345,61
1995-05-31,25.82360655737705,61
1995-06-01,25.658524590163935,61
1995-06-02,25.561311475409838,61
1995-06-03,25.411475409836065,61
1995-06-04,25.07540983606557,61
1995-06-05,24.61327868852459,61
1995-06-06,24.524262295081968,61
1995-06-07,24.533770491803278,61
1995-06-08,24.533770491803278,61
1995-06-09,24.572459016393445,61
1995-06-10,24.6472131147541,61
1995-06-11,24.691147540983607,61
1995-06-12,24.73704918032787,61
1995-06-13,24.82934426229508,61
1995-06-14,24.838852459016394,61
1995-06-15,24.805245901639342,61
1995-06-16,24.844918032786886,61
1995-06-17,24.899672131147543,61
1995-06-18,24.991311475409837,61
1995-06-19,24.828360655737704,61
1995-06-20,24.270983606557376,61
1995-06-21,24.091639344262294,61
1995-06-22,24.121639344262295,61
1995-06-23,24.46327868852459,61
1995-06-24,24.881967213114752,61
1995-06-25,25.007868852459016,61
1995-06-26,25.04393442622951,61
1995-06-27,25.010983606557378,61
1995-06-28,25.15672131147541,61
1995-06-29,25.234754098360654,61
1995-06-30,25.17065573770492,61
1995-07-01,24.961967213114754,61
1995-07-02,24.638688524590165,61
1995-07-03,24.567377049180326,61
1995-07-04,24.488688524590163,61
1995-07-05,24.46262295081967,61
1995-07-06,24.41704918032787,61
1995-07-07,24.369016393442624,61
1995-07-08,24.074426229508195,61
1995-07-09,24.053770491803277,61
1995-07-10,23.99016393442623,61
1995-07-11,24.002459016393445,61
1995-07-12,24.125901639344264,61
1995-07-13,24.30032786885246,61
1995-07-14,24.31360655737705,61
1995-07-15,24.305081967213113,61
1995-07-16,24.267049180327867,61
1995-07-17,24.35016393442623,61
1995-07-18,24.273114754098362,61
1995-07-19,23.928196721311473,61
1995-07-20,23.700491803278688,61
1995-07-21,24.00573770491803,61
1995-07-22,24.149836065573773,61
1995-07-23,24.345901639344262,61
1995-07-24,24.378032786885246,61
1995-07-25,24.33983606557377,61
1995-07-26,24.10295081967213,61
1995-07-27,24.204426229508197,61
1995-07-28,24.244754098360655,61
1995-07-29,23.621803278688525,61
1995-07-30,23.00967213114754,61
1995-07-31,23.402295081967214,61
1995-08-01,23.499180327868853,61
1995-08-02,23.548524590163936,61
1995-08-03,23.441475409836066,61
1995-08-04,23.18737704918033,61
1995-08-05,23.286393442622952,61
1995-08-06,23.40098360655738,61
1995-08-07,23.14672131147541,61
1995-08-08,22.94311475409836,61
1995-08-09,22.848032786885245,61
1995-08-10,23.092950819672133,61
1995-08-11,23.129016393442623,61
1995-08-12,23.078032786885245,61
1995-08-13,23.05049180327869,61
1995-08-14,23.00344262295082,61
1995-08-15,23.02409836065574,61
1995-08-16,23.05639344262295,61
1995-08-17,23.061639344262296,61
1995-08-18,22.876229508196722,61
1995-08-19,22.81672131147541,61
1995-08-20,22.805081967213113,61
1995-08-21,22.79590163934426,61
1995-08-22,22.788524590163934,61
1995-08-23,22.246721311475408,61
1995-08-24,22.25016393442623,61
1995-08-25,22.43,61
1995-08-26,22.434754098360656,61
1995-08-27,22.965409836065575,61
1995-08-28,22.942459016393443,61
1995-08-29,22.74606557377049,61
1995-08-30,22.696065573770493,61
1995-08-31,22.64540983606557,61
1995-09-01,22.753278688524592,61
1995-09-02,22.662459016393445,61
1995-09-03,22.46655737704918,61
1995-09-04,22.58573770491803,61
1995-09-05,22.591967213114753,61
1995-09-06,22.46639344262295,61
1995-09-07,22.64049180327869,61
1995-09-08,22.708524590163936,61
1995-09-09,22.64672131147541,61
1995-09-10,23.065737704918032,61
1995-09-11,22.77327868852459,61
1995-09-12,22.598032786885245,61
1995-09-13,22.638196721311477,61
1995-09-14,22.82655737704918,61
1995-09-15,22.842295081967215,61
1995-09-16,22.771803278688523,61
1995-09-17,22.442459016393443,61
1995-09-18,22.474590163934426,61
1995-09-19,22.728524590163936,61
1995-09-20,22.774262295081968,61
1995-09-21,22.67065573770492,61
1995-09-22,22.650000000000002,61
1995-09-23,22.63754098360656,61
1995-09-24,22.658524590163935,61
1995-09-25,22.69983606557377,61
1995-09-26,22.921475409836066,61
1995-09-27,22.998688524590165,61
1995-09-28,23.011803278688525,61
1995-09-29,22.734426229508195,61
1995-09-30,22.803934426229507,61
1995-10-01,23.06672131147541,61
1995-10-02,23.235081967213112,61
1995-10-03,23.442131147540984,61
1995-10-04,23.104918032786887,61
1995-10-05,23.261475409836066,61
1995-10-06,23.290491803278687,61
1995-10-07,23.28360655737705,61
1995-10-08,23.2627868852459,61
1995-10-09,23.20262295081967,61
1995-10-10,23.195573770491805,61
1995-10-11,23.055573770491804,61
1995-10-12,23.12672131147541,61
1995-10-13,23.212131147540983,61
1995-10-14,23.668524590163933,61
1995-10-15,23.81606557377049,61
1995-10-16,23.885409836065573,61
1995-10-17,23.77967213114754,61
1995-10-18,23.47032786885246,61
1995-10-19,23.856229508196723,61
1995-10-20,23.951803278688523,61
1995-10-21,23.995573770491802,61
1995-10-22,24.01360655737705,61
1995-10-23,24.017213114754096,61
1995-10-24,24.017540983606555,61
1995-10-25,24.01032786885246,61
1995-10-26,23.945901639344264,61
1995-10-27,23.54688524590164,61
1995-10-28,23.57688524590164,61
1995-10-29,23.719672131147544,61
1995-10-30,23.55262295081967,61
1995-10-31,23.369016393442624,61
1995-11-01,23.393606557377048,61
1995-11-02,23.22377049180328,61
1995-11-03,23.201967213114752,61
1995-11-04,23.32,61
1995-11-05,23.559836065573773,61
1995-11-06,23.68622950819672,61
1995-11-07,24.210983606557377,61
1995-11-08,24.08950819672131,61
1995-11-09,23.69360655737705,61
1995-11-10,23.814754098360655,61
1995-11-11,23.950491803278688,61
1995-11-12,23.9627868852459,61
1995-11-13,23.935409836065574,61
1995-11-14,24.554426229508195,61
1995-11-15,24.72344262295082,61
1995-11-16,24.662786885245904,61
1995-11-17,24.43901639344262,61
1995-11-18,24.42295081967213,61
1995-11-19,24.438524590163933,61
1995-11-20,24.79393442622951,61
1995-11-21,24.830000000000002,61
1995-11-22,24.884098360655738,61
1995-11-23,25.054426229508195,61
1995-11-24,24.945901639344264,61
1995-11-25,24.884262295081967,61
1995-11-26,24.851967213114754,61
1995-11-27,24.66688524590164,61
1995-11-28,24.501147540983606,61
1995-11-29,24.604426229508196,61
1995-11-30,24.708524590163936,61
1995-12-01,24.741803278688526,61
1995-12-02,24.776885245901642,61
1995-12-03,25.02,61
1995-12-04,24.997704918032785,61
1995-12-05,25.11655737704918,61
1995-12-06,25.343114754098362,61
1995-12-07,25.185901639344262,61
1995-12-08,24.54754098360656,61
1995-12-09,24.47344262295082,61
1995-12-10,24.524754098360656,61
1995-12-11,24.55655737704918,61
1995-12-12,24.29672131147541,61
1995-12-13,24.49573770491803,61
1995-12-14,24.76311475409836,61
1995-12-15,24.97098360655738,61
1995-12-16,25.131639344262293,61
1995-12-17,25.094426229508198,61
1995-12-18,24.871147540983607,61
1995-12-19,24.75049180327869,61
1995-12-20,24.79245901639344,61
1995-12-21,24.79016393442623,61
1995-12-22,24.199016393442626,61
1995-12-23,24.135081967213114,61
1995-12-24,24.10360655737705,61
1995-12-25,24.08016393442623,61
1995-12-26,24.16426229508197,61
1995-12-27,24.3,61
1995-12-28,24.468852459016393,61
1995-12-29,24.365081967213115,61
1995-12-30,24.357868852459013,61
1995-12-31,25.66032786885246,61
1996-01-01,25.552459016393442,61
1996-01-02,25.261147540983607,61
1996-01-03,25.19688524590164,61
1996-01-04,25.288196721311476,61
1996-01-05,25.14704918032787,61
1996-01-06,25.37688524590164,61
1996-01-07,25.540819672131146,61
1996-01-08,25.625409836065575,61
1996-01-09,25.269016393442623,61
1996-01-10,25.160983606557377,61
1996-01-11,25.162622950819674,61
1996-01-12,25.248852459016394,61
1996-01-13,25.13065573770492,61
1996-01-14,25.157704918032785,61
1996-01-15,25.96688524590164,61
1996-01-16,26.075901639344263,61
1996-01-17,25.950491803278688,61
1996-01-18,25.318196721311477,61
1996-01-19,25.347377049180327,61
1996-01-20,25.441803278688525,61
1996-01-21,25.798524590163936,61
1996-01-22,26.16032786885246,61
1996-01-23,26.33295081967213,61
1996-01-24,26.26950819672131,61
1996-01-25,26.271639344262294,61
1996-01-26,26.261967213114755,61
1996-01-27,25.72065573770492,61
1996-01-28,25.08622950819672,61
1996-01-29,25.014098360655737,61
1996-01-30,25.077540983606557,61
1996-01-31,25.25426229508197,61
1996-02-01,25.788360655737705,61
1996-02-02,26.41393442622951,61
1996-02-03,26.56983606557377,61
1996-02-04,26.620983606557377,61
1996-02-05,26.70311475409836,61
1996-02-06,25.97967213114754,61
1996-02-07,25.90606557377049,61
1996-02-08,26.039836065573773,61
1996-02-09,26.819508196721312,61
1996-02-10,27.281639344262295,61
1996-02-11,27.625737704918034,61
1996-02-12,27.690163934426227,61
1996-02-13,27.72114754098361,61
1996-02-14,27.74016393442623,61
1996-02-15,27.927213114754096,61
1996-02-16,27.814918032786885,61
1996-02-17,27.55262295081967,61
1996-02-18,27.158688524590165,61
1996-02-19,26.94967213114754,61
1996-02-20,27.02,61
1996-02-21,27.482786885245904,61
1996-02-22,27.56770491803279,61
1996-02-23,27.31360655737705,61
1996-02-24,27.8572131147541,61
1996-02-25,27.898852459016393,61
1996-02-26,27.48672131147541,61
1996-02-27,27.57688524590164,61
1996-02-28,27.7972131147541,61
1996-02-29,28.07,61
1996-03-01,28.36016393442623,61
1996-03-02,28.3927868852459,61
1996-03-03,28.384098360655738,61
1996-03-04,28.13590163934426,61
1996-03-05,27.05049180327869,61
1996-03-06,27.188032786885245,61
1996-03-07,27.625901639344264,61
1996-03-08,27.758852459016392,61
1996-03-09,27.303934426229507,61
1996-03-10,27.048688524590165,61
1996-03-11,26.964098360655736,61
1996-03-12,26.982786885245904,61
1996-03-13,27.22295081967213,61
1996-03-14,27.30327868852459,61
1996-03-15,27.255081967213115,61
1996-03-16,27.377540983606558,61
1996-03-17,27.60688524590164,61
1996-03-18,27.85983606557377,61
1996-03-19,28.211311475409836,61
1996-03-20,28.571147540983606,61
1996-03-21,28.808196721311475,61
1996-03-22,28.758688524590163,61
1996-03-23,28.079016393442622,61
1996-03-24,27.94672131147541,61
1996-03-25,27.568360655737706,61
1996-03-26,27.403278688524587,61
1996-03-27,27.345573770491804,61
1996-03-28,27.50573770491803,61
1996-03-29,27.639016393442624,61
1996-03-30,27.67655737704918,61
1996-03-31,27.674098360655737,61
1996-04-01,28.052295081967213,61
1996-04-02,27.912295081967216,61
1996-04-03,27.850163934426227,61
1996-04-04,27.870819672131145,61
1996-04-05,27.631475409836064,61
1996-04-06,27.754918032786886,61
1996-04-07,27.860983606557376,61
1996-04-08,27.85950819672131,61
1996-04-09,27.979016393442624,61
1996-04-10,27.954918032786885,61
1996-04-11,26.83081967213115,61
1996-04-12,26.778360655737707,61
1996-04-13,26.791475409836064,61
1996-04-14,27.13327868852459,61
1996-04-15,27.65098360655738,61
1996-04-16,27.99950819672131,61
1996-04-17,28.098688524590163,61
1996-04-18,27.821147540983606,61
1996-04-19,27.73950819672131,61
1996-04-20,27.61704918032787,61
1996-04-21,27.618852459016395,61
1996-04-22,27.5627868852459,61
1996-04-23,27.359180327868852,61
1996-04-24,27.22377049180328,61
1996-04-25,27.529999999999998,61
1996-04-26,27.851639344262296,61
1996-04-27,27.958852459016395,61
1996-04-28,28.02393442622951,61
1996-04-29,27.30049180327869,61
1996-04-30,27.2555737704918,61
1996-05-01,27.229344262295083,61
1996-05-02,27.089180327868853,61
1996-05-03,26.95786885245902,61
1996-05-04,26.845573770491804,61
1996-05-05,27.181147540983606,61
1996-05-06,27.455901639344262,61
1996-05-07,27.413114754098363,61
1996-05-08,26.89688524590164,61
1996-05-09,26.599999999999998,61
1996-05-10,26.680819672131147,61
1996-05-11,26.624590163934425,61
1996-05-12,26.47377049180328,61
1996-05-13,26.345245901639345,61
1996-05-14,26.327704918032786,61
1996-05-15,26.305409836065575,61
1996-05-16,26.255245901639345,61
1996-05-17,26.014098360655737,61
1996-05-18,26.100327868852457,61
1996-05-19,26.188196721311474,61
1996-05-20,26.19360655737705,61
1996-05-21,26.10327868852459,61
1996-05-22,25.987377049180328,61
1996-05-23,25.975081967213114,61
1996-05-24,26.095081967213115,61
1996-05-25,25.86032786885246,61
1996-05-26,26.38606557377049,61
1996-05-27,26.529999999999998,61
1996-05-28,26.442622950819672,61
1996-05-29,26.18754098360656,61
1996-05-30,26.031639344262295,61
1996-05-31,25.861803278688523,61
1996-06-01,25.767377049180325,61
1996-06-02,25.765409836065576,61
1996-06-03,25.71262295081967,61
1996-06-04,25.531311475409836,61
1996-06-05,26.072950819672133,61
1996-06-06,26.475409836065573,61
1996-06-07,26.479344262295083,61
1996-06-08,26.255409836065574,61
1996-06-09,26.073114754098363,61
1996-06-10,26.029836065573768,61
1996-06-11,25.92475409836066,61
1996-06-12,25.86377049180328,61
1996-06-13,25.80295081967213,61
1996-06-14,25.7627868852459,61
1996-06-15,25.51672131147541,61
1996-06-16,25.33622950819672,61
1996-06-17,25.122131147540983,61
1996-06-18,25.105409836065576,61
1996-06-19,25.358032786885243,61
1996-06-20,25.024426229508197,61
1996-06-21,24.808688524590163,61
1996-06-22,24.78737704918033,61
1996-06-23,25.065573770491802,61
1996-06-24,25.04754098360656,61
1996-06-25,24.89065573770492,61
1996-06-26,24.590655737704918,61
1996-06-27,24.738032786885245,61
1996-06-28,24.841311475409835,61
1996-06-29,25.04016393442623,61
1996-06-30,25.378524590163934,61
1996-07-01,25.519344262295082,61
1996-07-02,25.114754098360656,61
1996-07-03,25.056229508196722,61
1996-07-04,24.988360655737704,61
1996-07-05,24.842786885245904,61
1996-07-06,24.857704918032788,61
1996-07-07,24.87655737704918,61
1996-07-08,25.245409836065573,61
1996-07-09,25.478032786885247,61
1996-07-10,25.593114754098362,61
1996-07-11,25.69311475409836,61
1996-07-12,25.77655737704918,61
1996-07-13,25.195245901639346,61
1996-07-14,24.160983606557377,61
1996-07-15,24.313278688524587,61
1996-07-16,24.49983606557377,61
1996-07-17,24.58311475409836,61
1996-07-18,24.62311475409836,61
1996-07-19,24.58426229508197,61
1996-07-20,24.616885245901642,61
1996-07-21,24.5327868852459,61
1996-07-22,24.45688524590164,61
1996-07-23,24.36606557377049,61
1996-07-24,24.514262295081966,61
1996-07-25,24.57950819672131,61
1996-07-26,24.60672131147541,61
1996-07-27,24.63393442622951,61
1996-07-28,24.517213114754096,61
1996-07-29,24.24590163934426,61
1996-07-30,24.276721311475413,61
1996-07-31,24.11655737704918,61
1996-08-01,23.918688524590163,61
1996-08-02,23.894098360655736,61
1996-08-03,23.67459016393443,61
1996-08-04,23.647704918032787,61
1996-08-05,23.615901639344262,61
1996-08-06,23.541147540983605,61
1996-08-07,23.342622950819674,61
1996-08-08,23.31622950819672,61
1996-08-09,23.27262295081967,61
1996-08-10,23.16377049180328,61
1996-08-11,23.144918032786883,61
1996-08-12,22.83360655737705,61
1996-08-13,22.735081967213112,61
1996-08-14,22.832786885245902,61
1996-08-15,22.82934426229508,61
1996-08-16,22.879180327868855,61
1996-08-17,23.151967213114755,61
1996-08-18,23.097213114754098,61
1996-08-19,23.067049180327867,61
1996-08-20,23.018688524590164,61
1996-08-21,22.8727868852459,61
1996-08-22,22.86245901639344,61
1996-08-23,22.897540983606557,61
1996-08-24,22.75688524590164,61
1996-08-25,22.745245901639343,61
1996-08-26,22.93737704918033,61
1996-08-27,23.24032786885246,61
1996-08-28,23.298852459016395,61
1996-08-29,23.408688524590165,61
1996-08-30,23.41983606557377,61
1996-08-31,23.138524590163936,61
1996-09-01,23.086885245901637,61
1996-09-02,23.134590163934426,61
1996-09-03,23.200819672131146,61
1996-09-04,23.322459016393445,61
1996-09-05,23.50672131147541,61
1996-09-06,23.467868852459016,61
1996-09-07,23.402131147540985,61
1996-09-08,23.518032786885243,61
1996-09-09,23.741147540983608,61
1996-09-10,23.64049180327869,61
1996-09-11,23.062295081967214,61
1996-09-12,23.061639344262296,61
1996-09-13,23.24409836065574,61
1996-09-14,22.77393442622951,61
1996-09-15,22.77409836065574,61
1996-09-16,22.815081967213114,61
1996-09-17,22.723114754098358,61
1996-09-18,22.6083606557377,61
1996-09-19,22.522950819672133,61
1996-09-20,22.84016393442623,61
1996-09-21,22.955409836065574,61
1996-09-22,22.50655737704918,61
1996-09-23,22.840819672131147,61
1996-09-24,22.99098360655738,61
1996-09-25,22.938032786885245,61
1996-09-26,22.588032786885243,61
1996-09-27,22.84327868852459,61
1996-09-28,22.805901639344263,61
1996-09-29,22.65967213114754,61
1996-09-30,22.64065573770492,61
1996-10-01,22.69950819672131,61
1996-10-02,22.88262295081967,61
1996-10-03,22.769180327868852,61
1996-10-04,22.66950819672131,61
1996-10-05,22.981147540983606,61
1996-10-06,23.29295081967213,61
1996-10-07,23.52377049180328,61
1996-10-08,23.64016393442623,61
1996-10-09,23.643606557377048,61
1996-10-10,23.467704918032787,61
1996-10-11,23.466065573770493,61
1996-10-12,23.625901639344264,61
1996-10-13,23.760163934426227,61
1996-10-14,23.742131147540984,61
1996-10-15,23.435573770491803,61
1996-10-16,23.223114754098358,61
1996-10-17,23.120655737704915,61
1996-10-18,23.17967213114754,61
1996-10-19,23.435901639344262,61
1996-10-20,23.764426229508196,61
1996-10-21,24.270819672131147,61
1996-10-22,24.39049180327869,61
1996-10-23,23.995573770491802,61
1996-10-24,23.57950819672131,61
1996-10-25,23.430983606557376,61
1996-10-26,23.55688524590164,61
1996-10-27,23.766393442622952,61
1996-10-28,24.10327868852459,61
1996-10-29,24.13606557377049,61
1996-10-30,23.932786885245903,61
1996-10-31,23.835409836065573,61
1996-11-01,23.67983606557377,61
1996-11-02,23.55639344262295,61
1996-11-03,23.57,61
1996-11-04,23.832459016393443,61
1996-11-05,23.97049180327869,61
1996-11-06,23.95,61
1996-11-07,24.034590163934425,61
1996-11-08,24.27,61
1996-11-09,24.711311475409833,61
1996-11-10,25.55688524590164,61
1996-11-11,25.637213114754097,61
1996-11-12,25.595737704918033,61
1996-11-13,25.357540983606558,61
1996-11-14,24.824098360655736,61
1996-11-15,24.52245901639344,61
1996-11-16,24.60344262295082,61
1996-11-17,24.150000000000002,61
1996-11-18,23.974262295081967,61
1996-11-19,24.09688524590164,61
1996-11-20,24.115737704918033,61
1996-11-21,24.212459016393442,61
1996-11-22,24.165081967213112,61
1996-11-23,24.659344262295082,61
1996-11-24,24.705573770491803,61
1996-11-25,24.628524590163934,61
1996-11-26,24.32918032786885,61
1996-11-27,24.291147540983605,61
1996-11-28,24.332459016393443,61
1996-11-29,24.20393442622951,61
1996-11-30,24.394262295081965,61
1996-12-01,24.4427868852459,61
1996-12-02,24.387377049180326,61
1996-12-03,24.392459016393442,61
1996-12-04,24.190491803278686,61
1996-12-05,23.99967213114754,61
1996-12-06,24.684426229508198,61
1996-12-07,24.831311475409837,61
1996-12-08,24.82950819672131,61
1996-12-09,24.81393442622951,61
1996-12-10,24.910983606557377,61
1996-12-11,24.918688524590163,61
1996-12-12,25.001147540983606,61
1996-12-13,25.045409836065573,61
1996-12-14,25.031475409836066,61
1996-12-15,25.324426229508195,61
1996-12-16,25.39311475409836,61
1996-12-17,25.68377049180328,61
1996-12-18,25.90590163934426,61
1996-12-19,26.118524590163936,61
1996-12-20,26.023114754098362,61
1996-12-21,26.0372131147541,61
1996-12-22,26.048360655737707,61
1996-12-23,26.108852459016394,61
1996-12-24,27.228524590163936,61
1996-12-25,27.33639344262295,61
1996-12-26,27.559836065573773,61
1996-12-27,27.41524590163934,61
1996-12-28,26.864262295081968,61
1996-12-29,26.380000000000003,61
1996-12-30,26.425737704918035,61
1996-12-31,26.530491803278686,61
1997-01-01,26.541475409836064,61
1997-01-02,27.6872131147541,61
1997-01-03,27.804262295081966,61
1997-01-04,27.88065573770492,61
1997-01-05,27.661147540983606,61
1997-01-06,27.624590163934425,61
1997-01-07,27.54655737704918,61
1997-01-08,26.65049180327869,61
1997-01-09,26.609180327868852,61
1997-01-10,26.536393442622952,61
1997-01-11,27.04639344262295,61
1997-01-12,27.12311475409836,61
1997-01-13,27.41049180327869,61
1997-01-14,27.974426229508197,61
1997-01-15,28.351475409836066,61
1997-01-16,28.577868852459016,61
1997-01-17,28.847377049180327,61
1997-01-18,28.82573770491803,61
1997-01-19,28.79229508196721,61
1997-01-20,28.444918032786887,61
1997-01-21,28.25622950819672,61
1997-01-22,28.048032786885248,61
1997-01-23,28.319180327868853,61
1997-01-24,28.631639344262293,61
1997-01-25,28.520819672131147,61
1997-01-26,28.54262295081967,61
1997-01-27,28.868688524590166,61
1997-01-28,29.13049180327869,61
1997-01-29,29.201639344262293,61
1997-01-30,28.928688524590164,61
1997-01-31,28.905081967213114,61
1997-02-01,28.969836065573773,61
1997-02-02,28.95622950819672,61
1997-02-03,28.455737704918032,61
1997-02-04,28.559836065573773,61
1997-02-05,28.75672131147541,61
1997-02-06,28.729344262295083,61
1997-02-07,28.014754098360658,61
1997-02-08,27.97098360655738,61
1997-02-09,27.958032786885248,61
1997-02-10,27.757868852459016,61
1997-02-11,27.91377049180328,61
1997-02-12,28.71295081967213,61
1997-02-13,28.362786885245903,61
1997-02-14,28.237540983606557,61
1997-02-15,28.209672131147542,61
1997-02-16,28.131147540983605,61
1997-02-17,27.048032786885248,61
1997-02-18,27.195737704918034,61
1997-02-19,27.351967213114754,61
1997-02-20,27.09344262295082,61
1997-02-21,26.262622950819672,61
1997-02-22,26.42016393442623,61
1997-02-23,26.766065573770494,61
1997-02-24,26.970000000000002,61
1997-02-25,27.408032786885244,61
1997-02-26,27.531639344262295,61
1997-02-27,27.11754098360656,61
1997-02-28,27.050819672131148,61
1997-03-01,27.558524590163934,61
1997-03-02,28.057704918032787,61
1997-03-03,28.236065573770492,61
1997-03-04,28.22606557377049,61
1997-03-05,28.205409836065574,61
1997-03-06,27.865081967213115,61
1997-03-07,26.80016393442623,61
1997-03-08,26.700327868852458,61
1997-03-09,26.719508196721314,61
1997-03-10,26.7372131147541,61
1997-03-11,27.074918032786883,61
1997-03-12,27.455901639344262,61
1997-03-13,27.73983606557377,61
1997-03-14,27.914590163934427,61
1997-03-15,27.934262295081968,61
1997-03-16,27.425573770491805,61
1997-03-17,27.096721311475413,61
1997-03-18,27.030819672131145,61
1997-03-19,26.98672131147541,61
1997-03-20,27.19688524590164,61
1997-03-21,27.50672131147541,61
1997-03-22,27.661475409836065,61
1997-03-23,27.680819672131147,61
1997-03-24,27.675409836065576,61
1997-03-25,27.55918032786885,61
1997-03-26,26.86606557377049,61
1997-03-27,26.74360655737705,61
1997-03-28,26.39311475409836,61
1997-03-29,26.292950819672132,61
1997-03-30,26.374918032786884,61
1997-03-31,26.49327868852459,61
1997-04-01,26.528524590163933,61
1997-04-02,26.464426229508195,61
1997-04-03,26.377704918032787,61
1997-04-04,26.73639344262295,61
1997-04-05,26.87688524590164,61
1997-04-06,26.85688524590164,61
1997-04-07,26.86606557377049,61
1997-04-08,26.951311475409835,61
1997-04-09,27.244590163934426,61
1997-04-10,27.435573770491803,61
1997-04-11,27.47229508196721,61
1997-04-12,27.469180327868855,61
1997-04-13,27.683114754098362,61
1997-04-14,27.273114754098362,61
1997-04-15,27.09950819672131,61
1997-04-16,26.95639344262295,61
1997-04-17,27.254590163934427,61
1997-04-18,27.594918032786886,61
1997-04-19,27.7627868852459,61
1997-04-20,27.841639344262294,61
1997-04-21,27.85950819672131,61
1997-04-22,27.74967213114754,61
1997-04-23,27.718032786885246,61
1997-04-24,27.64016393442623,61
1997-04-25,27.686885245901642,61
1997-04-26,27.754918032786886,61
1997-04-27,27.530819672131145,61
1997-04-28,27.481147540983606,61
1997-04-29,27.55016393442623,61
1997-04-30,27.45262295081967,61
1997-05-01,27.36229508196721,61
1997-05-02,27.19950819672131,61
1997-05-03,27.09901639344262,61
1997-05-04,27.395081967213113,61
1997-05-05,27.377540983606558,61
1997-05-06,27.294754098360656,61
1997-05-07,27.274262295081968,61
1997-05-08,27.16344262295082,61
1997-05-09,27.091803278688523,61
1997-05-10,26.924098360655737,61
1997-05-11,26.612950819672132,61
1997-05-12,26.68,61
1997-05-13,26.855409836065576,61
1997-05-14,26.91688524590164,61
1997-05-15,27.06377049180328,61
1997-05-16,26.788524590163934,61
1997-05-17,26.319508196721312,61
1997-05-18,26.221475409836067,61
1997-05-19,26.39147540983607,61
1997-05-20,26.60311475409836,61
1997-05-21,26.671475409836066,61
1997-05-22,26.76295081967213,61
1997-05-23,26.752131147540982,61
1997-05-24,26.629508196721314,61
1997-05-25,26.886885245901638,61
1997-05-26,26.91622950819672,61
1997-05-27,26.578688524590163,61
1997-05-28,26.471967213114752,61
1997-05-29,26.318196721311477,61
1997-05-30,26.20327868852459,61
1997-05-31,25.808032786885246,61
1997-06-01,25.771311475409835,61
1997-06-02,26.04213114754098,61
1997-06-03,26.135245901639344,61
1997-06-04,26.244754098360655,61
1997-06-05,26.21344262295082,61
1997-06-06,26.105737704918035,61
1997-06-07,25.757377049180327,61
1997-06-08,25.588688524590165,61
1997-06-09,25.346065573770492,61
1997-06-10,25.346065573770492,61
1997-06-11,25.684918032786886,61
1997-06-12,25.719180327868852,61
1997-06-13,25.7,61
1997-06-14,25.62672131147541,61
1997-06-15,25.437704918032786,61
1997-06-16,25.324426229508195,61
1997-06-17,25.321147540983606,61
1997-06-18,25.331639344262296,61
1997-06-19,25.11245901639344,61
1997-06-20,24.624918032786884,61
1997-06-21,24.985245901639342,61
1997-06-22,25.088852459016394,61
1997-06-23,25.074262295081965,61
1997-06-24,25.031803278688525,61
1997-06-25,24.89540983606557,61
1997-06-26,24.69950819672131,61
1997-06-27,24.157377049180326,61
1997-06-28,24.45655737704918,61
1997-06-29,24.385573770491803,61
1997-06-30,24.387868852459018,61
1997-07-01,24.541639344262293,61
1997-07-02,24.66590163934426,61
1997-07-03,24.614754098360656,61
1997-07-04,24.332131147540984,61
1997-07-05,24.22754098360656,61
1997-07-06,24.037704918032787,61
1997-07-07,23.808196721311475,61
1997-07-08,23.66540983606557,61
1997-07-09,23.56983606557377,61
1997-07-10,23.420983606557378,61
1997-07-11,23.366885245901642,61
1997-07-12,23.338360655737706,61
1997-07-13,22.824098360655736,61
1997-07-14,22.82983606557377,61
1997-07-15,22.70262295081967,61
1997-07-16,22.621639344262295,61
1997-07-17,22.76049180327869,61
1997-07-18,22.858196721311472,61
1997-07-19,22.91524590163934,61
1997-07-20,22.91409836065574,61
1997-07-21,22.874426229508195,61
1997-07-22,22.615573770491803,61
1997-07-23,22.236065573770492,61
1997-07-24,22.20672131147541,61
1997-07-25,22.272950819672133,61
1997-07-26,22.378852459016393,61
1997-07-27,22.388360655737706,61
1997-07-28,22.455409836065574,61
1997-07-29,22.47754098360656,61
1997-07-30,22.241639344262296,61
1997-07-31,22.185573770491803,61
1997-08-01,22.629672131147544,61
1997-08-02,22.692622950819672,61
1997-08-03,22.533770491803278,61
1997-08-04,22.35360655737705,61
1997-08-05,22.47081967213115,61
1997-08-06,22.63327868852459,61
1997-08-07,22.630000000000003,61
1997-08-08,22.60426229508197,61
1997-08-09,22.67459016393443,61
1997-08-10,22.605737704918035,61
1997-08-11,22.5527868852459,61
1997-08-12,22.704262295081968,61
1997-08-13,22.572295081967216,61
1997-08-14,22.612131147540982,61
1997-08-15,22.404262295081967,61
1997-08-16,22.420983606557378,61
1997-08-17,22.349999999999998,61
1997-08-18,22.014262295081966,61
1997-08-19,22.184918032786886,61
1997-08-20,22.209344262295083,61
1997-08-21,22.017704918032784,61
1997-08-22,22.000819672131147,61
1997-08-23,22.00360655737705,61
1997-08-24,22.265245901639346,61
1997-08-25,22.454590163934427,61
1997-08-26,22.58967213114754,61
1997-08-27,22.58426229508197,61
1997-08-28,22.491147540983608,61
1997-08-29,22.321967213114757,61
1997-08-30,22.353770491803278,61
1997-08-31,22.420983606557378,61
1997-09-01,22.694426229508196,61
1997-09-02,22.835573770491802,61
1997-09-03,22.901803278688526,61
1997-09-04,22.94049180327869,61
1997-09-05,22.928032786885243,61
1997-09-06,22.318360655737706,61
1997-09-07,22.27950819672131,61
1997-09-08,22.299508196721312,61
1997-09-09,22.223442622950817,61
1997-09-10,22.308196721311475,61
1997-09-11,22.094754098360657,61
1997-09-12,21.991147540983608,61
1997-09-13,21.967540983606558,61
1997-09-14,21.98540983606557,61
1997-09-15,21.931311475409835,61
1997-09-16,22.001803278688524,61
1997-09-17,22.069180327868853,61
1997-09-18,22.08606557377049,61
1997-09-19,22.151147540983608,61
1997-09-20,22.342459016393445,61
1997-09-21,22.28737704918033,61
1997-09-22,22.270819672131147,61
1997-09-23,22.30131147540984,61
1997-09-24,22.071639344262298,61
1997-09-25,22.101803278688525,61
1997-09-26,21.976885245901638,61
1997-09-27,21.815409836065573,61
1997-09-28,21.572622950819675,61
1997-09-29,21.570819672131147,61
1997-09-30,21.705081967213115,61
1997-10-01,21.77622950819672,61
1997-10-02,21.851967213114754,61
1997-10-03,21.969672131147544,61
1997-10-04,22.11344262295082,61
1997-10-05,22.41983606557377,61
1997-10-06,22.55032786885246,61
1997-10-07,22.54360655737705,61
1997-10-08,22.35327868852459,61
1997-10-09,22.155573770491802,61
1997-10-10,22.095245901639345,61
1997-10-11,22.18327868852459,61
1997-10-12,22.908688524590165,61
1997-10-13,23.304262295081966,61
1997-10-14,23.567213114754097,61
1997-10-15,23.56065573770492,61
1997-10-16,23.469016393442622,61
1997-10-17,23.361147540983605,61
1997-10-18,23.46327868852459,61
1997-10-19,23.515737704918035,61
1997-10-20,23.491639344262296,61
1997-10-21,23.782622950819672,61
1997-10-22,23.802459016393442,61
1997-10-23,23.968852459016393,61
1997-10-24,23.901639344262296,61
1997-10-25,23.73934426229508,61
1997-10-26,23.69311475409836,61
1997-10-27,23.553934426229507,61
1997-10-28,23.492786885245902,61
1997-10-29,23.52032786885246,61
1997-10-30,22.61344262295082,61
1997-10-31,22.847704918032786,61
1997-11-01,23.251475409836065,61
1997-11-02,23.39016393442623,61
1997-11-03,23.27377049180328,61
1997-11-04,23.200327868852458,61
1997-11-05,22.77770491803279,61
1997-11-06,22.56081967213115,61
1997-11-07,22.614918032786886,61
1997-11-08,22.754590163934427,61
1997-11-09,22.824426229508195,61
1997-11-10,23.131147540983605,61
1997-11-11,23.07524590163934,61
1997-11-12,22.77655737704918,61
1997-11-13,22.603934426229507,61
1997-11-14,22.57540983606557,61
1997-11-15,22.686885245901642,61
1997-11-16,22.927868852459014,61
1997-11-17,23.007868852459016,61
1997-11-18,23.417377049180327,61
1997-11-19,23.535245901639346,61
1997-11-20,23.509999999999998,61
1997-11-21,23.33311475409836,61
1997-11-22,23.077377049180328,61
1997-11-23,23.214426229508195,61
1997-11-24,23.324918032786883,61
1997-11-25,23.171967213114755,61
1997-11-26,23.217868852459016,61
1997-11-27,23.210327868852456,61
1997-11-28,23.22622950819672,61
1997-11-29,23.271475409836064,61
1997-11-30,23.431967213114753,61
1997-12-01,23.7072131147541,61
1997-12-02,23.994918032786885,61
1997-12-03,24.152131147540985,61
1997-12-04,24.051147540983603,61
1997-12-05,24.092786885245904,61
1997-12-06,23.711639344262295,61
1997-12-07,23.731147540983606,61
1997-12-08,24.031803278688525,61
1997-12-09,24.470000000000002,61
1997-12-10,24.61409836065574,61
1997-12-11,24.578196721311475,61
1997-12-12,24.56098360655738,61
1997-12-13,24.60344262295082,61
1997-12-14,24.585573770491802,61
1997-12-15,23.641967213114757,61
1997-12-16,23.582786885245902,61
1997-12-17,23.63360655737705,61
1997-12-18,23.70655737704918,61
1997-12-19,23.635573770491803,61
1997-12-20,23.412459016393445,61
1997-12-21,23.40573770491803,61
1997-12-22,23.61950819672131,61
1997-12-23,24.021639344262294,61
1997-12-24,25.48032786885246,61
1997-12-25,25.614262295081968,61
1997-12-26,25.55918032786885,61
1997-12-27,25.55934426229508,61
1997-12-28,25.591311475409835,61
1997-12-29,25.60459016393443,61
1997-12-30,25.741639344262296,61
1997-12-31,25.77655737704918,61
1998-01-01,25.573114754098363,61
1998-01-02,24.934590163934427,61
1998-01-03,24.720000000000002,61
1998-01-04,24.64032786885246,61
1998-01-05,24.40295081967213,61
1998-01-06,24.218196721311475,61
1998-01-07,24.151639344262296,61
1998-01-08,24.24065573770492,61
1998-01-09,24.23311475409836,61
1998-01-10,24.339180327868853,61
1998-01-11,25.001639344262294,61
1998-01-12,24.840983606557376,61
1998-01-13,24.662950819672133,61
1998-01-14,24.60049180327869,61
1998-01-15,24.557704918032787,61
1998-01-16,24.57377049180328,61
1998-01-17,24.70377049180328,61
1998-01-18,24.730983606557377,61
1998-01-19,24.804590163934424,61
1998-01-20,23.911967213114757,61
1998-01-21,24.098196721311474,61
1998-01-22,24.335081967213117,61
1998-01-23,24.19459016393443,61
1998-01-24,24.533934426229507,61
1998-01-25,25.08590163934426,61
1998-01-26,25.411147540983606,61
1998-01-27,25.465573770491805,61
1998-01-28,25.63213114754098,61
1998-01-29,26.352295081967213,61
1998-01-30,26.63049180327869,61
1998-01-31,26.785901639344264,61
1998-02-01,26.980983606557377,61
1998-02-02,26.880163934426232,61
1998-02-03,26.618852459016395,61
1998-02-04,26.498688524590165,61
1998-02-05,26.46262295081967,61
1998-02-06,26.389344262295083,61
1998-02-07,27.37311475409836,61
1998-02-08,27.550983606557374,61
1998-02-09,27.768196721311472,61
1998-02-10,27.892295081967212,61
1998-02-11,27.80311475409836,61
1998-02-12,27.66901639344262,61
1998-02-13,27.611311475409835,61
1998-02-14,27.708524590163936,61
1998-02-15,27.718688524590164,61
1998-02-16,28.17426229508197,61
1998-02-17,27.958688524590166,61
1998-02-18,27.67409836065574,61
1998-02-19,27.58295081967213,61
1998-02-20,27.53311475409836,61
1998-02-21,27.69967213114754,61
1998-02-22,27.63213114754098,61
1998-02-23,27.642295081967212,61
1998-02-24,27.681967213114753,61
1998-02-25,26.99295081967213,61
1998-02-26,26.814262295081967,61
1998-02-27,26.853770491803278,61
1998-02-28,26.908360655737706,61
1998-03-01,26.781147540983607,61
1998-03-02,26.85672131147541,61
1998-03-03,27.016557377049182,61
1998-03-04,27.04983606557377,61
1998-03-05,27.095901639344262,61
1998-03-06,27.428524590163935,61
1998-03-07,28.002950819672133,61
1998-03-08,28.101639344262296,61
1998-03-09,27.735081967213112,61
1998-03-10,27.27344262295082,61
1998-03-11,27.091475409836065,61
1998-03-12,26.95213114754098,61
1998-03-13,26.912131147540986,61
1998-03-14,27.07016393442623,61
1998-03-15,27.275737704918033,61
1998-03-16,28.60983606557377,61
1998-03-17,28.757213114754098,61
1998-03-18,28.677377049180325,61
1998-03-19,28.631803278688523,61
1998-03-20,28.544262295081968,61
1998-03-21,28.65672131147541,61
1998-03-22,28.753114754098362,61
1998-03-23,28.811147540983608,61
1998-03-24,28.644754098360654,61
1998-03-25,28.801475409836065,61
1998-03-26,28.71639344262295,61
1998-03-27,28.471803278688522,61
1998-03-28,28.308524590163934,61
1998-03-29,28.34360655737705,61
1998-03-30,28.36229508196721,61
1998-03-31,28.46934426229508,61
1998-04-01,28.489016393442622,61
1998-04-02,28.568360655737706,61
1998-04-03,28.82049180327869,61
1998-04-04,28.781967213114754,61
1998-04-05,28.597540983606557,61
1998-04-06,28.444262295081966,61
1998-04-07,28.381311475409834,61
1998-04-08,28.389344262295083,61
1998-04-09,28.364590163934427,61
1998-04-10,28.338196721311476,61
1998-04-11,28.338852459016394,61
1998-04-12,28.123606557377048,61
1998-04-13,28.076065573770492,61
1998-04-14,27.789016393442626,61
1998-04-15,27.871311475409836,61
1998-04-16,28.233606557377048,61
1998-04-17,28.33983606557377,61
1998-04-18,28.45606557377049,61
1998-04-19,28.400000000000002,61
1998-04-20,28.281967213114754,61
1998-04-21,27.95655737704918,61
1998-04-22,27.86360655737705,61
1998-04-23,27.514754098360658,61
1998-04-24,27.19983606557377,61
1998-04-25,27.535573770491805,61
1998-04-26,28.032295081967213,61
1998-04-27,28.163278688524592,61
1998-04-28,28.190983606557378,61
1998-04-29,28.144262295081965,61
1998-04-30,28.252786885245904,61
1998-05-01,28.236229508196722,61
1998-05-02,28.242295081967214,61
1998-05-03,28.191475409836066,61
1998-05-04,28.138196721311477,61
1998-05-05,28.458524590163936,61
1998-05-06,28.525901639344262,61
1998-05-07,28.52934426229508,61
1998-05-08,28.451311475409835,61
1998-05-09,28.38770491803279,61
1998-05-10,28.385737704918032,61
1998-05-11,27.781311475409836,61
1998-05-12,27.695081967213117,61
1998-05-13,27.757213114754098,61
1998-05-14,27.77918032786885,61
1998-05-15,27.837377049180326,61
1998-05-16,27.81672131147541,61
1998-05-17,27.638196721311477,61
1998-05-18,27.555081967213113,61
1998-05-19,27.52393442622951,61
1998-05-20,27.27639344262295,61
1998-05-21,27.622295081967213,61
1998-05-22,27.88377049180328,61
1998-05-23,28.090655737704918,61
1998-05-24,28.209672131147542,61
1998-05-25,28.271639344262294,61
1998-05-26,28.17327868852459,61
1998-05-27,27.27327868852459,61
1998-05-28,27.08622950819672,61
1998-05-29,27.229180327868853,61
1998-05-30,27.465573770491805,61
1998-05-31,27.81377049180328,61
1998-06-01,28.08606557377049,61
1998-06-02,28.232622950819675,61
1998-06-03,28.27229508196721,61
1998-06-04,28.062131147540985,61
1998-06-05,27.00049180327869,61
1998-06-06,27.002131147540986,61
1998-06-07,26.875737704918034,61
1998-06-08,26.31590163934426,61
1998-06-09,26.268032786885243,61
1998-06-10,26.281967213114754,61
1998-06-11,26.216229508196722,61
1998-06-12,26.15049180327869,61
1998-06-13,26.044262295081968,61
1998-06-14,25.14655737704918,61
1998-06-15,25.11704918032787,61
1998-06-16,25.154426229508196,61
1998-06-17,25.151311475409837,61
1998-06-18,25.294098360655738,61
1998-06-19,25.49622950819672,61
1998-06-20,25.50688524590164,61
1998-06-21,25.502622950819674,61
1998-06-22,25.432131147540982,61
1998-06-23,25.403934426229508,61
1998-06-24,25.42081967213115,61
1998-06-25,25.42032786885246,61
1998-06-26,25.209508196721313,61
1998-06-27,25.171967213114755,61
1998-06-28,25.470000000000002,61
1998-06-29,25.75672131147541,61
1998-06-30,25.91639344262295,61
1998-07-01,25.835245901639347,61
1998-07-02,25.43606557377049,61
1998-07-03,25.441475409836066,61
1998-07-04,25.74311475409836,61
1998-07-05,25.854098360655737,61
1998-07-06,25.701967213114752,61
1998-07-07,25.463770491803277,61
1998-07-08,25.387868852459018,61
1998-07-09,25.301639344262295,61
1998-07-10,25.235081967213112,61
1998-07-11,25.1272131147541,61
1998-07-12,24.74049180327869,61
1998-07-13,24.141147540983606,61
1998-07-14,24.490000000000002,61
1998-07-15,24.42475409836066,61
1998-07-16,24.22967213114754,61
1998-07-17,24.092295081967215,61
1998-07-18,24.01081967213115,61
1998-07-19,23.445245901639346,61
1998-07-20,24.624426229508195,61
1998-07-21,24.428196721311476,61
1998-07-22,23.824262295081965,61
1998-07-23,23.664590163934427,61
1998-07-24,23.66622950819672,61
1998-07-25,23.72622950819672,61
1998-07-26,23.738688524590163,61
1998-07-27,23.721475409836067,61
1998-07-28,23.705081967213115,61
1998-07-29,24.558852459016393,61
1998-07-30,24.573278688524592,61
1998-07-31,24.43704918032787,61
1998-08-01,23.409344262295082,61
1998-08-02,23.477868852459018,61
1998-08-03,23.419999999999998,61
1998-08-04,23.40049180327869,61
1998-08-05,23.350491803278686,61
1998-08-06,23.295409836065573,61
1998-08-07,23.73049180327869,61
1998-08-08,23.732295081967216,61
1998-08-09,23.7372131147541,61
1998-08-10,23.641967213114757,61
1998-08-11,23.439999999999998,61
1998-08-12,23.365245901639344,61
1998-08-13,23.110655737704917,61
1998-08-14,22.967704918032787,61
1998-08-15,22.95245901639344,61
1998-08-16,23.66032786885246,61
1998-08-17,23.661803278688524,61
1998-08-18,23.564918032786885,61
1998-08-19,23.391803278688528,61
1998-08-20,23.24295081967213,61
1998-08-21,23.171475409836066,61
1998-08-22,23.248524590163935,61
1998-08-23,23.28311475409836,61
1998-08-24,23.2772131147541,61
1998-08-25,23.99950819672131,61
1998-08-26,24.001311475409835,61
1998-08-27,23.857540983606558,61
1998-08-28,23.614754098360656,61
1998-08-29,23.16967213114754,61
1998-08-30,23.01459016393443,61
1998-08-31,23.145245901639342,61
1998-09-01,23.24295081967213,61
1998-09-02,23.23049180327869,61
1998-09-03,22.741147540983608,61
1998-09-04,22.77918032786885,61
1998-09-05,22.866721311475413,61
1998-09-06,23.01344262295082,61
1998-09-07,23.17655737704918,61
1998-09-08,23.872295081967213,61
1998-09-09,23.829836065573772,61
1998-09-10,23.767049180327867,61
1998-09-11,23.420983606557378,61
1998-09-12,23.125245901639346,61
1998-09-13,23.06983606557377,61
1998-09-14,22.88295081967213,61
1998-09-15,22.941967213114754,61
1998-09-16,23.025573770491803,61
1998-09-17,22.662295081967216,61
1998-09-18,22.45213114754098,61
1998-09-19,22.465409836065575,61
1998-09-20,22.480983606557377,61
1998-09-21,22.32983606557377,61
1998-09-22,22.38704918032787,61
1998-09-23,22.451967213114752,61
1998-09-24,22.54262295081967,61
1998-09-25,22.612459016393444,61
1998-09-26,22.79737704918033,61
1998-09-27,23.077540983606557,61
1998-09-28,23.234262295081965,61
1998-09-29,23.242295081967214,61
1998-09-30,22.91016393442623,61
1998-10-01,22.94459016393443,61
1998-10-02,23.15032786885246,61
1998-10-03,23.498360655737706,61
1998-10-04,23.558032786885246,61
1998-10-05,23.38245901639344,61
1998-10-06,23.674262295081967,61
1998-10-07,23.7555737704918,61
1998-10-08,23.466065573770493,61
1998-10-09,23.808524590163934,61
1998-10-10,23.574918032786883,61
1998-10-11,23.369180327868854,61
1998-10-12,23.146229508196722,61
1998-10-13,23.02934426229508,61
1998-10-14,22.94967213114754,61
1998-10-15,22.93393442622951,61
1998-10-16,22.91377049180328,61
1998-10-17,22.944754098360658,61
1998-10-18,22.76983606557377,61
1998-10-19,22.76295081967213,61
1998-10-20,22.798360655737707,61
1998-10-21,23.11950819672131,61
1998-10-22,23.657868852459018,61
1998-10-23,23.730819672131148,61
1998-10-24,23.701639344262293,61
1998-10-25,23.770491803278688,61
1998-10-26,23.79016393442623,61
1998-10-27,23.259999999999998,61
1998-10-28,23.158360655737706,61
1998-10-29,23.154426229508196,61
1998-10-30,23.346065573770492,61
1998-10-31,23.471475409836067,61
1998-11-01,23.432950819672133,61
1998-11-02,23.39311475409836,61
1998-11-03,23.418196721311475,61
1998-11-04,23.31377049180328,61
1998-11-05,22.982131147540986,61
1998-11-06,22.992459016393443,61
1998-11-07,23.065737704918032,61
1998-11-08,23.147704918032787,61
1998-11-09,23.194918032786887,61
1998-11-10,23.394590163934424,61
1998-11-11,23.514754098360658,61
1998-11-12,23.596557377049184,61
1998-11-13,23.698196721311476,61
1998-11-14,24.83081967213115,61
1998-11-15,24.877540983606558,61
1998-11-16,24.875245901639346,61
1998-11-17,24.950655737704917,61
1998-11-18,25.19688524590164,61
1998-11-19,25.401803278688526,61
1998-11-20,25.49573770491803,61
1998-11-21,25.48688524590164,61
1998-11-22,25.535737704918034,61
1998-11-23,25.614754098360656,61
1998-11-24,25.568852459016394,61
1998-11-25,25.412950819672133,61
1998-11-26,25.45,61
1998-11-27,25.539016393442626,61
1998-11-28,25.43016393442623,61
1998-11-29,25.36,61
1998-11-30,25.31655737704918,61
1998-12-01,25.25950819672131,61
1998-12-02,25.16344262295082,61
1998-12-03,25.144590163934424,61
1998-12-04,24.954262295081968,61
1998-12-05,24.77,61
1998-12-06,24.660819672131147,61
1998-12-07,24.45360655737705,61
1998-12-08,24.344918032786886,61
1998-12-09,24.71655737704918,61
1998-12-10,24.914754098360653,61
1998-12-11,25.16655737704918,61
1998-12-12,25.177540983606555,61
1998-12-13,25.254590163934427,61
1998-12-14,25.269344262295082,61
1998-12-15,25.08950819672131,61
1998-12-16,24.561639344262296,61
1998-12-17,24.40655737704918,61
1998-12-18,24.45770491803279,61
1998-12-19,24.831639344262296,61
1998-12-20,25.780983606557378,61
1998-12-21,26.06393442622951,61
1998-12-22,26.313278688524587,61
1998-12-23,26.19934426229508,61
1998-12-24,26.10983606557377,61
1998-12-25,26.18606557377049,61
1998-12-26,26.178852459016394,61
1998-12-27,26.03327868852459,61
1998-12-28,25.525245901639344,61
1998-12-29,25.635573770491803,61
1998-12-30,25.828688524590163,61
1998-12-31,26.161147540983606,61
1999-01-01,26.241639344262296,61
1999-01-02,26.194590163934425,61
1999-01-03,26.23639344262295,61
1999-01-04,26.19704918032787,61
1999-01-05,26.299016393442624,61
1999-01-06,25.641147540983606,61
1999-01-07,25.070819672131147,61
1999-01-08,24.94360655737705,61
1999-01-09,24.87704918032787,61
1999-01-10,24.97622950819672,61
1999-01-11,24.781311475409836,61
1999-01-12,24.747704918032785,61
1999-01-13,24.765081967213117,61
1999-01-14,24.86409836065574,61
1999-01-15,25.273114754098362,61
1999-01-16,26.657868852459018,61
1999-01-17,26.858852459016394,61
1999-01-18,26.846393442622954,61
1999-01-19,26.89344262295082,61
1999-01-20,27.157868852459018,61
1999-01-21,27.17311475409836,61
1999-01-22,27.15967213114754,61
1999-01-23,27.177868852459014,61
1999-01-24,25.96311475409836,61
1999-01-25,25.904918032786885,61
1999-01-26,26.032622950819672,61
1999-01-27,26.19934426229508,61
1999-01-28,26.43918032786885,61
1999-01-29,26.618524590163936,61
1999-01-30,26.824590163934424,61
1999-01-31,26.828852459016392,61
1999-02-01,26.819016393442624,61
1999-02-02,26.177704918032784,61
1999-02-03,26.15590163934426,61
1999-02-04,26.266065573770494,61
1999-02-05,26.752459016393445,61
1999-02-06,27.758688524590163,61
1999-02-07,28.622295081967213,61
1999-02-08,28.88229508196721,61
1999-02-09,28.89540983606557,61
1999-02-10,28.88672131147541,61
1999-02-11,28.463606557377048,61
1999-02-12,28.358196721311472,61
1999-02-13,28.275901639344262,61
1999-02-14,28.368524590163936,61
1999-02-15,28.68360655737705,61
1999-02-16,28.97360655737705,61
1999-02-17,28.979016393442624,61
1999-02-18,28.86950819672131,61
1999-02-19,28.851967213114754,61
1999-02-20,28.856393442622952,61
1999-02-21,28.66590163934426,61
1999-02-22,27.852459016393443,61
1999-02-23,27.522622950819674,61
1999-02-24,27.425081967213117,61
1999-02-25,27.68,61
1999-02-26,27.798196721311477,61
1999-02-27,27.794918032786885,61
1999-02-28,27.819016393442624,61
1999-03-01,29.11229508196721,61
1999-03-02,29.24065573770492,61
1999-03-03,29.023114754098362,61
1999-03-04,28.735573770491804,61
1999-03-05,28.96344262295082,61
1999-03-06,29.34409836065574,61
1999-03-07,29.5527868852459,61
1999-03-08,29.734754098360654,61
1999-03-09,29.71688524590164,61
1999-03-10,29.89,61
1999-03-11,29.95409836065574,61
1999-03-12,30.041639344262293,61
1999-03-13,29.90606557377049,61
1999-03-14,29.64147540983607,61
1999-03-15,29.208688524590166,61
1999-03-16,29.044590163934426,61
1999-03-17,28.885409836065573,61
1999-03-18,28.687704918032786,61
1999-03-19,28.35459016393443,61
1999-03-20,28.267049180327867,61
1999-03-21,27.955573770491803,61
1999-03-22,27.987704918032787,61
1999-03-23,28.25918032786885,61
1999-03-24,28.23704918032787,61
1999-03-25,28.282622950819672,61
1999-03-26,28.32360655737705,61
1999-03-27,28.50573770491803,61
1999-03-28,28.855245901639346,61
1999-03-29,28.94967213114754,61
1999-03-30,28.814754098360655,61
1999-03-31,28.298032786885248,61
1999-04-01,28.266393442622952,61
1999-04-02,28.66524590163934,61
1999-04-03,28.93032786885246,61
1999-04-04,28.942131147540984,61
1999-04-05,29.43983606557377,61
1999-04-06,29.111639344262294,61
1999-04-07,28.819344262295083,61
1999-04-08,28.64,61
1999-04-09,28.638032786885248,61
1999-04-10,28.42344262295082,61
1999-04-11,28.241803278688526,61
1999-04-12,28.17622950819672,61
1999-04-13,28.144590163934424,61
1999-04-14,28.131147540983605,61
1999-04-15,29.09344262295082,61
1999-04-16,29.444262295081966,61
1999-04-17,29.34,61
1999-04-18,29.096721311475413,61
1999-04-19,28.922295081967214,61
1999-04-20,28.954918032786885,61
1999-04-21,28.99639344262295,61
1999-04-22,28.955901639344262,61
1999-04-23,29.2172131147541,61
1999-04-24,29.091967213114753,61
1999-04-25,28.769180327868852,61
1999-04-26,28.454754098360656,61
1999-04-27,28.311475409836067,61
1999-04-28,28.489836065573773,61
1999-04-29,28.659180327868853,61
1999-04-30,28.701475409836064,61
1999-05-01,28.483934426229506,61
1999-05-02,28.361147540983605,61
1999-05-03,28.414754098360653,61
1999-05-04,28.416065573770492,61
1999-05-05,28.236065573770492,61
1999-05-06,28.107704918032788,61
1999-05-07,28.25032786885246,61
1999-05-08,28.578032786885245,61
1999-05-09,28.61344262295082,61
1999-05-10,28.531967213114754,61
1999-05-11,28.341639344262294,61
1999-05-12,27.039508196721314,61
1999-05-13,26.618032786885248,61
1999-05-14,26.67426229508197,61
1999-05-15,26.63770491803279,61
1999-05-16,26.556065573770493,61
1999-05-17,26.924262295081967,61
1999-05-18,27.072786885245904,61
1999-05-19,27.011803278688525,61
1999-05-20,26.74344262295082,61
1999-05-21,26.79245901639344,61
1999-05-22,26.818524590163936,61
1999-05-23,26.92327868852459,61
1999-05-24,27.021639344262294,61
1999-05-25,27.134426229508197,61
1999-05-26,27.08311475409836,61
1999-05-27,27.012459016393443,61
1999-05-28,26.930983606557376,61
1999-05-29,26.82983606557377,61
1999-05-30,26.828032786885245,61
1999-05-31,26.07377049180328,61
1999-06-01,25.980655737704918,61
1999-06-02,26.164754098360653,61
1999-06-03,26.10459016393443,61
1999-06-04,26.077377049180328,61
1999-06-05,26.040491803278687,61
1999-06-06,25.82950819672131,61
1999-06-07,25.794262295081968,61
1999-06-08,25.813606557377046,61
1999-06-09,25.65983606557377,61
1999-06-10,25.781475409836066,61
1999-06-11,25.717540983606558,61
1999-06-12,25.70344262295082,61
1999-06-13,25.712295081967213,61
1999-06-14,25.697540983606558,61
1999-06-15,25.597540983606557,61
1999-06-16,25.51950819672131,61
1999-06-17,25.517868852459014,61
1999-06-18,25.42049180327869,61
1999-06-19,25.455901639344262,61
1999-06-20,25.52622950819672,61
1999-06-21,25.603770491803278,61
1999-06-22,25.614754098360656,61
1999-06-23,25.58032786885246,61
1999-06-24,25.98032786885246,61
1999-06-25,25.894426229508195,61
1999-06-26,25.745409836065573,61
1999-06-27,25.641147540983606,61
1999-06-28,25.52393442622951,61
1999-06-29,25.518852459016394,61
1999-06-30,25.521967213114753,61
1999-07-01,25.508360655737704,61
1999-07-02,25.350327868852457,61
1999-07-03,25.025081967213115,61
1999-07-04,25.006065573770492,61
1999-07-05,24.98934426229508,61
1999-07-06,24.878032786885246,61
1999-07-07,25.082622950819673,61
1999-07-08,25.034918032786887,61
1999-07-09,25.15049180327869,61
1999-07-10,25.25,61
1999-07-11,25.184590163934427,61
1999-07-12,24.964754098360654,61
1999-07-13,24.925901639344264,61
1999-07-14,24.990000000000002,61
1999-07-15,25.135737704918032,61
1999-07-16,25.134098360655738,61
1999-07-17,25.214754098360654,61
1999-07-18,25.258196721311474,61
1999-07-19,25.23049180327869,61
1999-07-20,25.191803278688525,61
1999-07-21,25.09409836065574,61
1999-07-22,25.076065573770492,61
1999-07-23,25.01360655737705,61
1999-07-24,24.936885245901642,61
1999-07-25,24.929180327868853,61
1999-07-26,24.971475409836067,61
1999-07-27,24.959344262295083,61
1999-07-28,24.934754098360656,61
1999-07-29,24.708524590163936,61
1999-07-30,24.301967213114754,61
1999-07-31,24.334098360655737,61
1999-08-01,24.315081967213114,61
1999-08-02,24.49016393442623,61
1999-08-03,24.658032786885247,61
1999-08-04,24.685737704918033,61
1999-08-05,24.705409836065574,61
1999-08-06,24.65032786885246,61
1999-08-07,24.33459016393443,61
1999-08-08,24.199016393442626,61
1999-08-09,24.104098360655737,61
1999-08-10,23.987540983606557,61
1999-08-11,23.872131147540983,61
1999-08-12,23.98016393442623,61
1999-08-13,24.175245901639347,61
1999-08-14,24.250819672131147,61
1999-08-15,24.23688524590164,61
1999-08-16,24.554262295081966,61
1999-08-17,24.592295081967215,61
1999-08-18,24.492622950819673,61
1999-08-19,24.24573770491803,61
1999-08-20,24.10032786885246,61
1999-08-21,24.054590163934424,61
1999-08-22,24.11655737704918,61
1999-08-23,24.160655737704918,61
1999-08-24,24.107540983606558,61
1999-08-25,23.89934426229508,61
1999-08-26,23.914590163934427,61
1999-08-27,23.83983606557377,61
1999-08-28,23.694262295081966,61
1999-08-29,23.471803278688522,61
1999-08-30,23.31770491803279,61
1999-08-31,23.384918032786885,61
1999-09-01,23.458196721311477,61
1999-09-02,23.4672131147541,61
1999-09-03,23.128360655737705,61
1999-09-04,23.055901639344263,61
1999-09-05,22.87655737704918,61
1999-09-06,22.684262295081968,61
1999-09-07,22.70229508196721,61
1999-09-08,22.845901639344262,61
1999-09-09,22.918032786885245,61
1999-09-10,22.935901639344262,61
1999-09-11,23.02786885245902,61
1999-09-12,22.928196721311473,61
1999-09-13,22.904426229508196,61
1999-09-14,22.808032786885246,61
1999-09-15,22.725737704918032,61
1999-09-16,22.812295081967214,61
1999-09-17,22.881147540983605,61
1999-09-18,22.87327868852459,61
1999-09-19,22.888032786885248,61
1999-09-20,23.137049180327868,61
1999-09-21,23.325901639344263,61
1999-09-22,23.330163934426228,61
1999-09-23,23.384918032786885,61
1999-09-24,23.50377049180328,61
1999-09-25,23.48540983606557,61
1999-09-26,23.76295081967213,61
1999-09-27,23.851967213114754,61
1999-09-28,23.82622950819672,61
1999-09-29,23.491639344262296,61
1999-09-30,23.41393442622951,61
1999-10-01,23.318032786885247,61
1999-10-02,23.49622950819672,61
1999-10-03,23.65983606557377,61
1999-10-04,23.68245901639344,61
1999-10-05,23.803770491803277,61
1999-10-06,23.85688524590164,61
1999-10-07,23.87344262295082,61
1999-10-08,24.085409836065573,61
1999-10-09,23.96672131147541,61
1999-10-10,23.911475409836065,61
1999-10-11,24.065409836065573,61
1999-10-12,24.38622950819672,61
1999-10-13,24.16426229508197,61
1999-10-14,23.90377049180328,61
1999-10-15,23.839344262295082,61
1999-10-16,23.864262295081968,61
1999-10-17,23.57672131147541,61
1999-10-18,23.58360655737705,61
1999-10-19,23.753278688524592,61
1999-10-20,24.04655737704918,61
1999-10-21,24.181311475409835,61
1999-10-22,24.151803278688526,61
1999-10-23,24.13590163934426,61
1999-10-24,24.08622950819672,61
1999-10-25,23.797213114754097,61
1999-10-26,23.765901639344264,61
1999-10-27,23.812295081967214,61
1999-10-28,23.667868852459016,61
1999-10-29,23.66688524590164,61
1999-10-30,23.761639344262296,61
1999-10-31,23.701639344262293,61
1999-11-01,23.66688524590164,61
1999-11-02,23.695409836065576,61
1999-11-03,24.11016393442623,61
1999-11-04,24.26426229508197,61
1999-11-05,24.35704918032787,61
1999-11-06,24.411475409836065,61
1999-11-07,24.61688524590164,61
1999-11-08,24.944262295081966,61
1999-11-09,25.075081967213112,61
1999-11-10,25.12655737704918,61
1999-11-11,25.125573770491805,61
1999-11-12,26.59344262295082,61
1999-11-13,26.47098360655738,61
1999-11-14,26.09622950819672,61
1999-11-15,25.624590163934425,61
1999-11-16,25.31295081967213,61
1999-11-17,25.135409836065573,61
1999-11-18,25.05918032786885,61
1999-11-19,24.992459016393443,61
1999-11-20,25.051311475409832,61
1999-11-21,25.45360655737705,61
1999-11-22,25.530655737704915,61
1999-11-23,25.733442622950818,61
1999-11-24,25.762295081967213,61
1999-11-25,25.764918032786888,61
1999-11-26,25.904754098360655,61
1999-11-27,25.974754098360656,61
1999-11-28,26.039836065573773,61
1999-11-29,25.87934426229508,61
1999-11-30,25.715573770491805,61
1999-12-01,25.355901639344264,61
1999-12-02,25.396065573770493,61
1999-12-03,25.752295081967215,61
1999-12-04,26.17459016393443,61
1999-12-05,26.251311475409835,61
1999-12-06,26.185409836065574,61
1999-12-07,26.17377049180328,61
1999-12-08,25.23672131147541,61
1999-12-09,25.168360655737704,61
1999-12-10,25.254754098360657,61
1999-12-11,25.49967213114754,61
1999-12-12,25.58573770491803,61
1999-12-13,25.427213114754096,61
1999-12-14,25.373934426229507,61
1999-12-15,25.39344262295082,61
1999-12-16,25.411475409836065,61
1999-12-17,25.804590163934424,61
1999-12-18,25.798852459016395,61
1999-12-19,25.720000000000002,61
1999-12-20,25.737704918032787,61
1999-12-21,25.89639344262295,61
1999-12-22,26.1972131147541,61
1999-12-23,26.305081967213113,61
1999-12-24,26.318032786885247,61
1999-12-25,26.33590163934426,61
1999-12-26,26.549344262295083,61
1999-12-27,26.44295081967213,61
1999-12-28,26.18606557377049,61
1999-12-29,25.84918032786885,61
1999-12-30,25.86737704918033,61
1999-12-31,26.276885245901642,61
2000-01-01,26.362950819672132,61
2000-01-02,26.57967213114754,61
2000-01-03,26.438688524590162,61
2000-01-04,26.27,61
2000-01-05,26.33409836065574,61
2000-01-06,26.323934426229506,61
2000-01-07,26.24606557377049,61
2000-01-08,26.284098360655737,61
2000-01-09,26.254426229508198,61
2000-01-10,26.215409836065575,61
2000-01-11,26.248852459016394,61
2000-01-12,26.404426229508196,61
2000-01-13,26.291639344262293,61
2000-01-14,26.232459016393445,61
2000-01-15,26.167704918032786,61
2000-01-16,26.02950819672131,61
2000-01-17,26.011803278688525,61
2000-01-18,26.055901639344263,61
2000-01-19,26.05704918032787,61
2000-01-20,26.10737704918033,61
2000-01-21,25.275573770491803,61
2000-01-22,25.14065573770492,61
2000-01-23,25.787868852459017,61
2000-01-24,26.115901639344262,61
2000-01-25,26.232131147540986,61
2000-01-26,26.299508196721312,61
2000-01-27,26.31360655737705,61
2000-01-28,26.41967213114754,61
2000-01-29,26.559016393442622,61
2000-01-30,27.165901639344263,61
2000-01-31,27.33639344262295,61
2000-02-01,27.133114754098358,61
2000-02-02,27.110655737704917,61
2000-02-03,27.555081967213113,61
2000-02-04,27.721967213114752,61
2000-02-05,27.7827868852459,61
2000-02-06,27.771311475409835,61
2000-02-07,29.422131147540984,61
2000-02-08,29.294590163934426,61
2000-02-09,28.876229508196722,61
2000-02-10,28.41950819672131,61
2000-02-11,27.935409836065574,61
2000-02-12,28.541639344262293,61
2000-02-13,28.835245901639347,61
2000-02-14,29.012459016393443,61
2000-02-15,29.045737704918032,61
2000-02-16,28.987377049180328,61
2000-02-17,29.044590163934426,61
2000-02-18,28.945245901639346,61
2000-02-19,28.652295081967214,61
2000-02-20,28.424918032786888,61
2000-02-21,28.375081967213116,61
2000-02-22,28.398196721311475,61
2000-02-23,28.388360655737706,61
2000-02-24,28.353770491803278,61
2000-02-25,29.05295081967213,61
2000-02-26,28.865081967213115,61
2000-02-27,28.375409836065575,61
2000-02-28,27.87672131147541,61
2000-02-29,28.57377049180328,61
2000-03-01,28.92655737704918,61
2000-03-02,28.874262295081966,61
2000-03-03,28.8572131147541,61
2000-03-04,29.52,61
2000-03-05,29.066885245901638,61
2000-03-06,28.84393442622951,61
2000-03-07,28.854262295081966,61
2000-03-08,28.381475409836064,61
2000-03-09,27.90590163934426,61
2000-03-10,27.541967213114752,61
2000-03-11,27.47262295081967,61
2000-03-12,27.512131147540984,61
2000-03-13,27.832459016393443,61
2000-03-14,27.808360655737705,61
2000-03-15,27.611639344262294,61
2000-03-16,27.466065573770493,61
2000-03-17,27.10344262295082,61
2000-03-18,26.775081967213115,61
2000-03-19,26.841147540983606,61
2000-03-20,26.918196721311475,61
2000-03-21,28.159016393442624,61
2000-03-22,28.762622950819672,61
2000-03-23,28.685737704918033,61
2000-03-24,28.308524590163934,61
2000-03-25,28.078360655737704,61
2000-03-26,28.120819672131145,61
2000-03-27,28.58606557377049,61
2000-03-28,28.741967213114755,61
2000-03-29,28.749344262295082,61
2000-03-30,28.973114754098358,61
2000-03-31,29.06081967213115,61
2000-04-01,29.12327868852459,61
2000-04-02,29.1872131147541,61
2000-04-03,28.934918032786886,61
2000-04-04,28.582295081967214,61
2000-04-05,28.26311475409836,61
2000-04-06,28.118852459016395,61
2000-04-07,28.177377049180325,61
2000-04-08,28.89967213114754,61
2000-04-09,28.861311475409835,61
2000-04-10,28.56639344262295,61
2000-04-11,28.70770491803279,61
2000-04-12,28.84360655737705,61
2000-04-13,28.536229508196723,61
2000-04-14,28.35672131147541,61
2000-04-15,28.48049180327869,61
2000-04-16,28.33327868852459,61
2000-04-17,27.78344262295082,61
2000-04-18,27.78327868852459,61
2000-04-19,28.078688524590163,61
2000-04-20,28.058032786885246,61
2000-04-21,27.72770491803279,61
2000-04-22,27.727049180327867,61
2000-04-23,27.758196721311474,61
2000-04-24,27.601967213114754,61
2000-04-25,27.91967213114754,61
2000-04-26,27.872459016393442,61
2000-04-27,27.49393442622951,61
2000-04-28,27.33409836065574,61
2000-04-29,27.388524590163936,61
2000-04-30,27.18983606557377,61
2000-05-01,27.22032786885246,61
2000-05-02,27.29016393442623,61
2000-05-03,27.328360655737704,61
2000-05-04,27.18032786885246,61
2000-05-05,27.105737704918035,61
2000-05-06,26.958852459016395,61
2000-05-07,26.781147540983607,61
2000-05-08,26.77032786885246,61
2000-05-09,26.844426229508198,61
2000-05-10,26.871147540983607,61
2000-05-11,26.857868852459013,61
2000-05-12,26.52393442622951,61
2000-05-13,26.487868852459016,61
2000-05-14,26.448360655737705,61
2000-05-15,26.39065573770492,61
2000-05-16,26.40377049180328,61
2000-05-17,26.321803278688527,61
2000-05-18,26.265409836065576,61
2000-05-19,26.2372131147541,61
2000-05-20,26.125737704918034,61
2000-05-21,25.7227868852459,61
2000-05-22,25.69950819672131,61
2000-05-23,25.448196721311476,61
2000-05-24,25.353934426229507,61
2000-05-25,25.403278688524587,61
2000-05-26,25.45229508196721,61
2000-05-27,25.44704918032787,61
2000-05-28,25.323278688524592,61
2000-05-29,24.52967213114754,61
2000-05-30,24.567049180327867,61
2000-05-31,24.595245901639345,61
2000-06-01,24.54983606557377,61
2000-06-02,24.571147540983606,61
2000-06-03,24.81967213114754,61
2000-06-04,25.11622950819672,61
2000-06-05,25.301147540983603,61
2000-06-06,25.251639344262294,61
2000-06-07,24.923934426229508,61
2000-06-08,24.84918032786885,61
2000-06-09,24.681311475409835,61
2000-06-10,24.40016393442623,61
2000-06-11,24.432459016393445,61
2000-06-12,24.620655737704915,61
2000-06-13,24.623606557377048,61
2000-06-14,24.61409836065574,61
2000-06-15,24.389508196721312,61
2000-06-16,24.414426229508198,61
2000-06-17,24.409344262295082,61
2000-06-18,24.245409836065573,61
2000-06-19,23.950491803278688,61
2000-06-20,23.98672131147541,61
2000-06-21,24.09426229508197,61
2000-06-22,24.119999999999997,61
2000-06-23,24.284098360655737,61
2000-06-24,24.369836065573768,61
2000-06-25,24.32032786885246,61
2000-06-26,24.043114754098358,61
2000-06-27,23.950983606557376,61
2000-06-28,23.888524590163936,61
2000-06-29,23.89967213114754,61
2000-06-30,23.871639344262295,61
2000-07-01,23.827377049180328,61
2000-07-02,23.58081967213115,61
2000-07-03,23.57344262295082,61
2000-07-04,23.542622950819673,61
2000-07-05,23.497704918032785,61
2000-07-06,23.54311475409836,61
2000-07-07,23.66967213114754,61
2000-07-08,23.578688524590163,61
2000-07-09,23.540983606557376,61
2000-07-10,23.50409836065574,61
2000-07-11,23.624262295081966,61
2000-07-12,23.66360655737705,61
2000-07-13,23.648688524590163,61
2000-07-14,23.428196721311473,61
2000-07-15,23.3255737704918,61
2000-07-16,23.317049180327867,61
2000-07-17,23.20704918032787,61
2000-07-18,23.252622950819674,61
2000-07-19,23.2644262295082,61
2000-07-20,23.61639344262295,61
2000-07-21,23.61754098360656,61
2000-07-22,23.592459016393445,61
2000-07-23,23.755245901639345,61
2000-07-24,23.91573770491803,61
2000-07-25,23.912950819672133,61
2000-07-26,23.907704918032785,61
2000-07-27,23.87311475409836,61
2000-07-28,23.298032786885248,61
2000-07-29,23.320819672131147,61
2000-07-30,23.234098360655736,61
2000-07-31,23.059836065573773,61
2000-08-01,22.83360655737705,61
2000-08-02,22.715901639344263,61
2000-08-03,22.569016393442624,61
2000-08-04,22.481311475409836,61
2000-08-05,22.47672131147541,61
2000-08-06,22.699180327868852,61
2000-08-07,22.625245901639346,61
2000-08-08,22.509999999999998,61
2000-08-09,22.420983606557378,61
2000-08-10,22.408196721311477,61
2000-08-11,22.47245901639344,61
2000-08-12,22.504754098360657,61
2000-08-13,22.545573770491803,61
2000-08-14,22.64327868852459,61
2000-08-15,22.508360655737704,61
2000-08-16,22.31622950819672,61
2000-08-17,22.38295081967213,61
2000-08-18,22.396065573770493,61
2000-08-19,22.508360655737704,61
2000-08-20,22.65573770491803,61
2000-08-21,22.763934426229508,61
2000-08-22,22.72393442622951,61
2000-08-23,22.921967213114755,61
2000-08-24,22.995245901639343,61
2000-08-25,23.13245901639344,61
2000-08-26,23.156885245901638,61
2000-08-27,23.114918032786886,61
2000-08-28,22.814918032786885,61
2000-08-29,22.79672131147541,61
2000-08-30,22.75409836065574,61
2000-08-31,23.035245901639346,61
2000-09-01,23.036065573770493,61
2000-09-02,23.050983606557374,61
2000-09-03,22.959344262295083,61
2000-09-04,22.742459016393443,61
2000-09-05,22.728852459016395,61
2000-09-06,22.50426229508197,61
2000-09-07,22.418196721311475,61
2000-09-08,22.389508196721312,61
2000-09-09,22.852131147540984,61
2000-09-10,22.905081967213114,61
2000-09-11,22.95229508196721,61
2000-09-12,22.805081967213113,61
2000-09-13,22.75049180327869,61
2000-09-14,22.865409836065574,61
2000-09-15,22.89655737704918,61
2000-09-16,22.89311475409836,61
2000-09-17,23.301803278688524,61
2000-09-18,23.442622950819672,61
2000-09-19,23.357540983606558,61
2000-09-20,23.15622950819672,61
2000-09-21,23.127868852459017,61
2000-09-22,23.031803278688525,61
2000-09-23,22.99065573770492,61
2000-09-24,22.99016393442623,61
2000-09-25,23.018196721311472,61
2000-09-26,22.983442622950818,61
2000-09-27,22.89655737704918,61
2000-09-28,22.695245901639346,61
2000-09-29,22.85983606557377,61
2000-09-30,23.12655737704918,61
2000-10-01,23.46,61
2000-10-02,23.523114754098362,61
2000-10-03,23.488032786885245,61
2000-10-04,23.450983606557376,61
2000-10-05,23.408852459016394,61
2000-10-06,23.072950819672133,61
2000-10-07,22.719344262295085,61
2000-10-08,22.61704918032787,61
2000-10-09,22.787868852459017,61
2000-10-10,22.847540983606557,61
2000-10-11,22.784098360655737,61
2000-10-12,22.676721311475408,61
2000-10-13,23.265081967213117,61
2000-10-14,23.371475409836066,61
2000-10-15,23.183114754098362,61
2000-10-16,22.89934426229508,61
2000-10-17,23.212295081967213,61
2000-10-18,23.397868852459016,61
2000-10-19,23.60065573770492,61
2000-10-20,23.59918032786885,61
2000-10-21,23.686557377049184,61
2000-10-22,23.73049180327869,61
2000-10-23,23.73688524590164,61
2000-10-24,23.504918032786886,61
2000-10-25,23.34327868852459,61
2000-10-26,23.395901639344263,61
2000-10-27,23.574918032786883,61
2000-10-28,23.652131147540985,61
2000-10-29,23.551311475409832,61
2000-10-30,23.747540983606555,61
2000-10-31,23.876065573770493,61
2000-11-01,23.929016393442623,61
2000-11-02,23.93967213114754,61
2000-11-03,23.02229508196721,61
2000-11-04,22.821639344262294,61
2000-11-05,22.74622950819672,61
2000-11-06,23.085081967213117,61
2000-11-07,22.979016393442624,61
2000-11-08,23.07688524590164,61
2000-11-09,23.077540983606557,61
2000-11-10,22.944918032786884,61
2000-11-11,22.837868852459014,61
2000-11-12,22.871803278688525,61
2000-11-13,23.35983606557377,61
2000-11-14,23.590491803278688,61
2000-11-15,24.020655737704917,61
2000-11-16,24.062131147540985,61
2000-11-17,23.901147540983608,61
2000-11-18,23.63967213114754,61
2000-11-19,24.145245901639345,61
2000-11-20,24.45655737704918,61
2000-11-21,24.598360655737704,61
2000-11-22,24.64704918032787,61
2000-11-23,24.890983606557377,61
2000-11-24,24.86360655737705,61
2000-11-25,24.873934426229507,61
2000-11-26,24.807868852459016,61
2000-11-27,24.588524590163935,61
2000-11-28,24.212131147540983,61
2000-11-29,24.004426229508198,61
2000-11-30,24.120655737704915,61
2000-12-01,24.25655737704918,61
2000-12-02,24.38262295081967,61
2000-12-03,25.45016393442623,61
2000-12-04,25.524262295081968,61
2000-12-05,25.242622950819673,61
2000-12-06,25.04295081967213,61
2000-12-07,24.763770491803278,61
2000-12-08,24.403442622950816,61
2000-12-09,24.34344262295082,61
2000-12-10,24.340819672131147,61
2000-12-11,24.33950819672131,61
2000-12-12,25.004754098360657,61
2000-12-13,25.191803278688525,61
2000-12-14,25.523114754098362,61
2000-12-15,25.585409836065573,61
2000-12-16,25.447868852459017,61
2000-12-17,25.700655737704917,61
2000-12-18,25.914426229508198,61
2000-12-19,26.264098360655737,61
2000-12-20,26.39918032786885,61
2000-12-21,26.41688524590164,61
2000-12-22,25.394590163934424,61
2000-12-23,25.42065573770492,61
2000-12-24,25.664590163934427,61
2000-12-25,25.802131147540983,61
2000-12-26,25.635409836065573,61
2000-12-27,25.360983606557376,61
2000-12-28,24.99639344262295,61
2000-12-29,24.682622950819674,61
2000-12-30,24.498688524590165,61
2000-12-31,24.55327868852459,61
2001-01-01,24.982786885245904,61
2001-01-02,24.988196721311475,61
2001-01-03,24.83016393442623,61
2001-01-04,24.90295081967213,61
2001-01-05,24.958032786885248,61
2001-01-06,25.32573770491803,61
2001-01-07,25.731475409836065,61
2001-01-08,25.921311475409837,61
2001-01-09,26.041803278688523,61
2001-01-10,26.07672131147541,61
2001-01-11,25.463934426229507,61
2001-01-12,25.495245901639343,61
2001-01-13,25.687868852459015,61
2001-01-14,25.75573770491803,61
2001-01-15,25.95672131147541,61
2001-01-16,26.004918032786886,61
2001-01-17,26.038032786885246,61
2001-01-18,26.302459016393442,61
2001-01-19,26.33967213114754,61
2001-01-20,26.378032786885246,61
2001-01-21,27.45393442622951,61
2001-01-22,27.531803278688525,61
2001-01-23,27.485901639344263,61
2001-01-24,27.141475409836065,61
2001-01-25,27.234426229508195,61
2001-01-26,27.83409836065574,61
2001-01-27,27.732950819672133,61
2001-01-28,27.681311475409835,61
2001-01-29,27.71655737704918,61
2001-01-30,27.72262295081967,61
2001-01-31,26.860491803278688,61
2001-02-01,26.837704918032784,61
2001-02-02,26.839344262295082,61
2001-02-03,26.854426229508196,61
2001-02-04,27.07639344262295,61
2001-02-05,27.79622950819672,61
2001-02-06,27.728196721311477,61
2001-02-07,27.66032786885246,61
2001-02-08,27.651147540983608,61
2001-02-09,27.501967213114753,61
2001-02-10,28.06262295081967,61
2001-02-11,28.16344262295082,61
2001-02-12,28.196065573770493,61
2001-02-13,28.454590163934427,61
2001-02-14,28.451147540983605,61
2001-02-15,28.75934426229508,61
2001-02-16,28.78655737704918,61
2001-02-17,28.73983606557377,61
2001-02-18,28.601475409836066,61
2001-02-19,27.879508196721314,61
2001-02-20,27.43901639344262,61
2001-02-21,27.354262295081966,61
2001-02-22,27.238360655737704,61
2001-02-23,27.368852459016395,61
2001-02-24,28.094754098360657,61
2001-02-25,27.93934426229508,61
2001-02-26,28.072131147540986,61
2001-02-27,28.177377049180325,61
2001-02-28,28.11967213114754,61
2001-03-01,27.960655737704915,61
2001-03-02,27.86639344262295,61
2001-03-03,27.644590163934424,61
2001-03-04,27.194918032786887,61
2001-03-05,26.705573770491803,61
2001-03-06,26.438688524590162,61
2001-03-07,26.211803278688524,61
2001-03-08,26.167213114754098,61
2001-03-09,26.19344262295082,61
2001-03-10,26.561311475409838,61
2001-03-11,27.460655737704915,61
2001-03-12,27.68754098360656,61
2001-03-13,27.684754098360656,61
2001-03-14,27.69950819672131,61
2001-03-15,27.30672131147541,61
2001-03-16,26.89262295081967,61
2001-03-17,26.46327868852459,61
2001-03-18,26.398196721311475,61
2001-03-19,26.42032786885246,61
2001-03-20,26.651475409836067,61
2001-03-21,27.02,61
2001-03-22,27.034262295081966,61
2001-03-23,26.984918032786883,61
2001-03-24,26.86409836065574,61
2001-03-25,26.84016393442623,61
2001-03-26,26.859180327868852,61
2001-03-27,26.912786885245904,61
2001-03-28,26.954590163934427,61
2001-03-29,27.037704918032787,61
2001-03-30,27.72377049180328,61
2001-03-31,27.791803278688523,61
2001-04-01,27.912786885245904,61
2001-04-02,27.97245901639344,61
2001-04-03,28.087704918032784,61
2001-04-04,28.468852459016393,61
2001-04-05,28.878524590163934,61
2001-04-06,29.030983606557378,61
2001-04-07,29.044098360655738,61
2001-04-08,28.98327868852459,61
2001-04-09,29.197868852459017,61
2001-04-10,29.172622950819672,61
2001-04-11,28.889508196721312,61
2001-04-12,28.839016393442623,61
2001-04-13,28.785081967213117,61
2001-04-14,28.77229508196721,61
2001-04-15,28.869016393442624,61
2001-04-16,28.90655737704918,61
2001-04-17,28.848524590163933,61
2001-04-18,28.021147540983605,61
2001-04-19,28.008852459016392,61
2001-04-20,28.16393442622951,61
2001-04-21,27.984262295081965,61
2001-04-22,27.421639344262296,61
2001-04-23,27.32950819672131,61
2001-04-24,27.357868852459013,61
2001-04-25,27.278196721311478,61
2001-04-26,27.215737704918034,61
2001-04-27,27.16622950819672,61
2001-04-28,27.341475409836065,61
2001-04-29,27.251803278688524,61
2001-04-30,27.04229508196721,61
2001-05-01,26.90049180327869,61
2001-05-02,27.07639344262295,61
2001-05-03,27.15573770491803,61
2001-05-04,27.182950819672133,61
2001-05-05,27.271147540983605,61
2001-05-06,27.324754098360653,61
2001-05-07,27.331475409836067,61
2001-05-08,27.638360655737706,61
2001-05-09,27.625409836065575,61
2001-05-10,27.200491803278688,61
2001-05-11,26.728524590163936,61
2001-05-12,26.365245901639344,61
2001-05-13,26.20770491803279,61
2001-05-14,26.175573770491805,61
2001-05-15,26.191967213114754,61
2001-05-16,26.16950819672131,61
2001-05-17,26.188524590163933,61
2001-05-18,25.700983606557376,61
2001-05-19,25.66688524590164,61
2001-05-20,25.69688524590164,61
2001-05-21,25.762131147540984,61
2001-05-22,26.199016393442626,61
2001-05-23,26.31049180327869,61
2001-05-24,26.199180327868852,61
2001-05-25,26.19672131147541,61
2001-05-26,26.18360655737705,61
2001-05-27,26.05344262295082,61
2001-05-28,26.08049180327869,61
2001-05-29,26.146065573770493,61
2001-05-30,25.377868852459017,61
2001-05-31,25.24426229508197,61
2001-06-01,25.342459016393445,61
2001-06-02,25.411967213114753,61
2001-06-03,25.47983606557377,61
2001-06-04,25.444098360655737,61
2001-06-05,25.40655737704918,61
2001-06-06,25.431147540983606,61
2001-06-07,25.443770491803278,61
2001-06-08,25.311311475409838,61
2001-06-09,25.10065573770492,61
2001-06-10,24.997704918032785,61
2001-06-11,25.162786885245904,61
2001-06-12,25.625409836065575,61
2001-06-13,25.666229508196718,61
2001-06-14,25.59934426229508,61
2001-06-15,25.199180327868852,61
2001-06-16,25.153278688524587,61
2001-06-17,25.32688524590164,61
2001-06-18,25.353770491803278,61
2001-06-19,25.376065573770493,61
2001-06-20,25.209016393442624,61
2001-06-21,25.044918032786885,61
2001-06-22,25.05688524590164,61
2001-06-23,25.048032786885248,61
2001-06-24,25.05918032786885,61
2001-06-25,25.254590163934427,61
2001-06-26,25.165081967213112,61
2001-06-27,24.912622950819674,61
2001-06-28,24.769344262295082,61
2001-06-29,24.728032786885247,61
2001-06-30,24.752295081967215,61
2001-07-01,24.54377049180328,61
2001-07-02,24.491967213114755,61
2001-07-03,24.43344262295082,61
2001-07-04,24.361639344262294,61
2001-07-05,24.179180327868853,61
2001-07-06,23.994918032786885,61
2001-07-07,23.856229508196723,61
2001-07-08,23.798688524590165,61
2001-07-09,23.715901639344263,61
2001-07-10,23.737868852459016,61
2001-07-11,23.70704918032787,61
2001-07-12,23.745573770491802,61
2001-07-13,23.725573770491803,61
2001-07-14,24.34393442622951,61
2001-07-15,24.3727868852459,61
2001-07-16,24.283770491803278,61
2001-07-17,24.34688524590164,61
2001-07-18,24.37655737704918,61
2001-07-19,24.304426229508195,61
2001-07-20,24.205081967213115,61
2001-07-21,24.209672131147542,61
2001-07-22,24.182459016393445,61
2001-07-23,24.434262295081968,61
2001-07-24,24.66,61
2001-07-25,24.57672131147541,61
2001-07-26,24.408524590163935,61
2001-07-27,24.340655737704918,61
2001-07-28,24.215245901639346,61
2001-07-29,24.324918032786883,61
2001-07-30,24.216229508196722,61
2001-07-31,24.137049180327868,61
2001-08-01,24.105737704918035,61
2001-08-02,24.365737704918033,61
2001-08-03,24.35081967213115,61
2001-08-04,24.24360655737705,61
2001-08-05,24.24016393442623,61
2001-08-06,24.101803278688525,61
2001-08-07,23.914918032786883,61
2001-08-08,24.030163934426227,61
2001-08-09,23.97213114754098,61
2001-08-10,23.8927868852459,61
2001-08-11,23.81639344262295,61
2001-08-12,24.038688524590164,61
2001-08-13,24.096065573770492,61
2001-08-14,24.054426229508195,61
2001-08-15,23.97655737704918,61
2001-08-16,23.67311475409836,61
2001-08-17,23.622131147540983,61
2001-08-18,24.022786885245903,61
2001-08-19,24.089344262295082,61
2001-08-20,24.062295081967214,61
2001-08-21,24.564918032786885,61
2001-08-22,24.728360655737706,61
2001-08-23,24.667868852459016,61
2001-08-24,24.395573770491804,61
2001-08-25,24.190491803278686,61
2001-08-26,24.26672131147541,61
2001-08-27,24.175737704918035,61
2001-08-28,24.22032786885246,61
2001-08-29,24.323934426229506,61
2001-08-30,24.29262295081967,61
2001-08-31,23.447704918032787,61
2001-09-01,23.285901639344264,61
2001-09-02,22.895737704918034,61
2001-09-03,22.751967213114757,61
2001-09-04,22.812131147540985,61
2001-09-05,22.694918032786887,61
2001-09-06,22.601639344262296,61
2001-09-07,22.505409836065574,61
2001-09-08,22.768852459016394,61
2001-09-09,22.549344262295083,61
2001-09-10,22.265409836065576,61
2001-09-11,22.29672131147541,61
2001-09-12,22.405245901639343,61
2001-09-13,22.418196721311475,61
2001-09-14,22.499016393442623,61
2001-09-15,22.56360655737705,61
2001-09-16,22.911639344262294,61
2001-09-17,22.93327868852459,61
2001-09-18,22.947868852459017,61
2001-09-19,23.286229508196723,61
2001-09-20,23.3127868852459,61
2001-09-21,23.147704918032787,61
2001-09-22,23.09327868852459,61
2001-09-23,23.02327868852459,61
2001-09-24,23.219836065573773,61
2001-09-25,23.50918032786885,61
2001-09-26,23.582786885245902,61
2001-09-27,23.55655737704918,61
2001-09-28,23.467704918032787,61
2001-09-29,23.612786885245903,61
2001-09-30,23.614754098360656,61
2001-10-01,23.34950819672131,61
2001-10-02,23.02016393442623,61
2001-10-03,23.110655737704917,61
2001-10-04,23.36786885245902,61
2001-10-05,23.254426229508198,61
2001-10-06,23.19295081967213,61
2001-10-07,23.32524590163934,61
2001-10-08,23.487377049180328,61
2001-10-09,24.13377049180328,61
2001-10-10,24.177377049180325,61
2001-10-11,24.104262295081966,61
2001-10-12,23.83459016393443,61
2001-10-13,23.69311475409836,61
2001-10-14,23.67983606557377,61
2001-10-15,23.661803278688524,61
2001-10-16,23.642131147540987,61
2001-10-17,23.658196721311477,61
2001-10-18,23.588852459016394,61
2001-10-19,23.50901639344262,61
2001-10-20,23.497704918032785,61
2001-10-21,23.518196721311472,61
2001-10-22,23.58016393442623,61
2001-10-23,23.68032786885246,61
2001-10-24,23.690163934426227,61
2001-10-25,23.70409836065574,61
2001-10-26,23.693770491803278,61
2001-10-27,23.647868852459016,61
2001-10-28,23.25622950819672,61
2001-10-29,23.280327868852456,61
2001-10-30,23.44885245901639,61
2001-10-31,23.524754098360656,61
2001-11-01,23.544590163934426,61
2001-11-02,23.233606557377048,61
2001-11-03,23.275245901639344,61
2001-11-04,23.359016393442623,61
2001-11-05,23.387868852459018,61
2001-11-06,22.758688524590163,61
2001-11-07,22.65590163934426,61
2001-11-08,22.657704918032785,61
2001-11-09,22.984426229508195,61
2001-11-10,23.28655737704918,61
2001-11-11,23.900000000000002,61
2001-11-12,24.68344262295082,61
2001-11-13,24.95786885245902,61
2001-11-14,25.04,61
2001-11-15,24.732622950819675,61
2001-11-16,24.065573770491802,61
2001-11-17,23.955737704918032,61
2001-11-18,23.94967213114754,61
2001-11-19,23.948196721311476,61
2001-11-20,23.891803278688528,61
2001-11-21,23.822950819672133,61
2001-11-22,23.805737704918034,61
2001-11-23,23.794590163934426,61
2001-11-24,23.732459016393445,61
2001-11-25,23.067049180327867,61
2001-11-26,23.139180327868853,61
2001-11-27,23.57016393442623,61
2001-11-28,23.782459016393442,61
2001-11-29,23.795245901639344,61
2001-11-30,23.788852459016397,61
2001-12-01,23.66540983606557,61
2001-12-02,23.64704918032787,61
2001-12-03,23.701803278688523,61
2001-12-04,23.936557377049184,61
2001-12-05,23.778524590163933,61
2001-12-06,23.64065573770492,61
2001-12-07,23.574590163934424,61
2001-12-08,23.47639344262295,61
2001-12-09,23.351967213114754,61
2001-12-10,23.58950819672131,61
2001-12-11,23.635573770491803,61
2001-12-12,23.66655737704918,61
2001-12-13,24.138196721311477,61
2001-12-14,24.502131147540982,61
2001-12-15,24.58606557377049,61
2001-12-16,24.583770491803282,61
2001-12-17,24.68327868852459,61
2001-12-18,24.616885245901642,61
2001-12-19,24.688032786885245,61
2001-12-20,24.851475409836066,61
2001-12-21,24.89573770491803,61
2001-12-22,24.903278688524587,61
2001-12-23,24.619180327868854,61
2001-12-24,24.501639344262294,61
2001-12-25,24.25426229508197,61
2001-12-26,24.17016393442623,61
2001-12-27,24.05655737704918,61
2001-12-28,24.08098360655738,61
2001-12-29,23.808032786885246,61
2001-12-30,23.719180327868852,61
2001-12-31,23.67049180327869,61
2002-01-01,23.647377049180328,61
2002-01-02,24.404918032786885,61
2002-01-03,24.83409836065574,61
2002-01-04,24.93950819672131,61
2002-01-05,24.745573770491802,61
2002-01-06,24.591475409836065,61
2002-01-07,24.79262295081967,61
2002-01-08,24.855245901639346,61
2002-01-09,24.884918032786885,61
2002-01-10,24.914590163934427,61
2002-01-11,23.897704918032787,61
2002-01-12,23.85459016393443,61
2002-01-13,23.986229508196722,61
2002-01-14,24.035409836065575,61
2002-01-15,24.084918032786888,61
2002-01-16,24.148032786885246,61
2002-01-17,24.315409836065573,61
2002-01-18,24.3772131147541,61
2002-01-19,24.473278688524587,61
2002-01-20,25.14344262295082,61
2002-01-21,25.187868852459015,61
2002-01-22,25.2355737704918,61
2002-01-23,25.33098360655738,61
2002-01-24,25.235737704918034,61
2002-01-25,25.248032786885243,61
2002-01-26,25.226885245901638,61
2002-01-27,25.219016393442622,61
2002-01-28,25.27655737704918,61
2002-01-29,25.04786885245902,61
2002-01-30,25.288032786885246,61
2002-01-31,25.454918032786885,61
2002-02-01,25.442622950819672,61
2002-02-02,25.20704918032787,61
2002-02-03,25.50639344262295,61
2002-02-04,25.70704918032787,61
2002-02-05,25.818852459016394,61
2002-02-06,25.91901639344262,61
2002-02-07,26.176885245901637,61
2002-02-08,26.204754098360656,61
2002-02-09,26.33032786885246,61
2002-02-10,26.59950819672131,61
2002-02-11,26.60950819672131,61
2002-02-12,26.38590163934426,61
2002-02-13,26.65672131147541,61
2002-02-14,26.36737704918033,61
2002-02-15,26.145573770491804,61
2002-02-16,26.183114754098362,61
2002-02-17,26.146065573770493,61
2002-02-18,26.089016393442623,61
2002-02-19,25.937704918032786,61
2002-02-20,25.978196721311477,61
2002-02-21,26.22590163934426,61
2002-02-22,26.50032786885246,61
2002-02-23,26.608852459016394,61
2002-02-24,26.69934426229508,61
2002-02-25,26.622295081967213,61
2002-02-26,26.129344262295085,61
2002-02-27,25.968032786885246,61
2002-02-28,26.058360655737705,61
2002-03-01,25.968688524590164,61
2002-03-02,26.213770491803277,61
2002-03-03,26.48672131147541,61
2002-03-04,26.595409836065574,61
2002-03-05,26.677868852459014,61
2002-03-06,26.74606557377049,61
2002-03-07,27.227868852459018,61
2002-03-08,27.412459016393445,61
2002-03-09,27.29639344262295,61
2002-03-10,26.930491803278688,61
2002-03-11,26.81245901639344,61
2002-03-12,26.938688524590162,61
2002-03-13,27.129016393442623,61
2002-03-14,27.241803278688526,61
2002-03-15,27.304754098360654,61
2002-03-16,27.31245901639344,61
2002-03-17,26.761803278688525,61
2002-03-18,26.75377049180328,61
2002-03-19,26.774426229508197,61
2002-03-20,26.709344262295083,61
2002-03-21,26.625737704918034,61
2002-03-22,26.55311475409836,61
2002-03-23,26.63360655737705,61
2002-03-24,26.651475409836067,61
2002-03-25,26.660819672131147,61
2002-03-26,27.644918032786883,61
2002-03-27,27.801639344262295,61
2002-03-28,27.910655737704918,61
2002-03-29,27.85934426229508,61
2002-03-30,27.89639344262295,61
2002-03-31,27.92065573770492,61
2002-04-01,27.86754098360656,61
2002-04-02,27.87311475409836,61
2002-04-03,27.858852459016394,61
2002-04-04,28.152786885245902,61
2002-04-05,28.14639344262295,61
2002-04-06,28.23016393442623,61
2002-04-07,28.14655737704918,61
2002-04-08,27.871967213114754,61
2002-04-09,27.50393442622951,61
2002-04-10,27.244590163934426,61
2002-04-11,27.311803278688526,61
2002-04-12,27.342295081967215,61
2002-04-13,27.651147540983608,61
2002-04-14,28.074918032786883,61
2002-04-15,28.162295081967216,61
2002-04-16,27.794754098360656,61
2002-04-17,27.082786885245902,61
2002-04-18,27.00672131147541,61
2002-04-19,26.982950819672133,61
2002-04-20,27.059836065573773,61
2002-04-21,27.12688524590164,61
2002-04-22,27.20770491803279,61
2002-04-23,27.40983606557377,61
2002-04-24,27.399836065573773,61
2002-04-25,27.36655737704918,61
2002-04-26,27.344590163934427,61
2002-04-27,27.391803278688528,61
2002-04-28,27.360491803278688,61
2002-04-29,27.305901639344263,61
2002-04-30,27.274426229508197,61
2002-05-01,27.237868852459016,61
2002-05-02,27.660819672131147,61
2002-05-03,27.79737704918033,61
2002-05-04,27.79983606557377,61
2002-05-05,27.59704918032787,61
2002-05-06,27.435901639344262,61
2002-05-07,27.163114754098363,61
2002-05-08,26.832786885245902,61
2002-05-09,26.74065573770492,61
2002-05-10,26.715573770491805,61
2002-05-11,26.324918032786883,61
2002-05-12,26.50409836065574,61
2002-05-13,26.68327868852459,61
2002-05-14,26.484098360655736,61
2002-05-15,26.524262295081968,61
2002-05-16,26.566885245901638,61
2002-05-17,26.459180327868854,61
2002-05-18,26.408524590163935,61
2002-05-19,26.35737704918033,61
2002-05-20,26.28655737704918,61
2002-05-21,26.185081967213115,61
2002-05-22,26.179344262295082,61
2002-05-23,26.149836065573773,61
2002-05-24,25.944262295081966,61
2002-05-25,26.04344262295082,61
2002-05-26,26.161967213114757,61
2002-05-27,26.290491803278687,61
2002-05-28,26.347540983606557,61
2002-05-29,26.314918032786885,61
2002-05-30,25.888360655737706,61
2002-05-31,25.794262295081968,61
2002-06-01,25.60950819672131,61
2002-06-02,25.478688524590165,61
2002-06-03,25.065573770491802,61
2002-06-04,24.971803278688522,61
2002-06-05,25.04262295081967,61
2002-06-06,25.025573770491803,61
2002-06-07,24.997868852459014,61
2002-06-08,25.162786885245904,61
2002-06-09,25.38049180327869,61
2002-06-10,25.31081967213115,61
2002-06-11,25.317704918032785,61
2002-06-12,25.395573770491804,61
2002-06-13,25.50377049180328,61
2002-06-14,25.476885245901638,61
2002-06-15,25.507540983606557,61
2002-06-16,25.459016393442624,61
2002-06-17,25.32344262295082,61
2002-06-18,25.317213114754097,61
2002-06-19,25.27229508196721,61
2002-06-20,25.29606557377049,61
2002-06-21,25.227213114754097,61
2002-06-22,25.18409836065574,61
2002-06-23,25.157377049180326,61
2002-06-24,25.163114754098363,61
2002-06-25,25.105081967213117,61
2002-06-26,25.35688524590164,61
2002-06-27,25.374426229508195,61
2002-06-28,25.306065573770493,61
2002-06-29,25.28655737704918,61
2002-06-30,25.258852459016392,61
2002-07-01,25.16950819672131,61
2002-07-02,24.97967213114754,61
2002-07-03,24.88639344262295,61
2002-07-04,24.662950819672133,61
2002-07-05,24.625901639344264,61
2002-07-06,24.61737704918033,61
2002-07-07,24.412786885245904,61
2002-07-08,24.32688524590164,61
2002-07-09,24.352295081967213,61
2002-07-10,24.351639344262296,61
2002-07-11,24.308360655737705,61
2002-07-12,24.299016393442624,61
2002-07-13,24.235245901639342,61
2002-07-14,24.31081967213115,61
2002-07-15,24.30934426229508,61
2002-07-16,24.208032786885248,61
2002-07-17,24.172459016393443,61
2002-07-18,24.33081967213115,61
2002-07-19,24.259999999999998,61
2002-07-20,24.161967213114757,61
2002-07-21,24.168688524590163,61
2002-07-22,24.14262295081967,61
2002-07-23,24.74049180327869,61
2002-07-24,24.591803278688523,61
2002-07-25,24.291147540983605,61
2002-07-26,23.735737704918034,61
2002-07-27,23.346393442622947,61
2002-07-28,23.68622950819672,61
2002-07-29,24.224262295081967,61
2002-07-30,24.403606557377046,61
2002-07-31,24.33573770491803,61
2002-08-01,24.015081967213117,61
2002-08-02,24.26081967213115,61
2002-08-03,24.380983606557376,61
2002-08-04,23.93967213114754,61
2002-08-05,23.487704918032787,61
2002-08-06,23.54655737704918,61
2002-08-07,23.965737704918034,61
2002-08-08,24.114754098360656,61
2002-08-09,24.0627868852459,61
2002-08-10,23.838852459016394,61
2002-08-11,23.754918032786886,61
2002-08-12,23.663114754098363,61
2002-08-13,23.468852459016393,61
2002-08-14,23.37262295081967,61
2002-08-15,23.02622950819672,61
2002-08-16,22.960163934426227,61
2002-08-17,22.976885245901638,61
2002-08-18,22.971639344262293,61
2002-08-19,23.055901639344263,61
2002-08-20,23.01344262295082,61
2002-08-21,22.90606557377049,61
2002-08-22,22.598852459016392,61
2002-08-23,22.411311475409835,61
2002-08-24,22.23672131147541,61
2002-08-25,22.29344262295082,61
2002-08-26,22.291475409836064,61
2002-08-27,22.075901639344263,61
2002-08-28,22.16426229508197,61
2002-08-29,22.839180327868853,61
2002-08-30,22.82540983606557,61
2002-08-31,22.719344262295085,61
2002-09-01,22.572295081967216,61
2002-09-02,22.500819672131147,61
2002-09-03,22.647704918032787,61
2002-09-04,22.75032786885246,61
2002-09-05,22.795081967213115,61
2002-09-06,22.790819672131146,61
2002-09-07,22.922131147540984,61
2002-09-08,22.90049180327869,61
2002-09-09,22.775245901639344,61
2002-09-10,22.591639344262294,61
2002-09-11,22.46688524590164,61
2002-09-12,22.385409836065573,61
2002-09-13,22.26967213114754,61
2002-09-14,22.238852459016393,61
2002-09-15,22.155573770491802,61
2002-09-16,22.058196721311475,61
2002-09-17,22.120491803278686,61
2002-09-18,22.145737704918034,61
2002-09-19,22.18967213114754,61
2002-09-20,22.111147540983605,61
2002-09-21,21.899016393442622,61
2002-09-22,21.578032786885245,61
2002-09-23,21.5055737704918,61
2002-09-24,21.564098360655738,61
2002-09-25,21.573114754098363,61
2002-09-26,21.581147540983608,61
2002-09-27,21.623770491803278,61
2002-09-28,21.820655737704918,61
2002-09-29,22.064918032786885,61
2002-09-30,22.280327868852456,61
2002-10-01,22.19934426229508,61
2002-10-02,22.162459016393445,61
2002-10-03,22.220000000000002,61
2002-10-04,22.341639344262294,61
2002-10-05,22.237540983606557,61
2002-10-06,22.11360655737705,61
2002-10-07,22.07967213114754,61
2002-10-08,21.968032786885246,61
2002-10-09,22.134262295081967,61
2002-10-10,22.339180327868853,61
2002-10-11,22.388360655737706,61
2002-10-12,22.38065573770492,61
2002-10-13,22.00393442622951,61
2002-10-14,21.912950819672133,61
2002-10-15,21.945737704918034,61
2002-10-16,22.04311475409836,61
2002-10-17,22.281147540983607,61
2002-10-18,22.64672131147541,61
2002-10-19,22.94704918032787,61
2002-10-20,23.02967213114754,61
2002-10-21,23.049672131147542,61
2002-10-22,23.114262295081968,61
2002-10-23,22.9872131147541,61
2002-10-24,22.871967213114754,61
2002-10-25,22.626393442622952,61
2002-10-26,22.562131147540985,61
2002-10-27,22.418360655737704,61
2002-10-28,22.36622950819672,61
2002-10-29,22.370163934426227,61
2002-10-30,22.1872131147541,61
2002-10-31,22.100983606557378,61
2002-11-01,22.24393442622951,61
2002-11-02,22.2372131147541,61
2002-11-03,22.306065573770493,61
2002-11-04,22.378688524590164,61
2002-11-05,22.448032786885246,61
2002-11-06,22.548360655737707,61
2002-11-07,22.479508196721312,61
2002-11-08,22.36262295081967,61
2002-11-09,22.230819672131148,61
2002-11-10,22.257213114754098,61
2002-11-11,22.215573770491805,61
2002-11-12,22.102295081967213,61
2002-11-13,22.251803278688524,61
2002-11-14,22.338032786885243,61
2002-11-15,22.947540983606558,61
2002-11-16,23.197540983606558,61
2002-11-17,23.24032786885246,61
2002-11-18,23.04311475409836,61
2002-11-19,23.445737704918034,61
2002-11-20,23.671311475409837,61
2002-11-21,23.831639344262296,61
2002-11-22,23.58377049180328,61
2002-11-23,23.30688524590164,61
2002-11-24,23.119016393442624,61
2002-11-25,23.121147540983607,61
2002-11-26,23.229180327868853,61
2002-11-27,23.32016393442623,61
2002-11-28,23.427049180327867,61
2002-11-29,23.444590163934425,61
2002-11-30,23.68016393442623,61
2002-12-01,23.70639344262295,61
2002-12-02,23.638688524590165,61
2002-12-03,23.80295081967213,61
2002-12-04,23.79327868852459,61
2002-12-05,23.79,61
2002-12-06,23.75672131147541,61
2002-12-07,24.02967213114754,61
2002-12-08,24.044754098360656,61
2002-12-09,24.02754098360656,61
2002-12-10,24.368524590163936,61
2002-12-11,24.874262295081966,61
2002-12-12,25.144918032786883,61
2002-12-13,25.154426229508196,61
2002-12-14,25.158852459016394,61
2002-12-15,25.111311475409835,61
2002-12-16,24.818852459016394,61
2002-12-17,24.692459016393443,61
2002-12-18,24.64295081967213,61
2002-12-19,24.635245901639344,61
2002-12-20,24.630983606557376,61
2002-12-21,24.387213114754097,61
2002-12-22,24.378032786885246,61
2002-12-23,24.523114754098362,61
2002-12-24,24.586721311475408,61
2002-12-25,25.33459016393443,61
2002-12-26,25.381639344262293,61
2002-12-27,25.411475409836065,61
2002-12-28,25.272950819672133,61
2002-12-29,25.221967213114752,61
2002-12-30,24.83590163934426,61
2002-12-31,25.03655737704918,61
2003-01-01,25.175901639344264,61
2003-01-02,25.213934426229507,61
2003-01-03,25.361475409836064,61
2003-01-04,25.188688524590162,61
2003-01-05,24.95344262295082,61
2003-01-06,24.95,61
2003-01-07,25.047049180327868,61
2003-01-08,25.5272131147541,61
2003-01-09,25.731475409836065,61
2003-01-10,25.545081967213115,61
2003-01-11,25.565573770491802,61
2003-01-12,25.572622950819675,61
2003-01-13,25.688524590163933,61
2003-01-14,25.77606557377049,61
2003-01-15,25.7172131147541,61
2003-01-16,26.001475409836065,61
2003-01-17,26.14704918032787,61
2003-01-18,26.12704918032787,61
2003-01-19,25.97245901639344,61
2003-01-20,26.048524590163936,61
2003-01-21,26.05065573770492,61
2003-01-22,25.839180327868853,61
2003-01-23,25.29213114754098,61
2003-01-24,25.199180327868852,61
2003-01-25,25.13754098360656,61
2003-01-26,25.3972131147541,61
2003-01-27,25.06590163934426,61
2003-01-28,24.97622950819672,61
2003-01-29,25.017540983606555,61
2003-01-30,25.465573770491805,61
2003-01-31,25.643770491803277,61
2003-02-01,26.01311475409836,61
2003-02-02,26.15311475409836,61
2003-02-03,26.176065573770494,61
2003-02-04,26.432622950819674,61
2003-02-05,26.67622950819672,61
2003-02-06,27.08622950819672,61
2003-02-07,27.481967213114757,61
2003-02-08,27.908032786885247,61
2003-02-09,28.14672131147541,61
2003-02-10,27.657049180327867,61
2003-02-11,27.45672131147541,61
2003-02-12,27.479344262295083,61
2003-02-13,27.548032786885248,61
2003-02-14,27.52,61
2003-02-15,27.6227868852459,61
2003-02-16,27.626229508196722,61
2003-02-17,27.125901639344264,61
2003-02-18,26.950655737704917,61
2003-02-19,26.554426229508195,61
2003-02-20,26.418032786885245,61
2003-02-21,26.528524590163933,61
2003-02-22,26.4427868852459,61
2003-02-23,26.200327868852458,61
2003-02-24,26.51295081967213,61
2003-02-25,26.89655737704918,61
2003-02-26,27.899672131147543,61
2003-02-27,27.911147540983606,61
2003-02-28,27.662459016393445,61
2003-03-01,27.535737704918034,61
2003-03-02,27.309836065573773,61
2003-03-03,27.049180327868854,61
2003-03-04,26.960163934426227,61
2003-03-05,26.91524590163934,61
2003-03-06,27.058688524590163,61
2003-03-07,27.322786885245904,61
2003-03-08,27.66426229508197,61
2003-03-09,27.799508196721312,61
2003-03-10,27.88295081967213,61
2003-03-11,27.83081967213115,61
2003-03-12,27.695737704918034,61
2003-03-13,27.668688524590163,61
2003-03-14,27.71344262295082,61
2003-03-15,27.856229508196723,61
2003-03-16,27.91540983606557,61
2003-03-17,27.78344262295082,61
2003-03-18,27.59983606557377,61
2003-03-19,27.592459016393445,61
2003-03-20,27.47213114754098,61
2003-03-21,27.370655737704915,61
2003-03-22,27.347868852459015,61
2003-03-23,26.906885245901638,61
2003-03-24,26.864918032786886,61
2003-03-25,27.17311475409836,61
2003-03-26,27.43,61
2003-03-27,27.717377049180328,61
2003-03-28,27.684918032786886,61
2003-03-29,27.114918032786886,61
2003-03-30,26.790327868852458,61
2003-03-31,26.853934426229507,61
2003-04-01,27.23704918032787,61
2003-04-02,27.604918032786887,61
2003-04-03,27.997049180327867,61
2003-04-04,28.008524590163933,61
2003-04-05,27.866721311475413,61
2003-04-06,27.755081967213115,61
2003-04-07,27.108688524590164,61
2003-04-08,27.194262295081966,61
2003-04-09,27.44327868852459,61
2003-04-10,27.511967213114755,61
2003-04-11,27.54672131147541,61
2003-04-12,27.167704918032786,61
2003-04-13,27.14049180327869,61
2003-04-14,27.044262295081968,61
2003-04-15,27.021147540983605,61
2003-04-16,27.18950819672131,61
2003-04-17,27.209180327868854,61
2003-04-18,27.228360655737706,61
2003-04-19,27.242131147540984,61
2003-04-20,27.578032786885245,61
2003-04-21,27.678360655737706,61
2003-04-22,27.549016393442624,61
2003-04-23,27.52229508196721,61
2003-04-24,27.500655737704918,61
2003-04-25,27.2872131147541,61
2003-04-26,27.035081967213117,61
2003-04-27,27.04983606557377,61
2003-04-28,27.16967213114754,61
2003-04-29,27.218688524590164,61
2003-04-30,27.118032786885248,61
2003-05-01,27.034262295081966,61
2003-05-02,26.894754098360654,61
2003-05-03,26.907049180327867,61
2003-05-04,26.864754098360656,61
2003-05-05,26.58983606557377,61
2003-05-06,26.358032786885243,61
2003-05-07,26.45606557377049,61
2003-05-08,26.540491803278687,61
2003-05-09,26.524918032786886,61
2003-05-10,26.850163934426227,61
2003-05-11,26.955081967213115,61
2003-05-12,27.321967213114757,61
2003-05-13,27.352459016393443,61
2003-05-14,27.357868852459013,61
2003-05-15,26.980983606557377,61
2003-05-16,26.593114754098362,61
2003-05-17,26.549344262295083,61
2003-05-18,26.596557377049184,61
2003-05-19,26.5844262295082,61
2003-05-20,26.534590163934425,61
2003-05-21,26.449016393442626,61
2003-05-22,26.375901639344264,61
2003-05-23,26.263934426229508,61
2003-05-24,26.19360655737705,61
2003-05-25,26.193770491803278,61
2003-05-26,25.82983606557377,61
2003-05-27,25.63360655737705,61
2003-05-28,25.787704918032787,61
2003-05-29,25.774590163934427,61
2003-05-30,25.79754098360656,61
2003-05-31,25.80262295081967,61
2003-06-01,25.68983606557377,61
2003-06-02,25.578852459016392,61
2003-06-03,25.7772131147541,61
2003-06-04,25.961147540983607,61
2003-06-05,25.899508196721314,61
2003-06-06,25.82,61
2003-06-07,25.790327868852458,61
2003-06-08,25.711311475409836,61
2003-06-09,25.591639344262294,61
2003-06-10,25.331803278688525,61
2003-06-11,25.24360655737705,61
2003-06-12,25.205737704918032,61
2003-06-13,25.163114754098363,61
2003-06-14,25.07672131147541,61
2003-06-15,25.152131147540985,61
2003-06-16,25.068360655737706,61
2003-06-17,25.04360655737705,61
2003-06-18,25.039836065573773,61
2003-06-19,24.958524590163936,61
2003-06-20,24.951147540983605,61
2003-06-21,24.780327868852456,61
2003-06-22,23.86672131147541,61
2003-06-23,24.188360655737704,61
2003-06-24,24.301311475409832,61
2003-06-25,24.209672131147542,61
2003-06-26,24.161475409836065,61
2003-06-27,24.129180327868855,61
2003-06-28,24.129508196721314,61
2003-06-29,24.15655737704918,61
2003-06-30,24.25393442622951,61
2003-07-01,24.20262295081967,61
2003-07-02,24.054098360655736,61
2003-07-03,23.925573770491805,61
2003-07-04,23.82688524590164,61
2003-07-05,23.54262295081967,61
2003-07-06,23.481967213114757,61
2003-07-07,23.43344262295082,61
2003-07-08,23.569344262295083,61
2003-07-09,23.678360655737702,61
2003-07-10,23.75409836065574,61
2003-07-11,23.462131147540983,61
2003-07-12,23.56655737704918,61
2003-07-13,23.541311475409834,61
2003-07-14,23.395245901639342,61
2003-07-15,23.237377049180328,61
2003-07-16,23.11377049180328,61
2003-07-17,23.00590163934426,61
2003-07-18,23.130163934426232,61
2003-07-19,23.29786885245902,61
2003-07-20,23.323934426229506,61
2003-07-21,23.308196721311475,61
2003-07-22,23.072622950819675,61
2003-07-23,22.765245901639346,61
2003-07-24,22.575081967213112,61
2003-07-25,22.474918032786885,61
2003-07-26,22.365901639344262,61
2003-07-27,22.8255737704918,61
2003-07-28,23.113114754098362,61
2003-07-29,23.031639344262295,61
2003-07-30,22.85704918032787,61
2003-07-31,23.078524590163934,61
2003-08-01,23.232622950819675,61
2003-08-02,23.286065573770493,61
2003-08-03,23.30639344262295,61
2003-08-04,23.416065573770492,61
2003-08-05,23.463770491803277,61
2003-08-06,23.59950819672131,61
2003-08-07,23.54344262295082,61
2003-08-08,23.478524590163936,61
2003-08-09,23.447704918032787,61
2003-08-10,23.26081967213115,61
2003-08-11,23.111475409836064,61
2003-08-12,23.031803278688525,61
2003-08-13,23.41049180327869,61
2003-08-14,23.41918032786885,61
2003-08-15,23.298852459016395,61
2003-08-16,23.321147540983606,61
2003-08-17,23.46950819672131,61
2003-08-18,23.44868852459016,61
2003-08-19,23.181967213114753,61
2003-08-20,23.200655737704917,61
2003-08-21,23.334918032786888,61
2003-08-22,23.368688524590166,61
2003-08-23,23.401803278688526,61
2003-08-24,23.410819672131147,61
2003-08-25,23.411639344262294,61
2003-08-26,23.285409836065575,61
2003-08-27,23.333934426229508,61
2003-08-28,23.418032786885245,61
2003-08-29,23.363114754098362,61
2003-08-30,23.41590163934426,61
2003-08-31,23.77901639344262,61
2003-09-01,23.76688524590164,61
2003-09-02,23.72606557377049,61
2003-09-03,23.72967213114754,61
2003-09-04,23.70016393442623,61
2003-09-05,23.281311475409836,61
2003-09-06,23.094918032786886,61
2003-09-07,22.861967213114752,61
2003-09-08,22.71704918032787,61
2003-09-09,22.60081967213115,61
2003-09-10,22.534754098360654,61
2003-09-11,22.514918032786888,61
2003-09-12,22.535081967213117,61
2003-09-13,22.481475409836065,61
2003-09-14,22.3572131147541,61
2003-09-15,22.32360655737705,61
2003-09-16,22.429180327868853,61
2003-09-17,22.469180327868852,61
2003-09-18,22.439999999999998,61
2003-09-19,22.42065573770492,61
2003-09-20,22.518360655737702,61
2003-09-21,22.614754098360656,61
2003-09-22,22.621147540983607,61
2003-09-23,22.43983606557377,61
2003-09-24,22.378032786885246,61
2003-09-25,22.36262295081967,61
2003-09-26,22.468360655737705,61
2003-09-27,22.652459016393443,61
2003-09-28,22.701967213114752,61
2003-09-29,22.502131147540986,61
2003-09-30,22.53672131147541,61
2003-10-01,22.459180327868854,61
2003-10-02,22.39672131147541,61
2003-10-03,22.211147540983607,61
2003-10-04,22.1172131147541,61
2003-10-05,21.895081967213113,61
2003-10-06,21.841967213114753,61
2003-10-07,21.839344262295082,61
2003-10-08,21.959508196721313,61
2003-10-09,22.29393442622951,61
2003-10-10,22.962295081967213,61
2003-10-11,23.492131147540984,61
2003-10-12,23.420983606557378,61
2003-10-13,23.105901639344264,61
2003-10-14,22.917704918032786,61
2003-10-15,22.83639344262295,61
2003-10-16,22.73704918032787,61
2003-10-17,22.61967213114754,61
2003-10-18,22.76688524590164,61
2003-10-19,23.051147540983603,61
2003-10-20,23.278360655737707,61
2003-10-21,23.1972131147541,61
2003-10-22,23.205901639344262,61
2003-10-23,23.17016393442623,61
2003-10-24,23.031967213114754,61
2003-10-25,23.07377049180328,61
2003-10-26,23.004590163934427,61
2003-10-27,22.982950819672133,61
2003-10-28,22.848688524590163,61
2003-10-29,22.60081967213115,61
2003-10-30,22.431967213114753,61
2003-10-31,22.19688524590164,61
2003-11-01,22.388852459016395,61
2003-11-02,22.82983606557377,61
2003-11-03,22.734590163934424,61
2003-11-04,22.72377049180328,61
2003-11-05,22.299508196721312,61
2003-11-06,22.130000000000003,61
2003-11-07,22.05704918032787,61
2003-11-08,21.964590163934425,61
2003-11-09,22.095901639344262,61
2003-11-10,23.098196721311474,61
2003-11-11,23.260163934426227,61
2003-11-12,23.237704918032787,61
2003-11-13,23.069016393442624,61
2003-11-14,23.086885245901637,61
2003-11-15,23.232950819672133,61
2003-11-16,23.10655737704918,61
2003-11-17,23.07934426229508,61
2003-11-18,23.116885245901642,61
2003-11-19,23.257213114754098,61
2003-11-20,23.337704918032784,61
2003-11-21,23.4244262295082,61
2003-11-22,23.78655737704918,61
2003-11-23,23.946065573770493,61
2003-11-24,23.8344262295082,61
2003-11-25,23.678688524590164,61
2003-11-26,23.455737704918032,61
2003-11-27,23.806229508196722,61
2003-11-28,24.3055737704918,61
2003-11-29,24.3827868852459,61
2003-11-30,24.58065573770492,61
2003-12-01,24.594426229508198,61
2003-12-02,24.32655737704918,61
2003-12-03,23.8,61
2003-12-04,23.709672131147542,61
2003-12-05,23.709508196721313,61
2003-12-06,23.61262295081967,61
2003-12-07,23.5427868852459,61
2003-12-08,23.48918032786885,61
2003-12-09,23.484918032786883,61
2003-12-10,23.848524590163933,61
2003-12-11,24.04213114754098,61
2003-12-12,23.982131147540986,61
2003-12-13,23.97213114754098,61
2003-12-14,23.965901639344263,61
2003-12-15,23.63295081967213,61
2003-12-16,22.98540983606557,61
2003-12-17,22.940327868852457,61
2003-12-18,22.93918032786885,61
2003-12-19,22.681803278688523,61
2003-12-20,22.784098360655737,61
2003-12-21,23.108852459016394,61
2003-12-22,23.559344262295085,61
2003-12-23,23.661475409836065,61
2003-12-24,23.91639344262295,61
2003-12-25,23.988852459016393,61
2003-12-26,24.07639344262295,61
2003-12-27,24.030327868852456,61
2003-12-28,23.757704918032786,61
2003-12-29,23.82524590163934,61
2003-12-30,24.128688524590164,61
2003-12-31,24.173934426229508,61
2004-01-01,24.16377049180328,61
2004-01-02,24.20672131147541,61
2004-01-03,24.258524590163933,61
2004-01-04,24.225573770491803,61
2004-01-05,24.218524590163934,61
2004-01-06,23.55262295081967,61
2004-01-07,23.49344262295082,61
2004-01-08,23.615409836065574,61
2004-01-09,23.55918032786885,61
2004-01-10,23.84967213114754,61
2004-01-11,24.458852459016395,61
2004-01-12,25.3255737704918,61
2004-01-13,25.412295081967216,61
2004-01-14,25.185081967213115,61
2004-01-15,25.128852459016393,61
2004-01-16,25.08622950819672,61
2004-01-17,24.975245901639344,61
2004-01-18,25.061147540983608,61
2004-01-19,25.015081967213117,61
2004-01-20,24.865737704918033,61
2004-01-21,24.887213114754097,61
2004-01-22,24.864754098360656,61
2004-01-23,24.858032786885243,61
2004-01-24,24.671967213114755,61
2004-01-25,24.322131147540986,61
2004-01-26,24.314098360655738,61
2004-01-27,24.435737704918033,61
2004-01-28,24.555901639344263,61
2004-01-29,24.4944262295082,61
2004-01-30,24.322622950819675,61
2004-01-31,24.55327868852459,61
2004-02-01,24.90573770491803,61
2004-02-02,25.157868852459014,61
2004-02-03,25.177377049180325,61
2004-02-04,25.497868852459014,61
2004-02-05,25.621147540983607,61
2004-02-06,25.56737704918033,61
2004-02-07,25.422459016393443,61
2004-02-08,25.370491803278686,61
2004-02-09,24.955573770491803,61
2004-02-10,24.40065573770492,61
2004-02-11,23.877540983606558,61
2004-02-12,24.114262295081968,61
2004-02-13,24.157049180327867,61
2004-02-14,24.221475409836067,61
2004-02-15,24.630819672131146,61
2004-02-16,24.890983606557377,61
2004-02-17,24.911639344262294,61
2004-02-18,25.188032786885245,61
2004-02-19,25.661639344262294,61
2004-02-20,25.634918032786885,61
2004-02-21,24.941475409836066,61
2004-02-22,24.756065573770492,61
2004-02-23,25.065245901639344,61
2004-02-24,25.23950819672131,61
2004-02-25,25.63049180327869,61
2004-02-26,26.14704918032787,61
2004-02-27,26.495245901639343,61
2004-02-28,26.500983606557377,61
2004-02-29,26.059016393442622,61
2004-03-01,25.998852459016394,61
2004-03-02,25.96704918032787,61
2004-03-03,26.335245901639347,61
2004-03-04,26.35360655737705,61
2004-03-05,26.388852459016395,61
2004-03-06,26.294262295081968,61
2004-03-07,26.271803278688523,61
2004-03-08,26.201803278688523,61
2004-03-09,26.307704918032787,61
2004-03-10,26.61262295081967,61
2004-03-11,26.798360655737707,61
2004-03-12,27.110819672131147,61
2004-03-13,27.455737704918032,61
2004-03-14,27.588524590163935,61
2004-03-15,27.653278688524587,61
2004-03-16,27.555245901639342,61
2004-03-17,27.041311475409834,61
2004-03-18,26.76081967213115,61
2004-03-19,26.61622950819672,61
2004-03-20,26.394262295081965,61
2004-03-21,26.842459016393445,61
2004-03-22,27.138360655737706,61
2004-03-23,27.03655737704918,61
2004-03-24,26.751475409836065,61
2004-03-25,26.91590163934426,61
2004-03-26,26.858688524590164,61
2004-03-27,26.508852459016392,61
2004-03-28,26.60049180327869,61
2004-03-29,26.58311475409836,61
2004-03-30,26.436229508196725,61
2004-03-31,26.40983606557377,61
2004-04-01,26.392459016393442,61
2004-04-02,26.30262295081967,61
2004-04-03,26.22983606557377,61
2004-04-04,26.227868852459018,61
2004-04-05,26.355245901639346,61
2004-04-06,26.61622950819672,61
2004-04-07,26.968852459016393,61
2004-04-08,27.373934426229507,61
2004-04-09,27.247540983606555,61
2004-04-10,27.264098360655737,61
2004-04-11,27.15606557377049,61
2004-04-12,26.761967213114755,61
2004-04-13,26.784754098360654,61
2004-04-14,26.979180327868853,61
2004-04-15,27.223114754098358,61
2004-04-16,27.681803278688523,61
2004-04-17,28.070655737704918,61
2004-04-18,27.788032786885246,61
2004-04-19,27.688032786885245,61
2004-04-20,27.82639344262295,61
2004-04-21,27.680819672131147,61
2004-04-22,27.530327868852456,61
2004-04-23,27.748524590163935,61
2004-04-24,27.991475409836067,61
2004-04-25,28.090983606557376,61
2004-04-26,27.72295081967213,61
2004-04-27,27.782622950819672,61
2004-04-28,27.988032786885245,61
2004-04-29,28.03360655737705,61
2004-04-30,27.717377049180328,61
2004-05-01,27.52918032786885,61
2004-05-02,27.524262295081968,61
2004-05-03,27.643770491803277,61
2004-05-04,27.404426229508196,61
2004-05-05,27.352622950819672,61
2004-05-06,27.414426229508198,61
2004-05-07,27.539508196721314,61
2004-05-08,27.620819672131145,61
2004-05-09,27.388852459016395,61
2004-05-10,27.092950819672133,61
2004-05-11,26.789344262295085,61
2004-05-12,26.87704918032787,61
2004-05-13,26.892131147540987,61
2004-05-14,26.845573770491804,61
2004-05-15,26.79639344262295,61
2004-05-16,26.745573770491802,61
2004-05-17,26.68918032786885,61
2004-05-18,26.688852459016392,61
2004-05-19,26.700819672131146,61
2004-05-20,26.655081967213114,61
2004-05-21,26.52754098360656,61
2004-05-22,26.404426229508196,61
2004-05-23,26.438196721311474,61
2004-05-24,26.39344262295082,61
2004-05-25,26.35295081967213,61
2004-05-26,26.528360655737707,61
2004-05-27,26.539508196721314,61
2004-05-28,26.454426229508197,61
2004-05-29,26.421639344262296,61
2004-05-30,26.3127868852459,61
2004-05-31,26.072295081967216,61
2004-06-01,25.586721311475408,61
2004-06-02,25.53360655737705,61
2004-06-03,25.57983606557377,61
2004-06-04,25.477377049180326,61
2004-06-05,25.364918032786886,61
2004-06-06,25.280983606557378,61
2004-06-07,25.087704918032784,61
2004-06-08,24.901475409836067,61
2004-06-09,24.713770491803277,61
2004-06-10,24.585573770491802,61
2004-06-11,24.323278688524592,61
2004-06-12,24.361803278688523,61
2004-06-13,24.522950819672133,61
2004-06-14,24.661803278688524,61
2004-06-15,24.775737704918033,61
2004-06-16,24.808360655737705,61
2004-06-17,24.718360655737705,61
2004-06-18,24.66950819672131,61
2004-06-19,24.6972131147541,61
2004-06-20,24.715409836065575,61
2004-06-21,24.628688524590164,61
2004-06-22,24.422622950819672,61
2004-06-23,24.314262295081967,61
2004-06-24,24.37344262295082,61
2004-06-25,24.47606557377049,61
2004-06-26,24.67049180327869,61
2004-06-27,24.733442622950818,61
2004-06-28,24.67327868852459,61
2004-06-29,24.681475409836064,61
2004-06-30,24.68950819672131,61
2004-07-01,24.740000000000002,61
2004-07-02,24.7272131147541,61
2004-07-03,24.635081967213114,61
2004-07-04,24.575901639344263,61
2004-07-05,24.5144262295082,61
2004-07-06,24.530163934426227,61
2004-07-07,24.540655737704917,61
2004-07-08,24.554262295081966,61
2004-07-09,24.2827868852459,61
2004-07-10,24.216229508196722,61
2004-07-11,24.084918032786888,61
2004-07-12,23.997868852459014,61
2004-07-13,23.92032786885246,61
2004-07-14,23.97344262295082,61
2004-07-15,23.987540983606557,61
2004-07-16,23.95786885245902,61
2004-07-17,23.868688524590166,61
2004-07-18,24.11245901639344,61
2004-07-19,24.29262295081967,61
2004-07-20,24.305573770491804,61
2004-07-21,24.285081967213117,61
2004-07-22,24.304098360655736,61
2004-07-23,24.28704918032787,61
2004-07-24,24.54655737704918,61
2004-07-25,24.63245901639344,61
2004-07-26,24.63213114754098,61
2004-07-27,24.43409836065574,61
2004-07-28,24.407049180327867,61
2004-07-29,24.44704918032787,61
2004-07-30,24.36606557377049,61
2004-07-31,24.36377049180328,61
2004-08-01,24.34704918032787,61
2004-08-02,24.402786885245902,61
2004-08-03,24.411803278688524,61
2004-08-04,24.251967213114757,61
2004-08-05,24.098360655737704,61
2004-08-06,23.82655737704918,61
2004-08-07,23.684918032786886,61
2004-08-08,23.63983606557377,61
2004-08-09,23.597377049180327,61
2004-08-10,23.64655737704918,61
2004-08-11,23.511803278688525,61
2004-08-12,23.502786885245904,61
2004-08-13,23.425245901639347,61
2004-08-14,23.485081967213112,61
2004-08-15,23.534262295081966,61
2004-08-16,23.59327868852459,61
2004-08-17,23.54245901639344,61
2004-08-18,23.605901639344264,61
2004-08-19,23.45311475409836,61
2004-08-20,23.347540983606557,61
2004-08-21,23.143934426229507,61
2004-08-22,22.992622950819673,61
2004-08-23,22.884590163934426,61
2004-08-24,22.701475409836064,61
2004-08-25,22.535081967213117,61
2004-08-26,22.53327868852459,61
2004-08-27,22.45704918032787,61
2004-08-28,22.365409836065574,61
2004-08-29,22.376229508196722,61
2004-08-30,22.427377049180325,61
2004-08-31,22.432295081967215,61
2004-09-01,22.386885245901638,61
2004-09-02,22.441311475409837,61
2004-09-03,22.606229508196723,61
2004-09-04,22.6872131147541,61
2004-09-05,22.592950819672133,61
2004-09-06,22.554754098360654,61
2004-09-07,22.518032786885243,61
2004-09-08,22.598360655737704,61
2004-09-09,22.6427868852459,61
2004-09-10,22.464426229508195,61
2004-09-11,22.39131147540984,61
2004-09-12,22.443934426229507,61
2004-09-13,22.71344262295082,61
2004-09-14,22.83409836065574,61
2004-09-15,22.988852459016393,61
2004-09-16,23.07049180327869,61
2004-09-17,22.719508196721314,61
2004-09-18,22.32344262295082,61
2004-09-19,22.29344262295082,61
2004-09-20,22.36786885245902,61
2004-09-21,22.422459016393443,61
2004-09-22,22.249016393442623,61
2004-09-23,22.11606557377049,61
2004-09-24,22.06655737704918,61
2004-09-25,21.98049180327869,61
2004-09-26,21.99377049180328,61
2004-09-27,21.901311475409837,61
2004-09-28,21.804754098360654,61
2004-09-29,21.844590163934427,61
2004-09-30,21.91393442622951,61
2004-10-01,21.835573770491802,61
2004-10-02,21.651803278688526,61
2004-10-03,21.58016393442623,61
2004-10-04,21.49360655737705,61
2004-10-05,21.57967213114754,61
2004-10-06,21.57377049180328,61
2004-10-07,21.578524590163934,61
2004-10-08,21.78295081967213,61
2004-10-09,21.822295081967216,61
2004-10-10,21.74655737704918,61
2004-10-11,21.79688524590164,61
2004-10-12,21.70344262295082,61
2004-10-13,21.91016393442623,61
2004-10-14,21.92032786885246,61
2004-10-15,21.72032786885246,61
2004-10-16,21.681311475409835,61
2004-10-17,21.58311475409836,61
2004-10-18,22.342950819672133,61
2004-10-19,22.924918032786888,61
2004-10-20,22.732131147540986,61
2004-10-21,22.313114754098358,61
2004-10-22,22.72032786885246,61
2004-10-23,23.167704918032786,61
2004-10-24,23.11262295081967,61
2004-10-25,22.947868852459017,61
2004-10-26,22.851803278688525,61
2004-10-27,23.118524590163936,61
2004-10-28,23.337868852459014,61
2004-10-29,23.29377049180328,61
2004-10-30,23.412131147540986,61
2004-10-31,23.429344262295082,61
2004-11-01,23.294426229508197,61
2004-11-02,23.25573770491803,61
2004-11-03,23.075901639344263,61
2004-11-04,23.23688524590164,61
2004-11-05,23.474754098360656,61
2004-11-06,23.15295081967213,61
2004-11-07,23.069344262295083,61
2004-11-08,23.09901639344262,61
2004-11-09,23.12327868852459,61
2004-11-10,23.18983606557377,61
2004-11-11,23.268688524590164,61
2004-11-12,23.178196721311473,61
2004-11-13,23.5427868852459,61
2004-11-14,23.72770491803279,61
2004-11-15,23.630819672131146,61
2004-11-16,23.877540983606558,61
2004-11-17,24.0272131147541,61
2004-11-18,23.93377049180328,61
2004-11-19,23.918196721311475,61
2004-11-20,23.846721311475413,61
2004-11-21,23.66360655737705,61
2004-11-22,24.247377049180326,61
2004-11-23,25.241803278688526,61
2004-11-24,25.081967213114755,61
2004-11-25,24.69344262295082,61
2004-11-26,24.727868852459018,61
2004-11-27,24.641147540983606,61
2004-11-28,24.621475409836066,61
2004-11-29,24.732131147540986,61
2004-11-30,24.725409836065573,61
2004-12-01,24.269180327868852,61
2004-12-02,23.74065573770492,61
2004-12-03,23.77344262295082,61
2004-12-04,23.898196721311475,61
2004-12-05,24.115245901639344,61
2004-12-06,24.308852459016393,61
2004-12-07,24.469672131147544,61
2004-12-08,24.644426229508195,61
2004-12-09,24.732950819672133,61
2004-12-10,23.77327868852459,61
2004-12-11,23.447868852459017,61
2004-12-12,23.427377049180325,61
2004-12-13,23.17639344262295,61
2004-12-14,23.572950819672133,61
2004-12-15,23.92327868852459,61
2004-12-16,23.768032786885243,61
2004-12-17,23.95016393442623,61
2004-12-18,24.1272131147541,61
2004-12-19,24.62737704918033,61
2004-12-20,24.680655737704917,61
2004-12-21,24.727049180327867,61
2004-12-22,24.805081967213113,61
2004-12-23,24.118032786885248,61
2004-12-24,23.491475409836067,61
2004-12-25,23.691967213114754,61
2004-12-26,23.76344262295082,61
2004-12-27,23.97032786885246,61
2004-12-28,23.98918032786885,61
2004-12-29,24.160819672131147,61
2004-12-30,24.138360655737706,61
2004-12-31,23.939999999999998,61
2005-01-01,24.018032786885243,61
2005-01-02,24.260983606557378,61
2005-01-03,24.58311475409836,61
2005-01-04,24.70754098360656,61
2005-01-05,24.7172131147541,61
2005-01-06,24.658852459016394,61
2005-01-07,24.45672131147541,61
2005-01-08,24.288032786885246,61
2005-01-09,24.055901639344263,61
2005-01-10,23.88377049180328,61
2005-01-11,23.93754098360656,61
2005-01-12,24.14918032786885,61
2005-01-13,24.539344262295085,61
2005-01-14,24.975573770491803,61
2005-01-15,25.308852459016393,61
2005-01-16,25.577540983606557,61
2005-01-17,25.901639344262296,61
2005-01-18,26.461967213114754,61
2005-01-19,26.435737704918033,61
2005-01-20,26.381311475409834,61
2005-01-21,26.346393442622954,61
2005-01-22,26.3572131147541,61
2005-01-23,26.309508196721314,61
2005-01-24,26.4244262295082,61
2005-01-25,26.77786885245902,61
2005-01-26,26.912786885245904,61
2005-01-27,25.698852459016397,61
2005-01-28,25.239016393442622,61
2005-01-29,25.18032786885246,61
2005-01-30,25.08049180327869,61
2005-01-31,24.879016393442623,61
2005-02-01,24.839344262295082,61
2005-02-02,25.134590163934426,61
2005-02-03,25.275901639344262,61
2005-02-04,25.352622950819672,61
2005-02-05,25.514754098360658,61
2005-02-06,25.48327868852459,61
2005-02-07,25.486065573770492,61
2005-02-08,25.598524590163933,61
2005-02-09,26.0572131147541,61
2005-02-10,26.10327868852459,61
2005-02-11,26.131639344262293,61
2005-02-12,26.122131147540983,61
2005-02-13,26.44934426229508,61
2005-02-14,26.515573770491805,61
2005-02-15,26.261311475409837,61
2005-02-16,26.059016393442622,61
2005-02-17,26.154426229508196,61
2005-02-18,26.114262295081968,61
2005-02-19,25.982131147540986,61
2005-02-20,25.836721311475408,61
2005-02-21,25.567377049180326,61
2005-02-22,25.301803278688524,61
2005-02-23,25.064426229508197,61
2005-02-24,25.232622950819675,61
2005-02-25,25.42983606557377,61
2005-02-26,26.190163934426227,61
2005-02-27,26.784754098360654,61
2005-02-28,26.811967213114755,61
2005-03-01,27.181311475409835,61
2005-03-02,27.68901639344262,61
2005-03-03,28.089016393442623,61
2005-03-04,28.138852459016395,61
2005-03-05,27.97639344262295,61
2005-03-06,28.069508196721312,61
2005-03-07,28.342622950819674,61
2005-03-08,28.36672131147541,61
2005-03-09,28.20606557377049,61
2005-03-10,28.184590163934427,61
2005-03-11,28.194918032786887,61
2005-03-12,27.984426229508195,61
2005-03-13,28.153934426229508,61
2005-03-14,28.370983606557377,61
2005-03-15,28.53344262295082,61
2005-03-16,28.590983606557376,61
2005-03-17,28.667704918032786,61
2005-03-18,28.565409836065573,61
2005-03-19,28.557704918032787,61
2005-03-20,28.25983606557377,61
2005-03-21,28.163114754098363,61
2005-03-22,28.09426229508197,61
2005-03-23,28.045737704918032,61
2005-03-24,28.02655737704918,61
2005-03-25,26.950655737704917,61
2005-03-26,26.68032786885246,61
2005-03-27,26.733442622950818,61
2005-03-28,26.89672131147541,61
2005-03-29,27.087213114754096,61
2005-03-30,27.10049180327869,61
2005-03-31,27.044262295081968,61
2005-04-01,26.864590163934427,61
2005-04-02,26.68393442622951,61
2005-04-03,26.84918032786885,61
2005-04-04,26.97245901639344,61
2005-04-05,27.02,61
2005-04-06,27.035081967213113,61
2005-04-07,26.82655737704918,61
2005-04-08,26.729344262295083,61
2005-04-09,26.728032786885247,61
2005-04-10,26.969016393442622,61
2005-04-11,27.15967213114754,61
2005-04-12,27.539508196721314,61
2005-04-13,27.70393442622951,61
2005-04-14,28.274754098360656,61
2005-04-15,28.295245901639344,61
2005-04-16,28.00983606557377,61
2005-04-17,27.856229508196723,61
2005-04-18,27.802459016393442,61
2005-04-19,27.89950819672131,61
2005-04-20,27.69081967213115,61
2005-04-21,27.42016393442623,61
2005-04-22,27.379344262295085,61
2005-04-23,27.401639344262296,61
2005-04-24,27.424918032786888,61
2005-04-25,27.43639344262295,61
2005-04-26,27.45737704918033,61
2005-04-27,27.459508196721313,61
2005-04-28,27.391967213114757,61
2005-04-29,27.053770491803277,61
2005-04-30,26.941803278688525,61
2005-05-01,26.913114754098363,61
2005-05-02,26.85704918032787,61
2005-05-03,27.03327868852459,61
2005-05-04,27.35081967213115,61
2005-05-05,27.465573770491805,61
2005-05-06,27.672622950819672,61
2005-05-07,28.16688524590164,61
2005-05-08,28.841639344262294,61
2005-05-09,28.57016393442623,61
2005-05-10,28.484918032786883,61
2005-05-11,28.517868852459014,61
2005-05-12,28.364262295081968,61
2005-05-13,27.83655737704918,61
2005-05-14,28.05704918032787,61
2005-05-15,28.346557377049184,61
2005-05-16,28.255081967213115,61
2005-05-17,27.879344262295085,61
2005-05-18,27.90098360655738,61
2005-05-19,27.99983606557377,61
2005-05-20,27.930819672131147,61
2005-05-21,26.69295081967213,61
2005-05-22,26.446065573770493,61
2005-05-23,26.794918032786885,61
2005-05-24,27.001475409836065,61
2005-05-25,27.22360655737705,61
2005-05-26,27.435901639344262,61
2005-05-27,27.428524590163935,61
2005-05-28,27.48327868852459,61
2005-05-29,27.352295081967213,61
2005-05-30,27.09934426229508,61
2005-05-31,27.2555737704918,61
2005-06-01,27.20688524590164,61
2005-06-02,27.04672131147541,61
2005-06-03,26.181147540983606,61
2005-06-04,25.75573770491803,61
2005-06-05,25.749016393442623,61
2005-06-06,25.71950819672131,61
2005-06-07,25.741475409836067,61
2005-06-08,25.68901639344262,61
2005-06-09,25.88983606557377,61
2005-06-10,26.018852459016394,61
2005-06-11,26.095081967213115,61
2005-06-12,25.98967213114754,61
2005-06-13,26.00393442622951,61
2005-06-14,25.86344262295082,61
2005-06-15,25.788852459016397,61
2005-06-16,25.61967213114754,61
2005-06-17,24.9472131147541,61
2005-06-18,24.8344262295082,61
2005-06-19,24.869836065573768,61
2005-06-20,24.621967213114754,61
2005-06-21,24.49327868852459,61
2005-06-22,24.435081967213115,61
2005-06-23,24.07672131147541,61
2005-06-24,24.247049180327867,61
2005-06-25,24.690491803278686,61
2005-06-26,24.93016393442623,61
2005-06-27,25.012131147540984,61
2005-06-28,25.05344262295082,61
2005-06-29,24.317213114754097,61
2005-06-30,24.369999999999997,61
2005-07-01,24.498524590163935,61
2005-07-02,24.561803278688526,61
2005-07-03,24.569344262295083,61
2005-07-04,24.436557377049184,61
2005-07-05,24.3772131147541,61
2005-07-06,24.455081967213115,61
2005-07-07,24.479508196721312,61
2005-07-08,24.376393442622952,61
2005-07-09,24.22229508196721,61
2005-07-10,24.234426229508195,61
2005-07-11,24.227868852459018,61
2005-07-12,24.11950819672131,61
2005-07-13,24.06967213114754,61
2005-07-14,24.1744262295082,61
2005-07-15,24.198852459016397,61
2005-07-16,24.14016393442623,61
2005-07-17,24.03344262295082,61
2005-07-18,23.961803278688524,61
2005-07-19,23.968196721311475,61
2005-07-20,23.995573770491802,61
2005-07-21,24.16360655737705,61
2005-07-22,24.143934426229507,61
2005-07-23,24.2172131147541,61
2005-07-24,24.368360655737707,61
2005-07-25,24.533934426229507,61
2005-07-26,24.66950819672131,61
2005-07-27,24.425081967213117,61
2005-07-28,24.430983606557376,61
2005-07-29,24.459508196721313,61
2005-07-30,24.345081967213115,61
2005-07-31,24.304098360655736,61
2005-08-01,24.27016393442623,61
2005-08-02,24.23311475409836,61
2005-08-03,24.20377049180328,61
2005-08-04,23.883114754098358,61
2005-08-05,23.848196721311474,61
2005-08-06,23.866885245901642,61
2005-08-07,23.835573770491802,61
2005-08-08,23.8,61
2005-08-09,23.879344262295085,61
2005-08-10,23.909180327868853,61
2005-08-11,23.995573770491802,61
2005-08-12,23.918196721311475,61
2005-08-13,23.72049180327869,61
2005-08-14,23.82377049180328,61
2005-08-15,23.98918032786885,61
2005-08-16,23.997049180327867,61
2005-08-17,23.225409836065573,61
2005-08-18,23.167377049180327,61
2005-08-19,22.971639344262293,61
2005-08-20,23.091639344262294,61
2005-08-21,23.354262295081966,61
2005-08-22,23.298032786885248,61
2005-08-23,23.044262295081968,61
2005-08-24,22.980655737704918,61
2005-08-25,23.065081967213114,61
2005-08-26,23.129672131147544,61
2005-08-27,23.191803278688525,61
2005-08-28,23.113114754098362,61
2005-08-29,23.024754098360656,61
2005-08-30,22.75573770491803,61
2005-08-31,22.774262295081968,61
2005-09-01,22.725081967213114,61
2005-09-02,22.565737704918032,61
2005-09-03,22.096393442622947,61
2005-09-04,21.909344262295082,61
2005-09-05,21.881967213114752,61
2005-09-06,21.842295081967215,61
2005-09-07,21.964754098360654,61
2005-09-08,21.941967213114754,61
2005-09-09,21.928688524590164,61
2005-09-10,22.002295081967215,61
2005-09-11,22.053934426229507,61
2005-09-12,22.27786885245902,61
2005-09-13,22.25934426229508,61
2005-09-14,22.284918032786887,61
2005-09-15,22.155245901639343,61
2005-09-16,22.294754098360656,61
2005-09-17,22.379016393442626,61
2005-09-18,22.315573770491802,61
2005-09-19,22.532295081967213,61
2005-09-20,22.64327868852459,61
2005-09-21,22.655245901639343,61
2005-09-22,22.676065573770494,61
2005-09-23,22.595245901639345,61
2005-09-24,22.798196721311477,61
2005-09-25,22.862131147540982,61
2005-09-26,22.811803278688526,61
2005-09-27,22.757868852459016,61
2005-09-28,22.77655737704918,61
2005-09-29,22.70770491803279,61
2005-09-30,22.48704918032787,61
2005-10-01,22.29983606557377,61
2005-10-02,22.162950819672133,61
2005-10-03,22.16360655737705,61
2005-10-04,22.138524590163936,61
2005-10-05,21.965245901639342,61
2005-10-06,21.91,61
2005-10-07,21.82524590163934,61
2005-10-08,21.680655737704917,61
2005-10-09,21.372295081967213,61
2005-10-10,21.15573770491803,61
2005-10-11,20.855081967213117,61
2005-10-12,20.86409836065574,61
2005-10-13,21.04622950819672,61
2005-10-14,21.121311475409836,61
2005-10-15,21.28311475409836,61
2005-10-16,21.5327868852459,61
2005-10-17,21.789672131147544,61
2005-10-18,21.91918032786885,61
2005-10-19,22.06770491803279,61
2005-10-20,22.09918032786885,61
2005-10-21,21.901803278688526,61
2005-10-22,21.828360655737704,61
2005-10-23,21.784262295081966,61
2005-10-24,21.67655737704918,61
2005-10-25,21.795245901639344,61
2005-10-26,22.038852459016393,61
2005-10-27,22.107704918032788,61
2005-10-28,22.10081967213115,61
2005-10-29,22.14065573770492,61
2005-10-30,22.185409836065574,61
2005-10-31,22.336885245901637,61
2005-11-01,22.231639344262298,61
2005-11-02,21.927868852459014,61
2005-11-03,22.099999999999998,61
2005-11-04,22.357704918032788,61
2005-11-05,22.458032786885248,61
2005-11-06,22.536229508196723,61
2005-11-07,22.678852459016394,61
2005-11-08,22.824590163934424,61
2005-11-09,22.947540983606558,61
2005-11-10,23.025245901639344,61
2005-11-11,23.048360655737707,61
2005-11-12,23.053606557377048,61
2005-11-13,22.778032786885248,61
2005-11-14,22.550983606557374,61
2005-11-15,22.209672131147542,61
2005-11-16,22.037868852459017,61
2005-11-17,21.944426229508196,61
2005-11-18,21.817213114754097,61
2005-11-19,21.852131147540984,61
2005-11-20,21.9244262295082,61
2005-11-21,21.850327868852457,61
2005-11-22,21.762622950819672,61
2005-11-23,21.951967213114752,61
2005-11-24,22.39704918032787,61
2005-11-25,23.29,61
2005-11-26,23.638032786885248,61
2005-11-27,23.927377049180325,61
2005-11-28,24.013934426229508,61
2005-11-29,23.831311475409837,61
2005-11-30,23.58606557377049,61
2005-12-01,23.451639344262293,61
2005-12-02,23.176065573770494,61
2005-12-03,23.0272131147541,61
2005-12-04,22.342131147540986,61
2005-12-05,22.239672131147543,61
2005-12-06,22.385737704918032,61
2005-12-07,22.474262295081967,61
2005-12-08,22.63049180327869,61
2005-12-09,22.79262295081967,61
2005-12-10,22.80016393442623,61
2005-12-11,22.767377049180325,61
2005-12-12,22.552295081967213,61
2005-12-13,22.514754098360658,61
2005-12-14,22.718196721311475,61
2005-12-15,22.821967213114757,61
2005-12-16,22.958032786885248,61
2005-12-17,23.29245901639344,61
2005-12-18,23.661967213114757,61
2005-12-19,24.127540983606558,61
2005-12-20,24.281967213114754,61
2005-12-21,23.544918032786885,61
2005-12-22,23.404426229508196,61
2005-12-23,23.434590163934427,61
2005-12-24,23.575081967213112,61
2005-12-25,24.43918032786885,61
2005-12-26,24.45,61
2005-12-27,24.482131147540986,61
2005-12-28,24.56967213114754,61
2005-12-29,24.733442622950818,61
2005-12-30,24.65606557377049,61
2005-12-31,23.91573770491803,61
2006-01-01,23.700819672131146,61
2006-01-02,23.45377049180328,61
2006-01-03,23.902786885245902,61
2006-01-04,23.974754098360656,61
2006-01-05,23.828688524590163,61
2006-01-06,23.90622950819672,61
2006-01-07,23.934590163934427,61
2006-01-08,23.969016393442622,61
2006-01-09,24.327540983606557,61
2006-01-10,24.33639344262295,61
2006-01-11,24.350163934426227,61
2006-01-12,24.024918032786886,61
2006-01-13,24.538032786885246,61
2006-01-14,24.858032786885243,61
2006-01-15,24.36606557377049,61
2006-01-16,24.346721311475413,61
2006-01-17,24.676721311475408,61
2006-01-18,24.94868852459016,61
2006-01-19,25.436721311475413,61
2006-01-20,25.484918032786883,61
2006-01-21,25.126065573770493,61
2006-01-22,24.614754098360656,61
2006-01-23,24.74967213114754,61
2006-01-24,25.081311475409837,61
2006-01-25,24.97081967213115,61
2006-01-26,24.508196721311474,61
2006-01-27,24.200819672131146,61
2006-01-28,24.233442622950818,61
2006-01-29,24.80049180327869,61
2006-01-30,24.738524590163934,61
2006-01-31,24.48672131147541,61
2006-02-01,24.56295081967213,61
2006-02-02,24.888852459016395,61
2006-02-03,25.435081967213115,61
2006-02-04,25.68918032786885,61
2006-02-05,25.812295081967214,61
2006-02-06,26.19950819672131,61
2006-02-07,25.907049180327867,61
2006-02-08,25.82049180327869,61
2006-02-09,26.304098360655736,61
2006-02-10,26.458524590163936,61
2006-02-11,26.442295081967213,61
2006-02-12,26.13622950819672,61
2006-02-13,25.790983606557376,61
2006-02-14,25.530983606557378,61
2006-02-15,25.758196721311474,61
2006-02-16,26.077540983606557,61
2006-02-17,26.27934426229508,61
2006-02-18,26.06622950819672,61
2006-02-19,26.011311475409837,61
2006-02-20,26.515409836065576,61
2006-02-21,26.781639344262295,61
2006-02-22,26.27377049180328,61
2006-02-23,25.857868852459013,61
2006-02-24,26.02737704918033,61
2006-02-25,27.092950819672133,61
2006-02-26,27.29,61
2006-02-27,27.271147540983605,61
2006-02-28,27.19327868852459,61
2006-03-01,27.29229508196721,61
2006-03-02,27.460327868852456,61
2006-03-03,27.811967213114755,61
2006-03-04,28.10327868852459,61
2006-03-05,29.435409836065574,61
2006-03-06,29.59344262295082,61
2006-03-07,29.531967213114754,61
2006-03-08,29.418360655737704,61
2006-03-09,28.68737704918033,61
2006-03-10,28.260163934426227,61
2006-03-11,27.544262295081968,61
2006-03-12,27.683114754098362,61
2006-03-13,27.700491803278688,61
2006-03-14,27.31983606557377,61
2006-03-15,27.332786885245902,61
2006-03-16,27.38737704918033,61
2006-03-17,27.25032786885246,61
2006-03-18,28.071639344262294,61
2006-03-19,28.378196721311475,61
2006-03-20,28.552459016393442,61
2006-03-21,28.853934426229507,61
2006-03-22,28.83983606557377,61
2006-03-23,28.769180327868852,61
2006-03-24,28.71688524590164,61
2006-03-25,28.65377049180328,61
2006-03-26,28.606393442622952,61
2006-03-27,28.459508196721313,61
2006-03-28,28.245245901639343,61
2006-03-29,28.247704918032788,61
2006-03-30,28.304754098360654,61
2006-03-31,27.0572131147541,61
2006-04-01,26.933114754098362,61
2006-04-02,26.94983606557377,61
2006-04-03,26.759999999999998,61
2006-04-04,26.624426229508195,61
2006-04-05,26.27393442622951,61
2006-04-06,26.237540983606557,61
2006-04-07,26.218196721311475,61
2006-04-08,25.99606557377049,61
2006-04-09,26.13065573770492,61
2006-04-10,26.22983606557377,61
2006-04-11,26.405245901639343,61
2006-04-12,26.710163934426227,61
2006-04-13,27.10737704918033,61
2006-04-14,27.263770491803278,61
2006-04-15,27.250983606557377,61
2006-04-16,27.105409836065576,61
2006-04-17,26.72081967213115,61
2006-04-18,26.375081967213116,61
2006-04-19,26.417540983606557,61
2006-04-20,26.581803278688525,61
2006-04-21,26.667868852459016,61
2006-04-22,26.742459016393443,61
2006-04-23,26.733606557377048,61
2006-04-24,26.39262295081967,61
2006-04-25,26.404590163934426,61
2006-04-26,26.264918032786888,61
2006-04-27,26.144590163934424,61
2006-04-28,26.306229508196722,61
2006-04-29,26.544754098360656,61
2006-04-30,26.731147540983606,61
2006-05-01,26.944262295081966,61
2006-05-02,27.041475409836064,61
2006-05-03,27.143770491803277,61
2006-05-04,27.33606557377049,61
2006-05-05,27.558360655737705,61
2006-05-06,27.630819672131146,61
2006-05-07,27.524426229508197,61
2006-05-08,27.51344262295082,61
2006-05-09,27.42639344262295,61
2006-05-10,27.31655737704918,61
2006-05-11,27.218524590163934,61
2006-05-12,27.038032786885246,61
2006-05-13,26.954590163934427,61
2006-05-14,26.63377049180328,61
2006-05-15,26.60360655737705,61
2006-05-16,26.44704918032787,61
2006-05-17,26.549016393442624,61
2006-05-18,26.209180327868854,61
2006-05-19,26.01344262295082,61
2006-05-20,26.068360655737706,61
2006-05-21,26.30262295081967,61
2006-05-22,26.684262295081968,61
2006-05-23,26.591475409836065,61
2006-05-24,26.128688524590164,61
2006-05-25,26.29737704918033,61
2006-05-26,26.351311475409837,61
2006-05-27,26.384262295081967,61
2006-05-28,25.99065573770492,61
2006-05-29,25.800819672131148,61
2006-05-30,25.645737704918034,61
2006-05-31,25.5327868852459,61
2006-06-01,25.578032786885245,61
2006-06-02,25.566885245901638,61
2006-06-03,25.518032786885243,61
2006-06-04,25.53344262295082,61
2006-06-05,25.50409836065574,61
2006-06-06,25.444754098360658,61
2006-06-07,25.50393442622951,61
2006-06-08,25.76688524590164,61
2006-06-09,25.427049180327867,61
2006-06-10,25.032622950819672,61
2006-06-11,24.91426229508197,61
2006-06-12,24.781967213114754,61
2006-06-13,24.710819672131144,61
2006-06-14,24.713934426229507,61
2006-06-15,24.69737704918033,61
2006-06-16,24.81606557377049,61
2006-06-17,24.799016393442624,61
2006-06-18,24.51311475409836,61
2006-06-19,24.28655737704918,61
2006-06-20,24.371803278688525,61
2006-06-21,24.643934426229507,61
2006-06-22,24.64327868852459,61
2006-06-23,24.61393442622951,61
2006-06-24,24.700983606557376,61
2006-06-25,24.712131147540983,61
2006-06-26,24.586721311475408,61
2006-06-27,24.38049180327869,61
2006-06-28,24.11377049180328,61
2006-06-29,23.9944262295082,61
2006-06-30,24.0,61
2006-07-01,23.860491803278688,61
2006-07-02,23.858196721311472,61
2006-07-03,23.927704918032784,61
2006-07-04,24.20983606557377,61
2006-07-05,24.45016393442623,61
2006-07-06,24.612131147540982,61
2006-07-07,24.52918032786885,61
2006-07-08,24.56065573770492,61
2006-07-09,24.572131147540986,61
2006-07-10,24.494918032786885,61
2006-07-11,24.31606557377049,61
2006-07-12,24.175737704918035,61
2006-07-13,24.041639344262293,61
2006-07-14,23.656885245901638,61
2006-07-15,23.298688524590165,61
2006-07-16,23.19344262295082,61
2006-07-17,23.06032786885246,61
2006-07-18,22.989836065573773,61
2006-07-19,22.959344262295083,61
2006-07-20,22.891803278688528,61
2006-07-21,22.88967213114754,61
2006-07-22,22.822950819672133,61
2006-07-23,22.66639344262295,61
2006-07-24,22.478524590163936,61
2006-07-25,22.22655737704918,61
2006-07-26,22.55327868852459,61
2006-07-27,22.69311475409836,61
2006-07-28,22.62655737704918,61
2006-07-29,22.588688524590165,61
2006-07-30,22.629836065573773,61
2006-07-31,22.728360655737706,61
2006-08-01,22.932786885245903,61
2006-08-02,23.192131147540984,61
2006-08-03,23.284590163934425,61
2006-08-04,23.171311475409837,61
2006-08-05,23.058688524590163,61
2006-08-06,22.75672131147541,61
2006-08-07,22.620491803278686,61
2006-08-08,22.317049180327867,61
2006-08-09,22.29295081967213,61
2006-08-10,22.482459016393445,61
2006-08-11,22.485737704918034,61
2006-08-12,22.483606557377048,61
2006-08-13,22.668688524590163,61
2006-08-14,22.8727868852459,61
2006-08-15,22.87704918032787,61
2006-08-16,22.71704918032787,61
2006-08-17,23.06983606557377,61
2006-08-18,23.357540983606558,61
2006-08-19,23.319180327868853,61
2006-08-20,23.13655737704918,61
2006-08-21,23.241639344262296,61
2006-08-22,23.16540983606557,61
2006-08-23,22.934918032786886,61
2006-08-24,22.884590163934426,61
2006-08-25,22.68,61
2006-08-26,22.39934426229508,61
2006-08-27,22.26081967213115,61
2006-08-28,22.45786885245902,61
2006-08-29,22.590819672131147,61
2006-08-30,22.624098360655736,61
2006-08-31,22.50606557377049,61
2006-09-01,22.290327868852458,61
2006-09-02,22.097377049180327,61
2006-09-03,22.13245901639344,61
2006-09-04,22.038524590163934,61
2006-09-05,21.839016393442623,61
2006-09-06,21.66901639344262,61
2006-09-07,21.864590163934427,61
2006-09-08,22.031639344262295,61
2006-09-09,22.13049180327869,61
2006-09-10,22.10983606557377,61
2006-09-11,22.311639344262296,61
2006-09-12,22.95655737704918,61
2006-09-13,23.35311475409836,61
2006-09-14,23.566885245901638,61
2006-09-15,23.391475409836065,61
2006-09-16,23.298032786885248,61
2006-09-17,23.225245901639344,61
2006-09-18,23.2444262295082,61
2006-09-19,23.22081967213115,61
2006-09-20,23.138360655737706,61
2006-09-21,23.18754098360656,61
2006-09-22,23.25573770491803,61
2006-09-23,23.230819672131148,61
2006-09-24,23.355409836065576,61
2006-09-25,23.36245901639344,61
2006-09-26,23.24311475409836,61
2006-09-27,23.102622950819672,61
2006-09-28,23.013770491803278,61
2006-09-29,23.229016393442624,61
2006-09-30,23.001147540983606,61
2006-10-01,22.38065573770492,61
2006-10-02,22.291311475409834,61
2006-10-03,22.18983606557377,61
2006-10-04,22.014262295081966,61
2006-10-05,22.030163934426227,61
2006-10-06,22.04639344262295,61
2006-10-07,22.002131147540986,61
2006-10-08,22.002786885245904,61
2006-10-09,21.597377049180327,61
2006-10-10,21.622295081967213,61
2006-10-11,21.725573770491803,61
2006-10-12,21.78655737704918,61
2006-10-13,21.728524590163936,61
2006-10-14,21.74426229508197,61
2006-10-15,21.91901639344262,61
2006-10-16,22.07672131147541,61
2006-10-17,22.24098360655738,61
2006-10-18,22.412295081967216,61
2006-10-19,22.677213114754096,61
2006-10-20,22.93377049180328,61
2006-10-21,22.99655737704918,61
2006-10-22,23.105409836065576,61
2006-10-23,23.145245901639342,61
2006-10-24,23.11754098360656,61
2006-10-25,23.078196721311475,61
2006-10-26,23.614754098360656,61
2006-10-27,23.88213114754098,61
2006-10-28,23.82049180327869,61
2006-10-29,23.501475409836065,61
2006-10-30,23.379508196721314,61
2006-10-31,23.295573770491803,61
2006-11-01,23.289180327868856,61
2006-11-02,23.265573770491805,61
2006-11-03,22.92639344262295,61
2006-11-04,23.45377049180328,61
2006-11-05,23.714754098360654,61
2006-11-06,23.67016393442623,61
2006-11-07,23.636885245901638,61
2006-11-08,23.88639344262295,61
2006-11-09,24.069508196721312,61
2006-11-10,23.931147540983606,61
2006-11-11,23.89016393442623,61
2006-11-12,24.02,61
2006-11-13,24.06081967213115,61
2006-11-14,24.08573770491803,61
2006-11-15,23.87295081967213,61
2006-11-16,23.550983606557374,61
2006-11-17,23.604918032786887,61
2006-11-18,23.68393442622951,61
2006-11-19,23.918524590163933,61
2006-11-20,24.15983606557377,61
2006-11-21,24.388688524590165,61
2006-11-22,24.604918032786887,61
2006-11-23,24.696229508196723,61
2006-11-24,24.84393442622951,61
2006-11-25,25.231147540983606,61
2006-11-26,25.3527868852459,61
2006-11-27,25.177704918032784,61
2006-11-28,24.938196721311474,61
2006-11-29,24.387213114754097,61
2006-11-30,23.803606557377048,61
2006-12-01,23.63065573770492,61
2006-12-02,23.578196721311475,61
2006-12-03,23.852295081967213,61
2006-12-04,24.065737704918032,61
2006-12-05,24.078524590163934,61
2006-12-06,23.91655737704918,61
2006-12-07,23.980655737704918,61
2006-12-08,23.97065573770492,61
2006-12-09,23.926721311475408,61
2006-12-10,23.752459016393445,61
2006-12-11,23.930655737704917,61
2006-12-12,24.261475409836066,61
2006-12-13,24.62344262295082,61
2006-12-14,24.864590163934427,61
2006-12-15,24.91704918032787,61
2006-12-16,24.988360655737704,61
2006-12-17,25.058360655737705,61
2006-12-18,24.760163934426227,61
2006-12-19,24.739016393442622,61
2006-12-20,24.831639344262296,61
2006-12-21,24.86,61
2006-12-22,25.41393442622951,61
2006-12-23,25.64262295081967,61
2006-12-24,25.927213114754096,61
2006-12-25,26.073278688524592,61
2006-12-26,26.54262295081967,61
2006-12-27,26.853934426229507,61
2006-12-28,26.605245901639346,61
2006-12-29,26.45770491803279,61
2006-12-30,26.361967213114752,61
2006-12-31,26.287540983606558,61
2007-01-01,26.11409836065574,61
2007-01-02,26.16032786885246,61
2007-01-03,25.54655737704918,61
2007-01-04,25.526885245901642,61
2007-01-05,25.738196721311475,61
2007-01-06,25.941803278688525,61
2007-01-07,26.32950819672131,61
2007-01-08,26.341639344262294,61
2007-01-09,26.125409836065575,61
2007-01-10,25.680491803278688,61
2007-01-11,25.341475409836065,61
2007-01-12,25.537704918032787,61
2007-01-13,25.555737704918034,61
2007-01-14,25.724262295081967,61
2007-01-15,25.471475409836067,61
2007-01-16,25.311803278688526,61
2007-01-17,25.047049180327868,61
2007-01-18,24.82590163934426,61
2007-01-19,24.507213114754098,61
2007-01-20,24.803770491803277,61
2007-01-21,24.99639344262295,61
2007-01-22,24.893606557377048,61
2007-01-23,25.00573770491803,61
2007-01-24,25.02655737704918,61
2007-01-25,25.281639344262295,61
2007-01-26,25.440163934426227,61
2007-01-27,25.440327868852457,61
2007-01-28,25.590819672131147,61
2007-01-29,25.473114754098358,61
2007-01-30,25.24573770491803,61
2007-01-31,25.249016393442623,61
2007-02-01,25.270655737704917,61
2007-02-02,25.455245901639344,61
2007-02-03,25.377704918032787,61
2007-02-04,25.288524590163934,61
2007-02-05,25.27016393442623,61
2007-02-06,25.143606557377048,61
2007-02-07,24.801967213114754,61
2007-02-08,24.846557377049177,61
2007-02-09,25.057377049180328,61
2007-02-10,25.361967213114752,61
2007-02-11,25.534098360655737,61
2007-02-12,26.215737704918034,61
2007-02-13,26.459180327868854,61
2007-02-14,26.80049180327869,61
2007-02-15,26.514098360655737,61
2007-02-16,26.230819672131148,61
2007-02-17,26.09016393442623,61
2007-02-18,26.219016393442622,61
2007-02-19,26.450655737704917,61
2007-02-20,26.66901639344262,61
2007-02-21,27.233934426229506,61
2007-02-22,27.48049180327869,61
2007-02-23,27.789344262295085,61
2007-02-24,27.931475409836064,61
2007-02-25,27.998852459016394,61
2007-02-26,27.425901639344264,61
2007-02-27,27.069016393442624,61
2007-02-28,26.872295081967213,61
2007-03-01,26.351147540983607,61
2007-03-02,26.228360655737706,61
2007-03-03,26.261967213114755,61
2007-03-04,26.537540983606558,61
2007-03-05,27.742295081967214,61
2007-03-06,28.07590163934426,61
2007-03-07,28.487377049180328,61
2007-03-08,28.64672131147541,61
2007-03-09,28.066885245901638,61
2007-03-10,27.40098360655738,61
2007-03-11,27.57918032786885,61
2007-03-12,27.528688524590162,61
2007-03-13,27.422622950819672,61
2007-03-14,27.571147540983606,61
2007-03-15,27.555901639344263,61
2007-03-16,27.662786885245904,61
2007-03-17,27.77393442622951,61
2007-03-18,27.91655737704918,61
2007-03-19,28.154754098360655,61
2007-03-20,28.337213114754096,61
2007-03-21,28.314754098360655,61
2007-03-22,28.124426229508195,61
2007-03-23,28.078360655737704,61
2007-03-24,28.179344262295082,61
2007-03-25,28.286393442622952,61
2007-03-26,28.09934426229508,61
2007-03-27,27.561967213114755,61
2007-03-28,27.3927868852459,61
2007-03-29,27.560000000000002,61
2007-03-30,27.827540983606557,61
2007-03-31,27.85688524590164,61
2007-04-01,27.8527868852459,61
2007-04-02,27.899508196721314,61
2007-04-03,28.337868852459014,61
2007-04-04,29.010163934426227,61
2007-04-05,29.29327868852459,61
2007-04-06,29.162459016393445,61
2007-04-07,29.044426229508197,61
2007-04-08,28.67475409836066,61
2007-04-09,28.267213114754096,61
2007-04-10,28.342622950819674,61
2007-04-11,28.469508196721314,61
2007-04-12,28.524918032786886,61
2007-04-13,28.42655737704918,61
2007-04-14,28.313278688524587,61
2007-04-15,27.94081967213115,61
2007-04-16,27.66688524590164,61
2007-04-17,27.34016393442623,61
2007-04-18,27.153934426229508,61
2007-04-19,27.15672131147541,61
2007-04-20,27.214426229508195,61
2007-04-21,27.319508196721312,61
2007-04-22,27.304590163934424,61
2007-04-23,27.150000000000002,61
2007-04-24,27.040819672131146,61
2007-04-25,27.13983606557377,61
2007-04-26,27.295409836065573,61
2007-04-27,27.5055737704918,61
2007-04-28,27.59901639344262,61
2007-04-29,27.719016393442622,61
2007-04-30,27.694098360655737,61
2007-05-01,27.544426229508197,61
2007-05-02,27.537704918032787,61
2007-05-03,27.387868852459018,61
2007-05-04,27.27639344262295,61
2007-05-05,27.286229508196723,61
2007-05-06,27.210163934426227,61
2007-05-07,26.861311475409835,61
2007-05-08,26.789180327868856,61
2007-05-09,26.88213114754098,61
2007-05-10,26.902622950819673,61
2007-05-11,26.91934426229508,61
2007-05-12,27.084918032786888,61
2007-05-13,26.954262295081968,61
2007-05-14,26.860655737704917,61
2007-05-15,26.662295081967216,61
2007-05-16,26.49655737704918,61
2007-05-17,26.501311475409835,61
2007-05-18,26.53344262295082,61
2007-05-19,26.611639344262294,61
2007-05-20,26.60967213114754,61
2007-05-21,26.92360655737705,61
2007-05-22,26.807377049180328,61
2007-05-23,26.805901639344263,61
2007-05-24,26.88754098360656,61
2007-05-25,26.922622950819672,61
2007-05-26,26.365737704918033,61
2007-05-27,25.603934426229507,61
2007-05-28,25.63377049180328,61
2007-05-29,25.64655737704918,61
2007-05-30,25.695245901639346,61
2007-05-31,25.831475409836067,61
2007-06-01,25.789344262295085,61
2007-06-02,25.64688524590164,61
2007-06-03,25.690163934426227,61
2007-06-04,25.701311475409835,61
2007-06-05,25.623770491803278,61
2007-06-06,25.391147540983606,61
2007-06-07,25.066885245901638,61
2007-06-08,25.626393442622952,61
2007-06-09,25.71672131147541,61
2007-06-10,25.539672131147544,61
2007-06-11,25.55049180327869,61
2007-06-12,25.540491803278687,61
2007-06-13,25.49426229508197,61
2007-06-14,25.465245901639346,61
2007-06-15,25.431967213114753,61
2007-06-16,25.354754098360655,61
2007-06-17,25.351475409836066,61
2007-06-18,25.56262295081967,61
2007-06-19,25.251147540983606,61
2007-06-20,25.098032786885245,61
2007-06-21,25.11032786885246,61
2007-06-22,24.917540983606557,61
2007-06-23,24.73311475409836,61
2007-06-24,24.573114754098363,61
2007-06-25,24.557540983606557,61
2007-06-26,24.517213114754096,61
2007-06-27,24.57918032786885,61
2007-06-28,24.40098360655738,61
2007-06-29,24.299016393442624,61
2007-06-30,24.32655737704918,61
2007-07-01,24.36393442622951,61
2007-07-02,24.391967213114757,61
2007-07-03,24.49032786885246,61
2007-07-04,24.38245901639344,61
2007-07-05,24.371147540983607,61
2007-07-06,24.385737704918032,61
2007-07-07,24.32688524590164,61
2007-07-08,24.431147540983606,61
2007-07-09,24.629016393442623,61
2007-07-10,24.846393442622954,61
2007-07-11,24.914918032786883,61
2007-07-12,24.92032786885246,61
2007-07-13,24.108196721311472,61
2007-07-14,23.982950819672133,61
2007-07-15,23.95229508196721,61
2007-07-16,23.93344262295082,61
2007-07-17,24.035081967213117,61
2007-07-18,24.18754098360656,61
2007-07-19,24.029999999999998,61
2007-07-20,23.86639344262295,61
2007-07-21,23.944754098360658,61
2007-07-22,24.001967213114753,61
2007-07-23,24.108852459016394,61
2007-07-24,24.147868852459016,61
2007-07-25,24.182950819672133,61
2007-07-26,24.18606557377049,61
2007-07-27,24.00049180327869,61
2007-07-28,23.88377049180328,61
2007-07-29,23.872295081967213,61
2007-07-30,24.039672131147544,61
2007-07-31,24.139016393442624,61
2007-08-01,23.886885245901638,61
2007-08-02,23.752295081967215,61
2007-08-03,23.688688524590162,61
2007-08-04,23.57655737704918,61
2007-08-05,23.620327868852456,61
2007-08-06,23.573934426229506,61
2007-08-07,23.436885245901642,61
2007-08-08,23.561803278688526,61
2007-08-09,23.494918032786885,61
2007-08-10,23.341147540983606,61
2007-08-11,23.21311475409836,61
2007-08-12,23.190983606557378,61
2007-08-13,23.08475409836066,61
2007-08-14,23.078524590163934,61
2007-08-15,23.18409836065574,61
2007-08-16,23.388852459016395,61
2007-08-17,23.536393442622952,61
2007-08-18,23.56065573770492,61
2007-08-19,23.52672131147541,61
2007-08-20,23.541803278688523,61
2007-08-21,23.550983606557374,61
2007-08-22,23.719836065573773,61
2007-08-23,23.65081967213115,61
2007-08-24,23.714098360655736,61
2007-08-25,23.801475409836065,61
2007-08-26,23.688852459016392,61
2007-08-27,23.572622950819675,61
2007-08-28,23.537704918032787,61
2007-08-29,23.429344262295082,61
2007-08-30,23.35459016393443,61
2007-08-31,23.48032786885246,61
2007-09-01,23.579016393442622,61
2007-09-02,23.755081967213115,61
2007-09-03,23.929344262295082,61
2007-09-04,23.71,61
2007-09-05,23.33606557377049,61
2007-09-06,23.124754098360654,61
2007-09-07,23.014098360655737,61
2007-09-08,22.83590163934426,61
2007-09-09,22.968524590163934,61
2007-09-10,23.17475409836066,61
2007-09-11,23.100163934426227,61
2007-09-12,22.95655737704918,61
2007-09-13,22.9372131147541,61
2007-09-14,23.081639344262296,61
2007-09-15,23.215245901639346,61
2007-09-16,23.16672131147541,61
2007-09-17,23.24377049180328,61
2007-09-18,23.378196721311475,61
2007-09-19,23.39934426229508,61
2007-09-20,23.408524590163935,61
2007-09-21,23.582786885245902,61
2007-09-22,23.708360655737707,61
2007-09-23,23.72606557377049,61
2007-09-24,23.704918032786885,61
2007-09-25,23.68967213114754,61
2007-09-26,23.572622950819675,61
2007-09-27,23.501639344262294,61
2007-09-28,23.58081967213115,61
2007-09-29,23.799672131147542,61
2007-09-30,23.741639344262296,61
2007-10-01,23.609180327868852,61
2007-10-02,23.597868852459015,61
2007-10-03,23.559016393442622,61
2007-10-04,23.79688524590164,61
2007-10-05,23.91016393442623,61
2007-10-06,23.92622950819672,61
2007-10-07,24.062131147540985,61
2007-10-08,23.841803278688523,61
2007-10-09,23.528688524590162,61
2007-10-10,23.572950819672133,61
2007-10-11,23.585409836065573,61
2007-10-12,23.540983606557376,61
2007-10-13,23.512459016393443,61
2007-10-14,23.675081967213117,61
2007-10-15,23.70737704918033,61
2007-10-16,23.57,61
2007-10-17,23.405245901639343,61
2007-10-18,23.38245901639344,61
2007-10-19,23.253278688524592,61
2007-10-20,23.153442622950816,61
2007-10-21,23.182950819672133,61
2007-10-22,23.379836065573773,61
2007-10-23,23.624262295081966,61
2007-10-24,23.853770491803278,61
2007-10-25,23.563606557377046,61
2007-10-26,23.48704918032787,61
2007-10-27,23.351803278688525,61
2007-10-28,23.14114754098361,61
2007-10-29,23.037704918032787,61
2007-10-30,22.91049180327869,61
2007-10-31,22.945409836065576,61
2007-11-01,23.08655737704918,61
2007-11-02,23.377704918032787,61
2007-11-03,23.672622950819672,61
2007-11-04,24.138032786885248,61
2007-11-05,24.371803278688525,61
2007-11-06,24.33049180327869,61
2007-11-07,24.08639344262295,61
2007-11-08,24.06295081967213,61
2007-11-09,24.16032786885246,61
2007-11-10,24.18983606557377,61
2007-11-11,24.307377049180328,61
2007-11-12,24.465409836065575,61
2007-11-13,24.518360655737702,61
2007-11-14,24.779836065573768,61
2007-11-15,24.850327868852457,61
2007-11-16,24.662786885245904,61
2007-11-17,24.50901639344262,61
2007-11-18,24.36967213114754,61
2007-11-19,24.27885245901639,61
2007-11-20,24.411475409836065,61
2007-11-21,24.38262295081967,61
2007-11-22,24.521311475409835,61
2007-11-23,24.945081967213117,61
2007-11-24,25.3772131147541,61
2007-11-25,25.578196721311475,61
2007-11-26,25.56081967213115,61
2007-11-27,25.48,61
2007-11-28,25.648032786885246,61
2007-11-29,25.555409836065575,61
2007-11-30,25.2027868852459,61
2007-12-01,24.928196721311473,61
2007-12-02,24.879344262295085,61
2007-12-03,24.68,61
2007-12-04,24.251311475409835,61
2007-12-05,24.478032786885247,61
2007-12-06,24.530819672131148,61
2007-12-07,24.66918032786885,61
2007-12-08,24.914426229508198,61
2007-12-09,24.84,61
2007-12-10,25.290327868852458,61
2007-12-11,25.381803278688523,61
2007-12-12,25.31983606557377,61
2007-12-13,25.16967213114754,61
2007-12-14,25.072295081967216,61
2007-12-15,25.017049180327867,61
2007-12-16,24.770655737704917,61
2007-12-17,24.924098360655737,61
2007-12-18,25.09393442622951,61
2007-12-19,25.093114754098362,61
2007-12-20,25.26459016393443,61
2007-12-21,25.444590163934425,61
2007-12-22,25.47344262295082,61
2007-12-23,25.482622950819675,61
2007-12-24,25.61786885245902,61
2007-12-25,25.939999999999998,61
2007-12-26,26.270655737704917,61
2007-12-27,26.626393442622952,61
2007-12-28,26.594918032786886,61
2007-12-29,26.448852459016397,61
2007-12-30,26.484754098360654,61
2007-12-31,26.823934426229506,61
2008-01-01,27.201475409836064,61
2008-01-02,27.567213114754097,61
2008-01-03,27.295409836065573,61
2008-01-04,27.33049180327869,61
2008-01-05,27.218524590163934,61
2008-01-06,27.190163934426227,61
2008-01-07,27.15622950819672,61
2008-01-08,27.20622950819672,61
2008-01-09,27.158032786885244,61
2008-01-10,26.897540983606557,61
2008-01-11,26.69655737704918,61
2008-01-12,26.17032786885246,61
2008-01-13,25.814754098360655,61
2008-01-14,25.651147540983608,61
2008-01-15,25.3127868852459,61
2008-01-16,25.26327868852459,61
2008-01-17,25.898360655737704,61
2008-01-18,26.23327868852459,61
2008-01-19,26.407213114754096,61
2008-01-20,26.918524590163933,61
2008-01-21,26.974426229508197,61
2008-01-22,27.02770491803279,61
2008-01-23,26.964426229508195,61
2008-01-24,26.95360655737705,61
2008-01-25,26.81098360655738,61
2008-01-26,26.729180327868853,61
2008-01-27,26.771311475409835,61
2008-01-28,26.955081967213115,61
2008-01-29,27.196065573770493,61
2008-01-30,27.08983606557377,61
2008-01-31,27.237540983606557,61
2008-02-01,27.42295081967213,61
2008-02-02,27.454426229508197,61
2008-02-03,27.516557377049182,61
2008-02-04,27.775573770491803,61
2008-02-05,27.86934426229508,61
2008-02-06,27.99016393442623,61
2008-02-07,28.20737704918033,61
2008-02-08,28.378688524590164,61
2008-02-09,28.15606557377049,61
2008-02-10,27.94360655737705,61
2008-02-11,27.77639344262295,61
2008-02-12,28.071967213114757,61
2008-02-13,28.27377049180328,61
2008-02-14,28.273114754098362,61
2008-02-15,27.69655737704918,61
2008-02-16,27.190655737704915,61
2008-02-17,27.095901639344262,61
2008-02-18,27.047049180327868,61
2008-02-19,26.597213114754098,61
2008-02-20,27.311147540983608,61
2008-02-21,27.4155737704918,61
2008-02-22,27.44967213114754,61
2008-02-23,27.74049180327869,61
2008-02-24,28.05672131147541,61
2008-02-25,28.327213114754098,61
2008-02-26,28.45016393442623,61
2008-02-27,28.620327868852456,61
2008-02-28,28.37704918032787,61
2008-02-29,28.068360655737706,61
2008-03-01,27.95704918032787,61
2008-03-02,28.202786885245903,61
2008-03-03,28.30016393442623,61
2008-03-04,28.412459016393445,61
2008-03-05,28.519180327868852,61
2008-03-06,28.53688524590164,61
2008-03-07,28.594918032786886,61
2008-03-08,28.49065573770492,61
2008-03-09,28.630163934426232,61
2008-03-10,28.719672131147544,61
2008-03-11,28.809508196721314,61
2008-03-12,28.640983606557377,61
2008-03-13,28.497868852459014,61
2008-03-14,28.428524590163935,61
2008-03-15,28.338032786885243,61
2008-03-16,28.13360655737705,61
2008-03-17,28.176065573770494,61
2008-03-18,28.481803278688528,61
2008-03-19,28.789016393442626,61
2008-03-20,29.021311475409835,61
2008-03-21,29.488032786885245,61
2008-03-22,29.359180327868852,61
2008-03-23,29.287868852459017,61
2008-03-24,29.458524590163936,61
2008-03-25,29.524262295081968,61
2008-03-26,29.324098360655736,61
2008-03-27,29.067540983606555,61
2008-03-28,28.803770491803277,61
2008-03-29,28.804426229508195,61
2008-03-30,28.625245901639346,61
2008-03-31,28.631967213114752,61
2008-04-01,28.612131147540982,61
2008-04-02,28.614754098360656,61
2008-04-03,28.68409836065574,61
2008-04-04,28.629016393442623,61
2008-04-05,28.569344262295083,61
2008-04-06,28.789180327868856,61
2008-04-07,28.92459016393443,61
2008-04-08,29.033770491803278,61
2008-04-09,29.087540983606555,61
2008-04-10,29.273114754098362,61
2008-04-11,29.346393442622954,61
2008-04-12,29.417540983606557,61
2008-04-13,29.43737704918033,61
2008-04-14,29.629508196721314,61
2008-04-15,29.701639344262293,61
2008-04-16,29.241639344262296,61
2008-04-17,28.95360655737705,61
2008-04-18,28.732131147540986,61
2008-04-19,28.555245901639346,61
2008-04-20,28.241311475409837,61
2008-04-21,28.18704918032787,61
2008-04-22,27.97393442622951,61
2008-04-23,27.988852459016393,61
2008-04-24,28.034098360655737,61
2008-04-25,28.09688524590164,61
2008-04-26,28.066885245901638,61
2008-04-27,28.011967213114755,61
2008-04-28,28.06967213114754,61
2008-04-29,27.83590163934426,61
2008-04-30,27.687704918032786,61
2008-05-01,27.805573770491804,61
2008-05-02,28.305409836065575,61
2008-05-03,28.24426229508197,61
2008-05-04,27.955409836065574,61
2008-05-05,27.890819672131148,61
2008-05-06,27.90049180327869,61
2008-05-07,27.87655737704918,61
2008-05-08,27.705737704918032,61
2008-05-09,27.467868852459016,61
2008-05-10,27.361803278688523,61
2008-05-11,27.290327868852458,61
2008-05-12,27.225737704918032,61
2008-05-13,26.876229508196722,61
2008-05-14,26.616885245901642,61
2008-05-15,26.47295081967213,61
2008-05-16,26.294426229508197,61
2008-05-17,26.11704918032787,61
2008-05-18,26.038524590163934,61
2008-05-19,26.247868852459014,61
2008-05-20,26.475081967213114,61
2008-05-21,26.321311475409836,61
2008-05-22,26.19868852459016,61
2008-05-23,26.244590163934426,61
2008-05-24,26.268688524590164,61
2008-05-25,26.36393442622951,61
2008-05-26,26.298196721311477,61
2008-05-27,26.298688524590165,61
2008-05-28,26.355901639344264,61
2008-05-29,26.617049180327868,61
2008-05-30,26.857704918032788,61
2008-05-31,26.788688524590164,61
2008-06-01,26.792950819672132,61
2008-06-02,27.49360655737705,61
2008-06-03,27.441475409836066,61
2008-06-04,27.17016393442623,61
2008-06-05,26.879672131147544,61
2008-06-06,26.57016393442623,61
2008-06-07,26.258688524590163,61
2008-06-08,26.194426229508196,61
2008-06-09,26.17360655737705,61
2008-06-10,26.181475409836064,61
2008-06-11,25.901475409836067,61
2008-06-12,25.66016393442623,61
2008-06-13,25.511311475409837,61
2008-06-14,25.33,61
2008-06-15,25.387049180327868,61
2008-06-16,25.305573770491804,61
2008-06-17,25.176721311475408,61
2008-06-18,25.30344262295082,61
2008-06-19,25.370819672131145,61
2008-06-20,24.677213114754096,61
2008-06-21,24.482295081967216,61
2008-06-22,24.342950819672133,61
2008-06-23,24.436885245901642,61
2008-06-24,24.60065573770492,61
2008-06-25,24.734098360655736,61
2008-06-26,24.801147540983603,61
2008-06-27,24.74098360655738,61
2008-06-28,24.61934426229508,61
2008-06-29,24.464098360655736,61
2008-06-30,24.348688524590163,61
2008-07-01,24.399672131147543,61
2008-07-02,24.497049180327867,61
2008-07-03,24.54360655737705,61
2008-07-04,24.324098360655736,61
2008-07-05,24.18983606557377,61
2008-07-06,24.120655737704915,61
2008-07-07,24.111147540983605,61
2008-07-08,24.13770491803279,61
2008-07-09,24.050819672131148,61
2008-07-10,24.07,61
2008-07-11,23.952950819672132,61
2008-07-12,24.036393442622952,61
2008-07-13,23.70786885245902,61
2008-07-14,23.505245901639345,61
2008-07-15,23.533934426229507,61
2008-07-16,23.558032786885246,61
2008-07-17,23.41540983606557,61
2008-07-18,23.39065573770492,61
2008-07-19,23.616885245901642,61
2008-07-20,23.465081967213116,61
2008-07-21,23.39032786885246,61
2008-07-22,23.32672131147541,61
2008-07-23,23.295573770491803,61
2008-07-24,23.57,61
2008-07-25,23.837049180327867,61
2008-07-26,23.737540983606557,61
2008-07-27,23.631311475409834,61
2008-07-28,23.568196721311477,61
2008-07-29,23.480983606557377,61
2008-07-30,23.232295081967216,61
2008-07-31,23.2555737704918,61
2008-08-01,23.381475409836064,61
2008-08-02,23.24983606557377,61
2008-08-03,23.31393442622951,61
2008-08-04,23.223278688524587,61
2008-08-05,22.951967213114752,61
2008-08-06,22.715081967213113,61
2008-08-07,22.66901639344262,61
2008-08-08,22.732131147540986,61
2008-08-09,22.842950819672133,61
2008-08-10,22.984918032786883,61
2008-08-11,22.711639344262295,61
2008-08-12,22.90081967213115,61
2008-08-13,23.10852459016393,61
2008-08-14,23.23016393442623,61
2008-08-15,23.33327868852459,61
2008-08-16,23.088688524590165,61
2008-08-17,22.778688524590162,61
2008-08-18,22.73327868852459,61
2008-08-19,23.01983606557377,61
2008-08-20,23.127540983606558,61
2008-08-21,22.823278688524592,61
2008-08-22,22.75655737704918,61
2008-08-23,22.847868852459015,61
2008-08-24,23.04983606557377,61
2008-08-25,23.205737704918032,61
2008-08-26,23.218196721311475,61
2008-08-27,23.221639344262293,61
2008-08-28,22.99639344262295,61
2008-08-29,22.984262295081965,61
2008-08-30,22.91344262295082,61
2008-08-31,22.97245901639344,61
2008-09-01,23.19672131147541,61
2008-09-02,23.537704918032787,61
2008-09-03,23.822459016393445,61
2008-09-04,24.213606557377048,61
2008-09-05,23.892131147540987,61
2008-09-06,23.430819672131147,61
2008-09-07,23.441803278688525,61
2008-09-08,23.458524590163936,61
2008-09-09,23.61327868852459,61
2008-09-10,23.40016393442623,61
2008-09-11,23.167377049180327,61
2008-09-12,23.125573770491805,61
2008-09-13,23.07344262295082,61
2008-09-14,22.95311475409836,61
2008-09-15,23.29786885245902,61
2008-09-16,23.202786885245903,61
2008-09-17,23.289344262295085,61
2008-09-18,23.380819672131146,61
2008-09-19,23.514754098360658,61
2008-09-20,23.51360655737705,61
2008-09-21,23.49393442622951,61
2008-09-22,23.589344262295082,61
2008-09-23,23.65016393442623,61
2008-09-24,24.020983606557376,61
2008-09-25,23.784918032786884,61
2008-09-26,23.521147540983605,61
2008-09-27,23.465081967213113,61
2008-09-28,23.47032786885246,61
2008-09-29,23.48950819672131,61
2008-09-30,23.42622950819672,61
2008-10-01,23.380819672131146,61
2008-10-02,23.344754098360657,61
2008-10-03,23.327868852459016,61
2008-10-04,23.342950819672133,61
2008-10-05,23.466065573770493,61
2008-10-06,23.482622950819675,61
2008-10-07,23.515737704918035,61
2008-10-08,23.35737704918033,61
2008-10-09,23.258688524590163,61
2008-10-10,23.36032786885246,61
2008-10-11,23.23540983606557,61
2008-10-12,23.036065573770493,61
2008-10-13,23.101967213114754,61
2008-10-14,23.1327868852459,61
2008-10-15,23.162459016393445,61
2008-10-16,23.468196721311475,61
2008-10-17,23.719672131147544,61
2008-10-18,23.975081967213114,61
2008-10-19,24.425081967213117,61
2008-10-20,24.928196721311473,61
2008-10-21,25.06655737704918,61
2008-10-22,25.807377049180328,61
2008-10-23,26.041967213114752,61
2008-10-24,25.08606557377049,61
2008-10-25,24.824754098360653,61
2008-10-26,24.562295081967214,61
2008-10-27,24.381967213114752,61
2008-10-28,24.084918032786888,61
2008-10-29,24.167704918032786,61
2008-10-30,24.1172131147541,61
2008-10-31,24.205081967213115,61
2008-11-01,24.20213114754098,61
2008-11-02,23.86737704918033,61
2008-11-03,23.7127868852459,61
2008-11-04,23.718524590163934,61
2008-11-05,23.351639344262296,61
2008-11-06,23.385245901639344,61
2008-11-07,23.376393442622952,61
2008-11-08,23.540491803278687,61
2008-11-09,23.852131147540984,61
2008-11-10,23.710819672131144,61
2008-11-11,23.851967213114754,61
2008-11-12,23.848196721311474,61
2008-11-13,23.644098360655736,61
2008-11-14,23.54655737704918,61
2008-11-15,23.711967213114754,61
2008-11-16,23.758688524590163,61
2008-11-17,23.962459016393442,61
2008-11-18,24.164426229508198,61
2008-11-19,24.22049180327869,61
2008-11-20,24.191967213114754,61
2008-11-21,24.352131147540984,61
2008-11-22,24.0372131147541,61
2008-11-23,24.001967213114753,61
2008-11-24,24.012131147540984,61
2008-11-25,24.050983606557374,61
2008-11-26,23.994754098360655,61
2008-11-27,24.068688524590165,61
2008-11-28,24.337213114754096,61
2008-11-29,24.508360655737704,61
2008-11-30,24.931475409836064,61
2008-12-01,25.002131147540986,61
2008-12-02,24.729016393442624,61
2008-12-03,24.66524590163934,61
2008-12-04,24.72622950819672,61
2008-12-05,24.534426229508195,61
2008-12-06,24.389180327868853,61
2008-12-07,24.313278688524587,61
2008-12-08,24.3527868852459,61
2008-12-09,24.114754098360656,61
2008-12-10,23.817540983606555,61
2008-12-11,23.60950819672131,61
2008-12-12,23.531147540983607,61
2008-12-13,23.836885245901637,61
2008-12-14,24.84393442622951,61
2008-12-15,24.60983606557377,61
2008-12-16,24.31098360655738,61
2008-12-17,24.37327868852459,61
2008-12-18,24.60327868852459,61
2008-12-19,24.231147540983606,61
2008-12-20,24.389508196721312,61
2008-12-21,24.442295081967213,61
2008-12-22,24.599999999999998,61
2008-12-23,24.63622950819672,61
2008-12-24,24.440163934426227,61
2008-12-25,24.176065573770494,61
2008-12-26,24.381639344262293,61
2008-12-27,24.99426229508197,61
2008-12-28,25.44311475409836,61
2008-12-29,26.395573770491804,61
2008-12-30,26.81032786885246,61
2008-12-31,26.58606557377049,61
2009-01-01,26.789508196721314,61
2009-01-02,26.75032786885246,61
2009-01-03,26.819180327868853,61
2009-01-04,26.931803278688523,61
2009-01-05,27.267704918032784,61
2009-01-06,26.812295081967214,61
2009-01-07,26.800983606557374,61
2009-01-08,27.329016393442622,61
2009-01-09,27.564590163934426,61
2009-01-10,27.45704918032787,61
2009-01-11,27.32032786885246,61
2009-01-12,27.0627868852459,61
2009-01-13,26.826065573770492,61
2009-01-14,26.771967213114753,61
2009-01-15,26.862131147540982,61
2009-01-16,27.52655737704918,61
2009-01-17,27.52934426229508,61
2009-01-18,27.288852459016393,61
2009-01-19,27.055245901639342,61
2009-01-20,27.07950819672131,61
2009-01-21,27.652295081967214,61
2009-01-22,27.42622950819672,61
2009-01-23,27.435245901639345,61
2009-01-24,27.487868852459016,61
2009-01-25,27.67,61
2009-01-26,27.705573770491803,61
2009-01-27,26.887868852459018,61
2009-01-28,26.77229508196721,61
2009-01-29,26.714426229508195,61
2009-01-30,26.736065573770492,61
2009-01-31,26.67967213114754,61
2009-02-01,26.804262295081966,61
2009-02-02,27.339016393442623,61
2009-02-03,27.502295081967215,61
2009-02-04,27.2727868852459,61
2009-02-05,26.936721311475413,61
2009-02-06,27.519180327868852,61
2009-02-07,28.05131147540984,61
2009-02-08,29.051147540983603,61
2009-02-09,28.84377049180328,61
2009-02-10,28.93229508196721,61
2009-02-11,29.239672131147543,61
2009-02-12,29.228196721311477,61
2009-02-13,28.822950819672133,61
2009-02-14,28.760983606557378,61
2009-02-15,29.000819672131147,61
2009-02-16,28.200655737704917,61
2009-02-17,27.979344262295083,61
2009-02-18,27.943934426229507,61
2009-02-19,27.960327868852456,61
2009-02-20,28.242459016393443,61
2009-02-21,28.712295081967213,61
2009-02-22,28.801967213114754,61
2009-02-23,28.7444262295082,61
2009-02-24,28.49409836065574,61
2009-02-25,28.275409836065574,61
2009-02-26,28.11393442622951,61
2009-02-27,28.071803278688527,61
2009-02-28,27.875901639344264,61
2009-03-01,27.45737704918033,61
2009-03-02,27.444426229508196,61
2009-03-03,28.091475409836065,61
2009-03-04,28.251147540983606,61
2009-03-05,28.875737704918034,61
2009-03-06,29.301967213114754,61
2009-03-07,28.75688524590164,61
2009-03-08,28.60049180327869,61
2009-03-09,28.832786885245902,61
2009-03-10,29.078852459016392,61
2009-03-11,28.772950819672133,61
2009-03-12,28.58295081967213,61
2009-03-13,28.53704918032787,61
2009-03-14,28.438688524590162,61
2009-03-15,28.667377049180327,61
2009-03-16,28.52934426229508,61
2009-03-17,28.337704918032784,61
2009-03-18,28.380000000000003,61
2009-03-19,28.459344262295083,61
2009-03-20,28.54016393442623,61
2009-03-21,28.5755737704918,61
2009-03-22,28.72983606557377,61
2009-03-23,28.49360655737705,61
2009-03-24,28.234262295081965,61
2009-03-25,27.89540983606557,61
2009-03-26,27.660655737704918,61
2009-03-27,27.603934426229507,61
2009-03-28,27.53295081967213,61
2009-03-29,27.33426229508197,61
2009-03-30,27.252950819672133,61
2009-03-31,27.128196721311475,61
2009-04-01,27.32540983606557,61
2009-04-02,27.684426229508198,61
2009-04-03,27.991803278688526,61
2009-04-04,28.40016393442623,61
2009-04-05,28.432786885245903,61
2009-04-06,28.36639344262295,61
2009-04-07,28.267213114754096,61
2009-04-08,28.2555737704918,61
2009-04-09,28.097213114754098,61
2009-04-10,28.147704918032787,61
2009-04-11,28.122131147540983,61
2009-04-12,28.11,61
2009-04-13,28.625901639344264,61
2009-04-14,28.97114754098361,61
2009-04-15,27.83475409836066,61
2009-04-16,27.638852459016395,61
2009-04-17,27.628852459016393,61
2009-04-18,27.701639344262293,61
2009-04-19,27.658360655737706,61
2009-04-20,27.757868852459016,61
2009-04-21,27.605573770491805,61
2009-04-22,27.550819672131148,61
2009-04-23,27.52918032786885,61
2009-04-24,27.373606557377048,61
2009-04-25,27.337049180327867,61
2009-04-26,27.368196721311477,61
2009-04-27,27.629508196721314,61
2009-04-28,27.64065573770492,61
2009-04-29,27.678852459016394,61
2009-04-30,27.73049180327869,61
2009-05-01,27.70606557377049,61
2009-05-02,27.682950819672133,61
2009-05-03,27.447704918032787,61
2009-05-04,27.42983606557377,61
2009-05-05,27.34967213114754,61
2009-05-06,27.119016393442624,61
2009-05-07,26.92950819672131,61
2009-05-08,26.82918032786885,61
2009-05-09,26.860983606557376,61
2009-05-10,26.992459016393443,61
2009-05-11,26.8344262295082,61
2009-05-12,26.725409836065573,61
2009-05-13,26.808688524590163,61
2009-05-14,26.78688524590164,61
2009-05-15,26.422786885245902,61
2009-05-16,26.345409836065574,61
2009-05-17,26.31245901639344,61
2009-05-18,26.332786885245902,61
2009-05-19,26.36950819672131,61
2009-05-20,26.318688524590165,61
2009-05-21,26.214098360655736,61
2009-05-22,26.11409836065574,61
2009-05-23,25.934590163934427,61
2009-05-24,25.881475409836064,61
2009-05-25,25.816885245901638,61
2009-05-26,25.72770491803279,61
2009-05-27,25.558852459016393,61
2009-05-28,25.598688524590163,61
2009-05-29,25.598032786885245,61
2009-05-30,25.630983606557376,61
2009-05-31,25.79590163934426,61
2009-06-01,25.9427868852459,61
2009-06-02,25.610819672131147,61
2009-06-03,25.535081967213117,61
2009-06-04,25.555245901639346,61
2009-06-05,25.10295081967213,61
2009-06-06,24.901967213114755,61
2009-06-07,24.91639344262295,61
2009-06-08,25.119836065573768,61
2009-06-09,25.444098360655737,61
2009-06-10,25.154918032786885,61
2009-06-11,24.901311475409837,61
2009-06-12,24.955573770491803,61
2009-06-13,25.019344262295082,61
2009-06-14,24.854262295081966,61
2009-06-15,24.634754098360656,61
2009-06-16,24.619016393442624,61
2009-06-17,24.675409836065576,61
2009-06-18,24.645901639344263,61
2009-06-19,24.233606557377048,61
2009-06-20,23.958524590163936,61
2009-06-21,24.33295081967213,61
2009-06-22,24.758032786885245,61
2009-06-23,24.33065573770492,61
2009-06-24,24.05327868852459,61
2009-06-25,24.172459016393443,61
2009-06-26,24.29393442622951,61
2009-06-27,24.201147540983605,61
2009-06-28,24.11950819672131,61
2009-06-29,24.04737704918033,61
2009-06-30,24.028196721311478,61
2009-07-01,24.021803278688523,61
2009-07-02,24.12934426229508,61
2009-07-03,24.196393442622952,61
2009-07-04,24.34688524590164,61
2009-07-05,24.531147540983607,61
2009-07-06,24.72229508196721,61
2009-07-07,24.58655737704918,61
2009-07-08,24.66950819672131,61
2009-07-09,24.67311475409836,61
2009-07-10,24.679344262295082,61
2009-07-11,24.71344262295082,61
2009-07-12,24.720163934426232,61
2009-07-13,24.692459016393443,61
2009-07-14,24.582295081967214,61
2009-07-15,24.605901639344264,61
2009-07-16,24.618688524590166,61
2009-07-17,24.585409836065573,61
2009-07-18,24.598196721311474,61
2009-07-19,24.481967213114757,61
2009-07-20,24.275901639344262,61
2009-07-21,24.183114754098362,61
2009-07-22,24.097540983606557,61
2009-07-23,24.065573770491802,61
2009-07-24,24.026557377049183,61
2009-07-25,23.945573770491805,61
2009-07-26,23.788524590163934,61
2009-07-27,23.840819672131147,61
2009-07-28,23.73639344262295,61
2009-07-29,23.49344262295082,61
2009-07-30,23.33327868852459,61
2009-07-31,23.092950819672133,61
2009-08-01,23.19655737704918,61
2009-08-02,23.315245901639344,61
2009-08-03,23.392459016393442,61
2009-08-04,23.491639344262296,61
2009-08-05,23.365081967213115,61
2009-08-06,23.395901639344263,61
2009-08-07,23.47032786885246,61
2009-08-08,23.399672131147543,61
2009-08-09,23.354098360655737,61
2009-08-10,23.29,61
2009-08-11,23.31098360655738,61
2009-08-12,23.265245901639346,61
2009-08-13,23.138032786885248,61
2009-08-14,23.005409836065574,61
2009-08-15,22.844590163934427,61
2009-08-16,22.79590163934426,61
2009-08-17,22.672786885245902,61
2009-08-18,22.75606557377049,61
2009-08-19,22.832459016393443,61
2009-08-20,22.86967213114754,61
2009-08-21,22.794918032786885,61
2009-08-22,22.51852459016393,61
2009-08-23,22.874754098360654,61
2009-08-24,22.975573770491803,61
2009-08-25,22.90016393442623,61
2009-08-26,22.861475409836064,61
2009-08-27,22.865409836065574,61
2009-08-28,22.982786885245904,61
2009-08-29,23.040491803278687,61
2009-08-30,23.091147540983606,61
2009-08-31,23.215409836065575,61
2009-09-01,23.09426229508197,61
2009-09-02,23.10081967213115,61
2009-09-03,23.251475409836065,61
2009-09-04,23.228360655737706,61
2009-09-05,23.23688524590164,61
2009-09-06,23.234098360655736,61
2009-09-07,23.095737704918033,61
2009-09-08,23.054590163934424,61
2009-09-09,22.81655737704918,61
2009-09-10,22.774426229508197,61
2009-09-11,22.840491803278688,61
2009-09-12,22.799016393442624,61
2009-09-13,22.751967213114753,61
2009-09-14,22.701311475409835,61
2009-09-15,22.774262295081968,61
2009-09-16,22.803934426229507,61
2009-09-17,22.819180327868853,61
2009-09-18,22.685901639344262,61
2009-09-19,22.621147540983607,61
2009-09-20,22.48639344262295,61
2009-09-21,22.538688524590164,61
2009-09-22,22.651639344262296,61
2009-09-23,22.710327868852456,61
2009-09-24,22.90065573770492,61
2009-09-25,22.99606557377049,61
2009-09-26,23.30934426229508,61
2009-09-27,23.598196721311474,61
2009-09-28,23.56967213114754,61
2009-09-29,23.348032786885245,61
2009-09-30,23.105573770491805,61
2009-10-01,23.005901639344266,61
2009-10-02,23.048524590163936,61
2009-10-03,23.105737704918035,61
2009-10-04,23.075081967213112,61
2009-10-05,22.928032786885243,61
2009-10-06,22.811803278688526,61
2009-10-07,22.82655737704918,61
2009-10-08,22.719344262295085,61
2009-10-09,22.7227868852459,61
2009-10-10,22.76032786885246,61
2009-10-11,22.521475409836064,61
2009-10-12,22.49655737704918,61
2009-10-13,22.585081967213117,61
2009-10-14,22.91901639344262,61
2009-10-15,23.16049180327869,61
2009-10-16,23.487704918032787,61
2009-10-17,23.834918032786888,61
2009-10-18,24.234590163934424,61
2009-10-19,24.066885245901638,61
2009-10-20,23.869016393442624,61
2009-10-21,23.780327868852456,61
2009-10-22,23.508524590163933,61
2009-10-23,23.30131147540984,61
2009-10-24,23.210327868852456,61
2009-10-25,23.465901639344263,61
2009-10-26,23.52606557377049,61
2009-10-27,23.745081967213114,61
2009-10-28,23.76049180327869,61
2009-10-29,23.704426229508197,61
2009-10-30,23.411147540983606,61
2009-10-31,23.59327868852459,61
2009-11-01,23.836885245901637,61
2009-11-02,24.144098360655736,61
2009-11-03,24.403606557377046,61
2009-11-04,24.45983606557377,61
2009-11-05,24.392131147540987,61
2009-11-06,24.37344262295082,61
2009-11-07,24.125901639344264,61
2009-11-08,24.024918032786886,61
2009-11-09,24.21639344262295,61
2009-11-10,24.42622950819672,61
2009-11-11,24.876229508196722,61
2009-11-12,24.989016393442622,61
2009-11-13,24.834098360655737,61
2009-11-14,24.681967213114753,61
2009-11-15,24.769344262295082,61
2009-11-16,24.86229508196721,61
2009-11-17,24.65081967213115,61
2009-11-18,24.299672131147542,61
2009-11-19,24.248360655737706,61
2009-11-20,24.29377049180328,61
2009-11-21,24.245245901639343,61
2009-11-22,24.514754098360658,61
2009-11-23,24.878524590163934,61
2009-11-24,25.24967213114754,61
2009-11-25,25.06655737704918,61
2009-11-26,24.934590163934427,61
2009-11-27,24.847213114754098,61
2009-11-28,24.75622950819672,61
2009-11-29,24.704426229508197,61
2009-11-30,24.80704918032787,61
2009-12-01,24.6927868852459,61
2009-12-02,24.651803278688526,61
2009-12-03,24.86770491803279,61
2009-12-04,25.105081967213117,61
2009-12-05,25.20655737704918,61
2009-12-06,25.272131147540982,61
2009-12-07,25.395573770491804,61
2009-12-08,25.11032786885246,61
2009-12-09,24.89327868852459,61
2009-12-10,24.840491803278688,61
2009-12-11,25.405573770491802,61
2009-12-12,26.074590163934424,61
2009-12-13,26.32032786885246,61
2009-12-14,26.288032786885246,61
2009-12-15,26.204262295081968,61
2009-12-16,25.962295081967213,61
2009-12-17,25.814426229508197,61
2009-12-18,25.54213114754098,61
2009-12-19,25.54311475409836,61
2009-12-20,25.64688524590164,61
2009-12-21,24.958852459016395,61
2009-12-22,24.908032786885244,61
2009-12-23,24.891475409836065,61
2009-12-24,25.07639344262295,61
2009-12-25,25.1072131147541,61
2009-12-26,25.314098360655738,61
2009-12-27,25.821311475409836,61
2009-12-28,25.791147540983605,61
2009-12-29,25.797213114754097,61
2009-12-30,25.52901639344262,61
2009-12-31,25.48918032786885,61
2010-01-01,25.544262295081968,61
2010-01-02,25.653934426229508,61
2010-01-03,25.824918032786883,61
2010-01-04,25.894918032786883,61
2010-01-05,25.425573770491805,61
2010-01-06,25.515081967213117,61
2010-01-07,25.440983606557378,61
2010-01-08,25.104098360655737,61
2010-01-09,25.017049180327867,61
2010-01-10,24.817540983606555,61
2010-01-11,24.940327868852457,61
2010-01-12,24.677868852459014,61
2010-01-13,24.590819672131147,61
2010-01-14,24.685573770491803,61
2010-01-15,26.366885245901642,61
2010-01-16,26.594918032786886,61
2010-01-17,26.734754098360654,61
2010-01-18,26.675573770491805,61
2010-01-19,26.209016393442624,61
2010-01-20,25.731967213114757,61
2010-01-21,25.412786885245904,61
2010-01-22,25.324918032786883,61
2010-01-23,25.176721311475408,61
2010-01-24,25.202950819672132,61
2010-01-25,25.171311475409837,61
2010-01-26,25.049016393442624,61
2010-01-27,25.05032786885246,61
2010-01-28,25.208032786885248,61
2010-01-29,25.621803278688525,61
2010-01-30,25.667213114754098,61
2010-01-31,25.503278688524592,61
2010-02-01,25.262295081967213,61
2010-02-02,24.91409836065574,61
2010-02-03,24.941311475409837,61
2010-02-04,24.926065573770494,61
2010-02-05,24.842459016393445,61
2010-02-06,24.868524590163936,61
2010-02-07,24.964754098360654,61
2010-02-08,24.851147540983607,61
2010-02-09,24.871967213114754,61
2010-02-10,24.998524590163935,61
2010-02-11,25.209016393442624,61
2010-02-12,25.304426229508195,61
2010-02-13,24.99081967213115,61
2010-02-14,24.677868852459014,61
2010-02-15,24.634590163934426,61
2010-02-16,24.768360655737705,61
2010-02-17,25.0327868852459,61
2010-02-18,25.30704918032787,61
2010-02-19,25.354754098360658,61
2010-02-20,25.445901639344264,61
2010-02-21,25.431803278688523,61
2010-02-22,25.211967213114754,61
2010-02-23,25.008852459016392,61
2010-02-24,25.19868852459016,61
2010-02-25,25.288852459016393,61
2010-02-26,25.30295081967213,61
2010-02-27,25.18606557377049,61
2010-02-28,25.19360655737705,61
2010-03-01,25.08409836065574,61
2010-03-02,25.280163934426227,61
2010-03-03,25.18016393442623,61
2010-03-04,25.137868852459018,61
2010-03-05,25.11229508196721,61
2010-03-06,25.365901639344262,61
2010-03-07,25.744590163934426,61
2010-03-08,26.271475409836064,61
2010-03-09,26.610983606557376,61
2010-03-10,26.659508196721312,61
2010-03-11,26.798852459016395,61
2010-03-12,27.185081967213115,61
2010-03-13,27.128032786885246,61
2010-03-14,26.962295081967213,61
2010-03-15,26.572459016393445,61
2010-03-16,26.322950819672133,61
2010-03-17,26.412295081967216,61
2010-03-18,26.629836065573773,61
2010-03-19,26.721639344262293,61
2010-03-20,26.82655737704918,61
2010-03-21,26.771311475409835,61
2010-03-22,26.944262295081966,61
2010-03-23,27.495245901639343,61
2010-03-24,27.38606557377049,61
2010-03-25,27.04672131147541,61
2010-03-26,27.016557377049182,61
2010-03-27,27.18409836065574,61
2010-03-28,27.350983606557378,61
2010-03-29,27.469672131147544,61
2010-03-30,27.362786885245903,61
2010-03-31,27.197704918032787,61
2010-04-01,27.074262295081965,61
2010-04-02,26.81016393442623,61
2010-04-03,26.614590163934427,61
2010-04-04,26.36786885245902,61
2010-04-05,26.315409836065573,61
2010-04-06,26.204262295081968,61
2010-04-07,26.125245901639346,61
2010-04-08,26.122459016393442,61
2010-04-09,26.031311475409836,61
2010-04-10,25.59704918032787,61
2010-04-11,25.91950819672131,61
2010-04-12,25.751147540983606,61
2010-04-13,25.77344262295082,61
2010-04-14,25.72344262295082,61
2010-04-15,25.797377049180326,61
2010-04-16,25.77377049180328,61
2010-04-17,25.74327868852459,61
2010-04-18,25.72049180327869,61
2010-04-19,25.845737704918033,61
2010-04-20,25.93360655737705,61
2010-04-21,26.221311475409838,61
2010-04-22,26.17032786885246,61
2010-04-23,26.055737704918034,61
2010-04-24,25.968032786885246,61
2010-04-25,26.75377049180328,61
2010-04-26,26.755081967213115,61
2010-04-27,26.68983606557377,61
2010-04-28,26.82934426229508,61
2010-04-29,27.24950819672131,61
2010-04-30,27.045573770491803,61
2010-05-01,26.755245901639345,61
2010-05-02,26.623934426229507,61
2010-05-03,26.660983606557377,61
2010-05-04,26.80688524590164,61
2010-05-05,26.998032786885247,61
2010-05-06,27.582786885245902,61
2010-05-07,27.24360655737705,61
2010-05-08,27.17459016393443,61
2010-05-09,27.126229508196722,61
2010-05-10,26.932786885245903,61
2010-05-11,26.894918032786883,61
2010-05-12,26.91,61
2010-05-13,26.768196721311472,61
2010-05-14,26.66934426229508,61
2010-05-15,26.408524590163935,61
2010-05-16,26.569016393442624,61
2010-05-17,26.555081967213113,61
2010-05-18,26.567868852459018,61
2010-05-19,26.460491803278686,61
2010-05-20,26.59622950819672,61
2010-05-21,26.228524590163936,61
2010-05-22,26.302131147540983,61
2010-05-23,26.262622950819672,61
2010-05-24,26.185901639344262,61
2010-05-25,26.12688524590164,61
2010-05-26,26.18672131147541,61
2010-05-27,26.121967213114754,61
2010-05-28,26.244754098360655,61
2010-05-29,26.214262295081966,61
2010-05-30,26.214590163934425,61
2010-05-31,26.18409836065574,61
2010-06-01,26.267868852459014,61
2010-06-02,26.63622950819672,61
2010-06-03,26.814918032786885,61
2010-06-04,26.552131147540983,61
2010-06-05,26.11704918032787,61
2010-06-06,26.086885245901637,61
2010-06-07,26.11409836065574,61
2010-06-08,26.218524590163934,61
2010-06-09,26.06065573770492,61
2010-06-10,25.89147540983607,61
2010-06-11,25.79770491803279,61
2010-06-12,25.443770491803278,61
2010-06-13,25.380983606557376,61
2010-06-14,25.620819672131145,61
2010-06-15,25.7072131147541,61
2010-06-16,25.67032786885246,61
2010-06-17,25.32049180327869,61
2010-06-18,25.45327868852459,61
2010-06-19,25.752950819672133,61
2010-06-20,25.6655737704918,61
2010-06-21,25.471639344262293,61
2010-06-22,25.452786885245903,61
2010-06-23,25.31081967213115,61
2010-06-24,25.289016393442623,61
2010-06-25,25.216065573770493,61
2010-06-26,25.264426229508196,61
2010-06-27,25.034918032786887,61
2010-06-28,24.779999999999998,61
2010-06-29,24.754590163934427,61
2010-06-30,24.61377049180328,61
2010-07-01,24.60983606557377,61
2010-07-02,24.758852459016392,61
2010-07-03,24.818196721311477,61
2010-07-04,24.8127868852459,61
2010-07-05,24.728688524590165,61
2010-07-06,24.76311475409836,61
2010-07-07,24.68918032786885,61
2010-07-08,24.480983606557377,61
2010-07-09,24.45213114754098,61
2010-07-10,24.362950819672132,61
2010-07-11,24.612950819672132,61
2010-07-12,24.25360655737705,61
2010-07-13,24.04590163934426,61
2010-07-14,23.68639344262295,61
2010-07-15,23.625737704918034,61
2010-07-16,23.69311475409836,61
2010-07-17,23.738688524590163,61
2010-07-18,23.951967213114752,61
2010-07-19,23.93901639344262,61
2010-07-20,23.679016393442623,61
2010-07-21,23.893606557377048,61
2010-07-22,23.780983606557378,61
2010-07-23,23.70245901639344,61
2010-07-24,23.683114754098362,61
2010-07-25,23.7372131147541,61
2010-07-26,23.67065573770492,61
2010-07-27,23.54262295081967,61
2010-07-28,23.709508196721313,61
2010-07-29,23.852131147540984,61
2010-07-30,23.88327868852459,61
2010-07-31,23.811639344262296,61
2010-08-01,23.72229508196721,61
2010-08-02,23.564918032786885,61
2010-08-03,23.736065573770492,61
2010-08-04,23.95606557377049,61
2010-08-05,24.097213114754098,61
2010-08-06,23.94655737704918,61
2010-08-07,23.772950819672133,61
2010-08-08,23.91573770491803,61
2010-08-09,23.9772131147541,61
2010-08-10,23.747049180327867,61
2010-08-11,23.541803278688523,61
2010-08-12,23.444098360655737,61
2010-08-13,23.465573770491805,61
2010-08-14,23.50672131147541,61
2010-08-15,23.572622950819675,61
2010-08-16,23.25950819672131,61
2010-08-17,23.08049180327869,61
2010-08-18,23.13311475409836,61
2010-08-19,23.270983606557376,61
2010-08-20,23.485245901639342,61
2010-08-21,23.497704918032785,61
2010-08-22,23.488852459016393,61
2010-08-23,23.38983606557377,61
2010-08-24,23.180983606557376,61
2010-08-25,23.16622950819672,61
2010-08-26,23.13229508196721,61
2010-08-27,23.164426229508198,61
2010-08-28,23.19934426229508,61
2010-08-29,23.459344262295083,61
2010-08-30,23.60081967213115,61
2010-08-31,23.236229508196722,61
2010-09-01,23.092459016393445,61
2010-09-02,22.941311475409837,61
2010-09-03,22.90049180327869,61
2010-09-04,22.891967213114757,61
2010-09-05,22.888196721311477,61
2010-09-06,22.876065573770493,61
2010-09-07,22.870819672131145,61
2010-09-08,22.582295081967214,61
2010-09-09,22.568524590163936,61
2010-09-10,22.508852459016392,61
2010-09-11,22.403606557377046,61
2010-09-12,22.3072131147541,61
2010-09-13,22.328196721311475,61
2010-09-14,22.34622950819672,61
2010-09-15,22.50672131147541,61
2010-09-16,22.70344262295082,61
2010-09-17,22.935737704918033,61
2010-09-18,23.00688524590164,61
2010-09-19,22.86639344262295,61
2010-09-20,22.95245901639344,61
2010-09-21,23.02967213114754,61
2010-09-22,23.224754098360656,61
2010-09-23,23.540983606557376,61
2010-09-24,23.629180327868855,61
2010-09-25,23.731311475409836,61
2010-09-26,24.021475409836064,61
2010-09-27,24.36737704918033,61
2010-09-28,24.40065573770492,61
2010-09-29,24.278524590163933,61
2010-09-30,24.115573770491803,61
2010-10-01,23.94672131147541,61
2010-10-02,24.00934426229508,61
2010-10-03,24.161803278688524,61
2010-10-04,24.121147540983603,61
2010-10-05,24.09983606557377,61
2010-10-06,24.441147540983607,61
2010-10-07,24.591311475409835,61
2010-10-08,24.872459016393442,61
2010-10-09,25.126065573770493,61
2010-10-10,24.81967213114754,61
2010-10-11,24.445737704918034,61
2010-10-12,24.34950819672131,61
2010-10-13,24.190491803278686,61
2010-10-14,24.541803278688523,61
2010-10-15,24.784098360655737,61
2010-10-16,25.141147540983606,61
2010-10-17,25.628852459016393,61
2010-10-18,25.674918032786888,61
2010-10-19,25.79688524590164,61
2010-10-20,25.965409836065575,61
2010-10-21,25.965409836065575,61
2010-10-22,25.9472131147541,61
2010-10-23,25.745245901639343,61
2010-10-24,25.495081967213114,61
2010-10-25,25.456721311475413,61
2010-10-26,25.518688524590164,61
2010-10-27,25.192622950819672,61
2010-10-28,24.97655737704918,61
2010-10-29,24.88770491803279,61
2010-10-30,25.074098360655736,61
2010-10-31,25.323278688524592,61
2010-11-01,25.582786885245902,61
2010-11-02,25.6172131147541,61
2010-11-03,26.18393442622951,61
2010-11-04,26.268196721311472,61
2010-11-05,25.969016393442622,61
2010-11-06,25.752459016393445,61
2010-11-07,25.59344262295082,61
2010-11-08,25.699180327868852,61
2010-11-09,26.168688524590163,61
2010-11-10,26.143770491803277,61
2010-11-11,25.763770491803278,61
2010-11-12,25.491803278688526,61
2010-11-13,25.16934426229508,61
2010-11-14,25.030819672131145,61
2010-11-15,25.041639344262293,61
2010-11-16,25.18016393442623,61
2010-11-17,25.35704918032787,61
2010-11-18,25.620327868852456,61
2010-11-19,25.729508196721312,61
2010-11-20,25.685245901639345,61
2010-11-21,25.564918032786885,61
2010-11-22,25.509999999999998,61
2010-11-23,25.485245901639342,61
2010-11-24,25.692459016393443,61
2010-11-25,25.549344262295083,61
2010-11-26,25.615245901639344,61
2010-11-27,25.827540983606557,61
2010-11-28,26.189999999999998,61
2010-11-29,26.75016393442623,61
2010-11-30,26.733606557377048,61
2010-12-01,26.451475409836064,61
2010-12-02,26.347868852459015,61
2010-12-03,26.692295081967213,61
2010-12-04,26.75918032786885,61
2010-12-05,26.738524590163934,61
2010-12-06,26.885409836065573,61
2010-12-07,26.906885245901638,61
2010-12-08,26.903934426229508,61
2010-12-09,27.247049180327867,61
2010-12-10,27.360819672131147,61
2010-12-11,27.41688524590164,61
2010-12-12,27.394426229508195,61
2010-12-13,27.48311475409836,61
2010-12-14,27.615901639344262,61
2010-12-15,27.631803278688523,61
2010-12-16,27.625573770491805,61
2010-12-17,27.50950819672131,61
2010-12-18,26.83098360655738,61
2010-12-19,26.880163934426232,61
2010-12-20,26.967377049180328,61
2010-12-21,26.899016393442622,61
2010-12-22,26.88393442622951,61
2010-12-23,26.895573770491804,61
2010-12-24,27.34393442622951,61
2010-12-25,27.581475409836067,61
2010-12-26,27.964590163934425,61
2010-12-27,28.188032786885245,61
2010-12-28,27.930491803278688,61
2010-12-29,27.634754098360656,61
2010-12-30,27.554918032786883,61
2010-12-31,27.625245901639346,61
2011-01-01,27.611475409836064,61
2011-01-02,27.40672131147541,61
2011-01-03,27.477213114754097,61
2011-01-04,28.010983606557378,61
2011-01-05,28.27737704918033,61
2011-01-06,28.399672131147543,61
2011-01-07,28.465081967213116,61
2011-01-08,28.328852459016392,61
2011-01-09,29.09344262295082,61
2011-01-10,29.362950819672132,61
2011-01-11,29.33098360655738,61
2011-01-12,29.172131147540984,61
2011-01-13,28.8727868852459,61
2011-01-14,28.86393442622951,61
2011-01-15,29.09950819672131,61
2011-01-16,29.13360655737705,61
2011-01-17,29.555901639344263,61
2011-01-18,29.502622950819674,61
2011-01-19,29.00344262295082,61
2011-01-20,29.035245901639346,61
2011-01-21,28.897540983606557,61
2011-01-22,28.821803278688527,61
2011-01-23,28.838524590163935,61
2011-01-24,28.726885245901638,61
2011-01-25,28.676065573770494,61
2011-01-26,28.675901639344264,61
2011-01-27,27.45327868852459,61
2011-01-28,27.455081967213115,61
2011-01-29,27.60049180327869,61
2011-01-30,27.6427868852459,61
2011-01-31,27.497049180327867,61
2011-02-01,27.339180327868853,61
2011-02-02,27.46672131147541,61
2011-02-03,27.74295081967213,61
2011-02-04,27.884426229508197,61
2011-02-05,28.05114754098361,61
2011-02-06,28.358852459016394,61
2011-02-07,29.031803278688525,61
2011-02-08,29.588852459016394,61
2011-02-09,29.388196721311477,61
2011-02-10,29.014918032786888,61
2011-02-11,29.047049180327868,61
2011-02-12,29.46688524590164,61
2011-02-13,29.839344262295082,61
2011-02-14,29.873934426229507,61
2011-02-15,29.75934426229508,61
2011-02-16,29.5327868852459,61
2011-02-17,29.574918032786883,61
2011-02-18,29.577213114754098,61
2011-02-19,29.488196721311475,61
2011-02-20,29.534098360655737,61
2011-02-21,29.43,61
2011-02-22,29.392459016393442,61
2011-02-23,29.011803278688525,61
2011-02-24,28.90098360655738,61
2011-02-25,29.035573770491805,61
2011-02-26,28.90295081967213,61
2011-02-27,28.960819672131144,61
2011-02-28,29.108196721311472,61
2011-03-01,29.020819672131147,61
2011-03-02,28.85327868852459,61
2011-03-03,28.301967213114754,61
2011-03-04,28.175901639344264,61
2011-03-05,28.09688524590164,61
2011-03-06,27.87344262295082,61
2011-03-07,27.823114754098363,61
2011-03-08,27.785245901639346,61
2011-03-09,27.813278688524587,61
2011-03-10,28.20983606557377,61
2011-03-11,28.306065573770493,61
2011-03-12,28.321967213114757,61
2011-03-13,28.305409836065575,61
2011-03-14,28.341967213114753,61
2011-03-15,28.35983606557377,61
2011-03-16,28.218196721311475,61
2011-03-17,28.252786885245904,61
2011-03-18,28.3672131147541,61
2011-03-19,28.441311475409837,61
2011-03-20,28.14065573770492,61
2011-03-21,27.845573770491804,61
2011-03-22,28.010983606557378,61
2011-03-23,28.253114754098362,61
2011-03-24,28.354098360655737,61
2011-03-25,28.425573770491805,61
2011-03-26,28.21295081967213,61
2011-03-27,28.08327868852459,61
2011-03-28,28.208688524590166,61
2011-03-29,28.466229508196722,61
2011-03-30,29.16672131147541,61
2011-03-31,28.946393442622952,61
2011-04-01,28.727868852459018,61
2011-04-02,28.811639344262296,61
2011-04-03,28.6027868852459,61
2011-04-04,28.48950819672131,61
2011-04-05,28.435573770491803,61
2011-04-06,28.40622950819672,61
2011-04-07,28.211475409836066,61
2011-04-08,28.069016393442624,61
2011-04-09,27.824918032786883,61
2011-04-10,27.958196721311477,61
2011-04-11,27.975573770491803,61
2011-04-12,28.209016393442624,61
2011-04-13,28.347377049180327,61
2011-04-14,28.516557377049182,61
2011-04-15,28.653934426229508,61
2011-04-16,28.74327868852459,61
2011-04-17,28.748688524590165,61
2011-04-18,28.58655737704918,61
2011-04-19,28.332131147540984,61
2011-04-20,28.418196721311475,61
2011-04-21,28.598360655737704,61
2011-04-22,28.77918032786885,61
2011-04-23,28.879672131147544,61
2011-04-24,28.981147540983606,61
2011-04-25,29.015573770491805,61
2011-04-26,29.031639344262295,61
2011-04-27,28.75016393442623,61
2011-04-28,28.43737704918033,61
2011-04-29,28.347377049180327,61
2011-04-30,28.113114754098362,61
2011-05-01,27.988852459016393,61
2011-05-02,27.90377049180328,61
2011-05-03,27.851967213114754,61
2011-05-04,27.736065573770492,61
2011-05-05,27.459180327868854,61
2011-05-06,27.323114754098363,61
2011-05-07,27.040327868852458,61
2011-05-08,27.12344262295082,61
2011-05-09,27.289672131147544,61
2011-05-10,27.221639344262293,61
2011-05-11,27.23327868852459,61
2011-05-12,27.27704918032787,61
2011-05-13,25.80934426229508,61
2011-05-14,25.822131147540986,61
2011-05-15,25.842950819672133,61
2011-05-16,26.20344262295082,61
2011-05-17,26.461311475409836,61
2011-05-18,26.609180327868852,61
2011-05-19,26.61016393442623,61
2011-05-20,26.716065573770493,61
2011-05-21,26.76065573770492,61
2011-05-22,26.932295081967215,61
2011-05-23,27.112131147540982,61
2011-05-24,26.984918032786883,61
2011-05-25,26.827377049180328,61
2011-05-26,26.871147540983607,61
2011-05-27,26.667377049180327,61
2011-05-28,26.62737704918033,61
2011-05-29,26.488196721311475,61
2011-05-30,26.402622950819673,61
2011-05-31,26.299672131147542,61
2011-06-01,26.27786885245902,61
2011-06-02,26.482786885245904,61
2011-06-03,26.611967213114752,61
2011-06-04,26.47295081967213,61
2011-06-05,26.151639344262296,61
2011-06-06,25.73032786885246,61
2011-06-07,25.682950819672133,61
2011-06-08,25.56770491803279,61
2011-06-09,25.5572131147541,61
2011-06-10,25.74295081967213,61
2011-06-11,25.891311475409836,61
2011-06-12,25.90967213114754,61
2011-06-13,26.034918032786887,61
2011-06-14,25.975081967213114,61
2011-06-15,25.611311475409835,61
2011-06-16,25.562295081967214,61
2011-06-17,25.354262295081966,61
2011-06-18,25.351147540983607,61
2011-06-19,25.09950819672131,61
2011-06-20,25.144918032786883,61
2011-06-21,25.15295081967213,61
2011-06-22,24.962131147540983,61
2011-06-23,25.024590163934427,61
2011-06-24,25.10344262295082,61
2011-06-25,24.97065573770492,61
2011-06-26,25.054590163934424,61
2011-06-27,25.01459016393443,61
2011-06-28,24.987704918032787,61
2011-06-29,24.84901639344262,61
2011-06-30,24.607704918032788,61
2011-07-01,24.51295081967213,61
2011-07-02,24.667704918032786,61
2011-07-03,24.70639344262295,61
2011-07-04,24.52770491803279,61
2011-07-05,24.375737704918034,61
2011-07-06,24.18409836065574,61
2011-07-07,24.148688524590163,61
2011-07-08,24.248196721311476,61
2011-07-09,24.28688524590164,61
2011-07-10,23.68983606557377,61
2011-07-11,23.584918032786888,61
2011-07-12,23.693934426229507,61
2011-07-13,23.829016393442622,61
2011-07-14,23.7644262295082,61
2011-07-15,23.52032786885246,61
2011-07-16,23.682786885245903,61
2011-07-17,23.59016393442623,61
2011-07-18,23.61639344262295,61
2011-07-19,23.563770491803275,61
2011-07-20,23.50377049180328,61
2011-07-21,23.228524590163936,61
2011-07-22,23.11016393442623,61
2011-07-23,23.17950819672131,61
2011-07-24,23.356229508196723,61
2011-07-25,23.21540983606557,61
2011-07-26,23.302459016393442,61
2011-07-27,23.33655737704918,61
2011-07-28,23.384426229508197,61
2011-07-29,23.351311475409837,61
2011-07-30,23.263934426229508,61
2011-07-31,23.24049180327869,61
2011-08-01,23.27967213114754,61
2011-08-02,23.269016393442623,61
2011-08-03,23.21639344262295,61
2011-08-04,23.251803278688524,61
2011-08-05,23.353770491803278,61
2011-08-06,23.41655737704918,61
2011-08-07,23.7872131147541,61
2011-08-08,23.713934426229507,61
2011-08-09,23.677704918032784,61
2011-08-10,23.648360655737704,61
2011-08-11,23.6427868852459,61
2011-08-12,23.497540983606555,61
2011-08-13,23.68639344262295,61
2011-08-14,23.295081967213115,61
2011-08-15,23.123770491803278,61
2011-08-16,23.279999999999998,61
2011-08-17,23.32524590163934,61
2011-08-18,23.364918032786886,61
2011-08-19,23.56295081967213,61
2011-08-20,23.66524590163934,61
2011-08-21,23.641803278688528,61
2011-08-22,23.657049180327867,61
2011-08-23,23.75377049180328,61
2011-08-24,23.691475409836066,61
2011-08-25,23.72360655737705,61
2011-08-26,23.691639344262295,61
2011-08-27,23.66704918032787,61
2011-08-28,23.62295081967213,61
2011-08-29,23.643770491803277,61
2011-08-30,23.598852459016392,61
2011-08-31,23.56262295081967,61
2011-09-01,23.551147540983603,61
2011-09-02,23.36606557377049,61
2011-09-03,23.24295081967213,61
2011-09-04,23.168360655737704,61
2011-09-05,23.238688524590163,61
2011-09-06,23.33032786885246,61
2011-09-07,23.265573770491805,61
2011-09-08,23.10360655737705,61
2011-09-09,22.993770491803282,61
2011-09-10,22.948524590163935,61
2011-09-11,22.968032786885246,61
2011-09-12,23.25016393442623,61
2011-09-13,23.56377049180328,61
2011-09-14,23.888524590163936,61
2011-09-15,24.242622950819673,61
2011-09-16,24.23032786885246,61
2011-09-17,23.852131147540984,61
2011-09-18,23.55688524590164,61
2011-09-19,23.327213114754098,61
2011-09-20,23.154098360655738,61
2011-09-21,22.988196721311475,61
2011-09-22,23.049672131147542,61
2011-09-23,23.014426229508196,61
2011-09-24,22.869016393442624,61
2011-09-25,22.795245901639344,61
2011-09-26,22.873934426229507,61
2011-09-27,22.922459016393443,61
2011-09-28,22.94868852459016,61
2011-09-29,23.138032786885248,61
2011-09-30,23.101475409836066,61
2011-10-01,23.10672131147541,61
2011-10-02,23.0372131147541,61
2011-10-03,22.964426229508195,61
2011-10-04,23.0,61
2011-10-05,23.105081967213117,61
2011-10-06,23.03688524590164,61
2011-10-07,23.081311475409837,61
2011-10-08,23.213606557377048,61
2011-10-09,23.238032786885245,61
2011-10-10,23.123934426229507,61
2011-10-11,23.1744262295082,61
2011-10-12,23.192622950819672,61
2011-10-13,23.01327868852459,61
2011-10-14,22.951639344262293,61
2011-10-15,23.276885245901642,61
2011-10-16,23.345409836065574,61
2011-10-17,23.27344262295082,61
2011-10-18,23.120655737704915,61
2011-10-19,23.100983606557378,61
2011-10-20,23.475573770491803,61
2011-10-21,23.491147540983608,61
2011-10-22,23.553934426229507,61
2011-10-23,23.603934426229507,61
2011-10-24,23.805409836065575,61
2011-10-25,24.098032786885245,61
2011-10-26,24.020491803278688,61
2011-10-27,24.005081967213115,61
2011-10-28,23.966065573770493,61
2011-10-29,23.916065573770492,61
2011-10-30,23.959016393442624,61
2011-10-31,23.89032786885246,61
2011-11-01,23.982459016393445,61
2011-11-02,24.031311475409836,61
2011-11-03,24.041803278688523,61
2011-11-04,24.225737704918032,61
2011-11-05,24.28065573770492,61
2011-11-06,24.17327868852459,61
2011-11-07,24.19295081967213,61
2011-11-08,24.251147540983606,61
2011-11-09,24.064918032786885,61
2011-11-10,23.864590163934427,61
2011-11-11,23.95,61
2011-11-12,24.36606557377049,61
2011-11-13,24.454918032786885,61
2011-11-14,24.455737704918032,61
2011-11-15,24.535901639344264,61
2011-11-16,24.555245901639342,61
2011-11-17,24.431475409836064,61
2011-11-18,24.25426229508197,61
2011-11-19,24.29688524590164,61
2011-11-20,24.327540983606557,61
2011-11-21,24.47360655737705,61
2011-11-22,24.79377049180328,61
2011-11-23,25.020655737704917,61
2011-11-24,25.371311475409836,61
2011-11-25,25.4472131147541,61
2011-11-26,25.389016393442624,61
2011-11-27,24.82524590163934,61
2011-11-28,24.80065573770492,61
2011-11-29,24.811147540983608,61
2011-11-30,25.047049180327868,61
2011-12-01,25.11622950819672,61
2011-12-02,25.177213114754096,61
2011-12-03,25.347213114754098,61
2011-12-04,25.55016393442623,61
2011-12-05,25.41016393442623,61
2011-12-06,25.08639344262295,61
2011-12-07,25.445737704918034,61
2011-12-08,25.561967213114755,61
2011-12-09,25.36655737704918,61
2011-12-10,25.8972131147541,61
2011-12-11,26.517049180327867,61
2011-12-12,26.75639344262295,61
2011-12-13,26.281147540983607,61
2011-12-14,26.10081967213115,61
2011-12-15,25.91590163934426,61
2011-12-16,25.784098360655737,61
2011-12-17,25.884426229508197,61
2011-12-18,25.938688524590162,61
2011-12-19,25.938688524590162,61
2011-12-20,26.224098360655738,61
2011-12-21,26.501311475409835,61
2011-12-22,26.602131147540984,61
2011-12-23,26.642295081967212,61
2011-12-24,26.72377049180328,61
2011-12-25,26.70213114754098,61
2011-12-26,26.567540983606555,61
2011-12-27,26.324262295081965,61
2011-12-28,26.177868852459014,61
2011-12-29,26.540655737704917,61
2011-12-30,26.16655737704918,61
2011-12-31,25.775737704918033,61
2012-01-01,25.714754098360654,61
2012-01-02,25.537868852459017,61
2012-01-03,25.661475409836065,61
2012-01-04,25.701967213114752,61
2012-01-05,25.7555737704918,61
2012-01-06,25.824754098360653,61
2012-01-07,25.924918032786888,61
2012-01-08,26.321147540983606,61
2012-01-09,26.559016393442622,61
2012-01-10,26.83049180327869,61
2012-01-11,27.085245901639347,61
2012-01-12,26.850163934426227,61
2012-01-13,27.554262295081966,61
2012-01-14,28.120327868852456,61
2012-01-15,27.963934426229507,61
2012-01-16,28.280983606557378,61
2012-01-17,28.482295081967216,61
2012-01-18,28.54311475409836,61
2012-01-19,28.299180327868854,61
2012-01-20,28.261147540983607,61
2012-01-21,28.424262295081967,61
2012-01-22,28.4572131147541,61
2012-01-23,28.62295081967213,61
2012-01-24,28.73934426229508,61
2012-01-25,28.794918032786885,61
2012-01-26,28.678852459016394,61
2012-01-27,28.618196721311477,61
2012-01-28,28.619180327868854,61
2012-01-29,28.49573770491803,61
2012-01-30,28.432459016393445,61
2012-01-31,28.301475409836065,61
2012-02-01,28.307540983606557,61
2012-02-02,28.435409836065574,61
2012-02-03,28.3972131147541,61
2012-02-04,28.45409836065574,61
2012-02-05,28.57688524590164,61
2012-02-06,28.624918032786884,61
2012-02-07,28.831639344262296,61
2012-02-08,28.537540983606558,61
2012-02-09,28.348688524590163,61
2012-02-10,28.43737704918033,61
2012-02-11,28.64049180327869,61
2012-02-12,28.383114754098358,61
2012-02-13,28.15967213114754,61
2012-02-14,27.93950819672131,61
2012-02-15,27.772786885245903,61
2012-02-16,27.704754098360656,61
2012-02-17,27.58655737704918,61
2012-02-18,27.462131147540983,61
2012-02-19,27.475409836065573,61
2012-02-20,27.92065573770492,61
2012-02-21,28.00344262295082,61
2012-02-22,28.16967213114754,61
2012-02-23,28.171475409836066,61
2012-02-24,27.95737704918033,61
2012-02-25,27.680819672131147,61
2012-02-26,27.268688524590164,61
2012-02-27,27.074918032786883,61
2012-02-28,27.39,61
2012-02-29,27.745409836065573,61
2012-03-01,28.021311475409835,61
2012-03-02,28.421967213114755,61
2012-03-03,28.56639344262295,61
2012-03-04,28.660819672131147,61
2012-03-05,28.758196721311474,61
2012-03-06,28.807377049180328,61
2012-03-07,28.679016393442623,61
2012-03-08,29.03360655737705,61
2012-03-09,29.196393442622952,61
2012-03-10,29.423934426229508,61
2012-03-11,29.470000000000002,61
2012-03-12,29.42639344262295,61
2012-03-13,29.449180327868852,61
2012-03-14,29.30016393442623,61
2012-03-15,29.391967213114757,61
2012-03-16,29.464426229508195,61
2012-03-17,28.790983606557376,61
2012-03-18,28.50672131147541,61
2012-03-19,28.582622950819673,61
2012-03-20,28.521475409836064,61
2012-03-21,28.54,61
2012-03-22,28.69967213114754,61
2012-03-23,28.964918032786883,61
2012-03-24,29.210819672131144,61
2012-03-25,29.313278688524587,61
2012-03-26,29.526885245901642,61
2012-03-27,29.087868852459014,61
2012-03-28,29.16032786885246,61
2012-03-29,29.31295081967213,61
2012-03-30,29.402131147540985,61
2012-03-31,29.238688524590163,61
2012-04-01,29.00344262295082,61
2012-04-02,28.847540983606557,61
2012-04-03,28.894918032786883,61
2012-04-04,28.88737704918033,61
2012-04-05,28.81049180327869,61
2012-04-06,28.87655737704918,61
2012-04-07,28.966229508196722,61
2012-04-08,28.984918032786883,61
2012-04-09,29.05262295081967,61
2012-04-10,28.800983606557374,61
2012-04-11,28.680983606557376,61
2012-04-12,28.648196721311475,61
2012-04-13,28.68032786885246,61
2012-04-14,28.654098360655738,61
2012-04-15,28.7127868852459,61
2012-04-16,28.648688524590163,61
2012-04-17,28.61360655737705,61
2012-04-18,28.76081967213115,61
2012-04-19,28.820655737704918,61
2012-04-20,28.840983606557376,61
2012-04-21,28.57639344262295,61
2012-04-22,28.00622950819672,61
2012-04-23,27.686721311475413,61
2012-04-24,27.650000000000002,61
2012-04-25,27.940983606557378,61
2012-04-26,27.99081967213115,61
2012-04-27,27.831311475409837,61
2012-04-28,27.591639344262294,61
2012-04-29,27.530491803278686,61
2012-04-30,27.67311475409836,61
2012-05-01,27.831967213114755,61
2012-05-02,28.190983606557378,61
2012-05-03,28.41934426229508,61
2012-05-04,28.317704918032785,61
2012-05-05,28.06081967213115,61
2012-05-06,27.398852459016393,61
2012-05-07,27.10655737704918,61
2012-05-08,27.158196721311477,61
2012-05-09,27.21295081967213,61
2012-05-10,27.054918032786883,61
2012-05-11,27.19327868852459,61
2012-05-12,27.403442622950816,61
2012-05-13,27.334918032786888,61
2012-05-14,27.269344262295082,61
2012-05-15,27.212295081967213,61
2012-05-16,26.991967213114755,61
2012-05-17,26.925245901639347,61
2012-05-18,26.819180327868853,61
2012-05-19,26.77393442622951,61
2012-05-20,26.72081967213115,61
2012-05-21,26.514754098360658,61
2012-05-22,26.34327868852459,61
2012-05-23,25.926885245901637,61
2012-05-24,25.4527868852459,61
2012-05-25,25.568360655737706,61
2012-05-26,25.64295081967213,61
2012-05-27,25.664426229508198,61
2012-05-28,25.78344262295082,61
2012-05-29,25.772950819672133,61
2012-05-30,25.745081967213114,61
2012-05-31,25.68360655737705,61
2012-06-01,25.66540983606557,61
2012-06-02,25.634262295081967,61
2012-06-03,25.863114754098362,61
2012-06-04,25.79262295081967,61
2012-06-05,25.697704918032787,61
2012-06-06,25.595081967213115,61
2012-06-07,25.56295081967213,61
2012-06-08,25.53360655737705,61
2012-06-09,25.81065573770492,61
2012-06-10,25.868852459016395,61
2012-06-11,25.79213114754098,61
2012-06-12,25.835409836065573,61
2012-06-13,25.52229508196721,61
2012-06-14,25.50967213114754,61
2012-06-15,25.649672131147543,61
2012-06-16,25.65065573770492,61
2012-06-17,25.661803278688527,61
2012-06-18,25.534590163934425,61
2012-06-19,25.532459016393442,61
2012-06-20,25.503114754098362,61
2012-06-21,25.442622950819672,61
2012-06-22,25.407540983606555,61
2012-06-23,25.422131147540984,61
2012-06-24,24.941639344262295,61
2012-06-25,25.20737704918033,61
2012-06-26,25.029836065573768,61
2012-06-27,24.827377049180328,61
2012-06-28,24.545737704918032,61
2012-06-29,24.420163934426228,61
2012-06-30,24.060000000000002,61
2012-07-01,23.91393442622951,61
2012-07-02,23.723114754098358,61
2012-07-03,23.694426229508196,61
2012-07-04,23.785409836065575,61
2012-07-05,23.845901639344262,61
2012-07-06,23.973278688524587,61
2012-07-07,24.120655737704915,61
2012-07-08,24.051475409836065,61
2012-07-09,24.21688524590164,61
2012-07-10,24.111639344262294,61
2012-07-11,24.11622950819672,61
2012-07-12,24.00704918032787,61
2012-07-13,23.76344262295082,61
2012-07-14,23.823114754098363,61
2012-07-15,23.82016393442623,61
2012-07-16,23.783770491803278,61
2012-07-17,23.622131147540983,61
2012-07-18,23.443770491803278,61
2012-07-19,23.48688524590164,61
2012-07-20,24.141311475409836,61
2012-07-21,24.320819672131147,61
2012-07-22,23.531967213114754,61
2012-07-23,23.38245901639344,61
2012-07-24,23.498524590163935,61
2012-07-25,23.901639344262296,61
2012-07-26,23.851475409836066,61
2012-07-27,23.331311475409837,61
2012-07-28,23.20770491803279,61
2012-07-29,23.143770491803277,61
2012-07-30,23.42049180327869,61
2012-07-31,23.507377049180327,61
2012-08-01,23.231639344262298,61
2012-08-02,23.103934426229507,61
2012-08-03,23.101639344262296,61
2012-08-04,22.95262295081967,61
2012-08-05,22.95409836065574,61
2012-08-06,22.89950819672131,61
2012-08-07,22.831147540983608,61
2012-08-08,22.65295081967213,61
2012-08-09,22.61016393442623,61
2012-08-10,22.568688524590165,61
2012-08-11,22.634754098360656,61
2012-08-12,22.718688524590164,61
2012-08-13,22.559016393442622,61
2012-08-14,22.36,61
2012-08-15,22.34327868852459,61
2012-08-16,22.49983606557377,61
2012-08-17,22.7072131147541,61
2012-08-18,22.717540983606558,61
2012-08-19,22.83327868852459,61
2012-08-20,22.767868852459014,61
2012-08-21,22.680983606557376,61
2012-08-22,22.636885245901638,61
2012-08-23,22.669999999999998,61
2012-08-24,22.717868852459016,61
2012-08-25,22.624754098360654,61
2012-08-26,22.63049180327869,61
2012-08-27,22.469672131147544,61
2012-08-28,22.528032786885248,61
2012-08-29,22.79688524590164,61
2012-08-30,22.785245901639346,61
2012-08-31,22.805737704918034,61
2012-09-01,22.679016393442623,61
2012-09-02,22.52032786885246,61
2012-09-03,22.48704918032787,61
2012-09-04,22.375081967213116,61
2012-09-05,22.339344262295082,61
2012-09-06,22.281803278688525,61
2012-09-07,22.38065573770492,61
2012-09-08,22.645409836065575,61
2012-09-09,22.785409836065575,61
2012-09-10,22.83426229508197,61
2012-09-11,22.889180327868853,61
2012-09-12,23.08639344262295,61
2012-09-13,23.285245901639346,61
2012-09-14,23.370163934426227,61
2012-09-15,23.455081967213115,61
2012-09-16,23.752459016393445,61
2012-09-17,23.620819672131145,61
2012-09-18,23.54245901639344,61
2012-09-19,23.599999999999998,61
2012-09-20,23.505409836065574,61
2012-09-21,23.457049180327868,61
2012-09-22,23.445901639344264,61
2012-09-23,23.502131147540986,61
2012-09-24,23.40639344262295,61
2012-09-25,23.123770491803278,61
2012-09-26,23.31016393442623,61
2012-09-27,23.39262295081967,61
2012-09-28,23.31295081967213,61
2012-09-29,23.239836065573773,61
2012-09-30,23.350983606557378,61
2012-10-01,23.581803278688525,61
2012-10-02,23.801803278688524,61
2012-10-03,23.55655737704918,61
2012-10-04,23.272786885245903,61
2012-10-05,23.09393442622951,61
2012-10-06,23.269180327868852,61
2012-10-07,23.484918032786883,61
2012-10-08,23.686885245901642,61
2012-10-09,23.981147540983606,61
2012-10-10,24.31606557377049,61
2012-10-11,24.310000000000002,61
2012-10-12,24.36245901639344,61
2012-10-13,24.238360655737704,61
2012-10-14,24.234918032786883,61
2012-10-15,24.25934426229508,61
2012-10-16,24.271967213114753,61
2012-10-17,24.024590163934427,61
2012-10-18,23.995409836065573,61
2012-10-19,23.974754098360656,61
2012-10-20,23.938196721311474,61
2012-10-21,23.97344262295082,61
2012-10-22,23.737868852459016,61
2012-10-23,23.60655737704918,61
2012-10-24,23.425573770491805,61
2012-10-25,23.818196721311477,61
2012-10-26,24.108196721311472,61
2012-10-27,24.27639344262295,61
2012-10-28,24.288524590163934,61
2012-10-29,24.20409836065574,61
2012-10-30,24.325081967213112,61
2012-10-31,24.422131147540984,61
2012-11-01,24.492622950819673,61
2012-11-02,24.585245901639347,61
2012-11-03,24.612131147540982,61
2012-11-04,24.44311475409836,61
2012-11-05,24.347868852459015,61
2012-11-06,24.240000000000002,61
2012-11-07,24.258360655737704,61
2012-11-08,24.352622950819672,61
2012-11-09,24.523114754098362,61
2012-11-10,24.35327868852459,61
2012-11-11,24.190327868852457,61
2012-11-12,24.130000000000003,61
2012-11-13,24.242459016393443,61
2012-11-14,24.397377049180328,61
2012-11-15,24.297049180327868,61
2012-11-16,24.251803278688524,61
2012-11-17,23.99606557377049,61
2012-11-18,23.981967213114757,61
2012-11-19,24.17360655737705,61
2012-11-20,24.074426229508195,61
2012-11-21,24.112131147540982,61
2012-11-22,24.280983606557378,61
2012-11-23,24.321311475409836,61
2012-11-24,24.598032786885245,61
2012-11-25,24.6227868852459,61
2012-11-26,24.549344262295083,61
2012-11-27,25.015409836065576,61
2012-11-28,24.655573770491802,61
2012-11-29,24.388032786885248,61
2012-11-30,24.29770491803279,61
2012-12-01,24.261803278688525,61
2012-12-02,24.484754098360654,61
2012-12-03,24.427377049180325,61
2012-12-04,24.539836065573773,61
2012-12-05,24.832786885245902,61
2012-12-06,24.911639344262294,61
2012-12-07,24.944754098360654,61
2012-12-08,24.62262295081967,61
2012-12-09,24.57,61
2012-12-10,24.634918032786885,61
2012-12-11,24.584918032786888,61
2012-12-12,24.13327868852459,61
2012-12-13,24.031147540983607,61
2012-12-14,24.210491803278686,61
2012-12-15,24.227868852459018,61
2012-12-16,24.261475409836066,61
2012-12-17,24.385081967213114,61
2012-12-18,24.65590163934426,61
2012-12-19,24.742131147540984,61
2012-12-20,24.90639344262295,61
2012-12-21,25.310000000000002,61
2012-12-22,25.548852459016395,61
2012-12-23,25.868032786885248,61
2012-12-24,26.0327868852459,61
2012-12-25,26.283770491803278,61
2012-12-26,26.544754098360656,61
2012-12-27,26.904590163934426,61
2012-12-28,27.353770491803278,61
2012-12-29,27.499016393442623,61
2012-12-30,27.426065573770494,61
2012-12-31,28.153278688524587,61
2013-01-01,28.43606557377049,61
2013-01-02,28.43754098360656,61
2013-01-03,28.18409836065574,61
2013-01-04,28.270983606557376,61
2013-01-05,28.548688524590165,61
2013-01-06,28.290819672131146,61
2013-01-07,28.29262295081967,61
2013-01-08,28.06295081967213,61
2013-01-09,27.635737704918032,61
2013-01-10,27.54393442622951,61
2013-01-11,27.55,61
2013-01-12,27.56655737704918,61
2013-01-13,28.30672131147541,61
2013-01-14,28.47262295081967,61
2013-01-15,28.482622950819675,61
2013-01-16,28.32540983606557,61
2013-01-17,28.672131147540984,61
2013-01-18,28.67049180327869,61
2013-01-19,28.624426229508195,61
2013-01-20,28.34426229508197,61
2013-01-21,28.148196721311475,61
2013-01-22,28.02934426229508,61
2013-01-23,27.895245901639342,61
2013-01-24,27.154918032786885,61
2013-01-25,27.788196721311476,61
2013-01-26,28.08327868852459,61
2013-01-27,28.514918032786888,61
2013-01-28,28.60967213114754,61
2013-01-29,28.647868852459016,61
2013-01-30,28.679180327868853,61
2013-01-31,28.911147540983606,61
2013-02-01,29.290819672131146,61
2013-02-02,29.697540983606558,61
2013-02-03,30.016393442622952,61
2013-02-04,29.696229508196723,61
2013-02-05,29.559672131147543,61
2013-02-06,29.492622950819673,61
2013-02-07,29.231639344262298,61
2013-02-08,28.819344262295083,61
2013-02-09,28.7772131147541,61
2013-02-10,28.86377049180328,61
2013-02-11,28.928524590163935,61
2013-02-12,29.274754098360656,61
2013-02-13,29.332295081967214,61
2013-02-14,29.268032786885243,61
2013-02-15,29.391803278688528,61
2013-02-16,29.270655737704917,61
2013-02-17,29.088196721311476,61
2013-02-18,29.04639344262295,61
2013-02-19,29.691311475409837,61
2013-02-20,30.08016393442623,61
2013-02-21,30.271803278688523,61
2013-02-22,30.313442622950816,61
2013-02-23,29.80688524590164,61
2013-02-24,29.57360655737705,61
2013-02-25,29.675573770491805,61
2013-02-26,29.71,61
2013-02-27,29.431803278688523,61
2013-02-28,29.290491803278687,61
2013-03-01,29.351967213114754,61
2013-03-02,29.342622950819674,61
2013-03-03,29.347213114754098,61
2013-03-04,29.258524590163933,61
2013-03-05,28.775409836065574,61
2013-03-06,28.77016393442623,61
2013-03-07,28.89311475409836,61
2013-03-08,28.968032786885246,61
2013-03-09,28.67081967213115,61
2013-03-10,28.521311475409835,61
2013-03-11,28.51967213114754,61
2013-03-12,28.41524590163934,61
2013-03-13,28.538688524590164,61
2013-03-14,28.41016393442623,61
2013-03-15,28.084918032786888,61
2013-03-16,28.39016393442623,61
2013-03-17,28.55262295081967,61
2013-03-18,28.65065573770492,61
2013-03-19,28.645081967213113,61
2013-03-20,28.592950819672133,61
2013-03-21,28.42360655737705,61
2013-03-22,28.16049180327869,61
2013-03-23,28.071803278688524,61
2013-03-24,27.704754098360656,61
2013-03-25,27.397704918032787,61
2013-03-26,27.06967213114754,61
2013-03-27,26.879508196721314,61
2013-03-28,26.817540983606555,61
2013-03-29,26.836721311475408,61
2013-03-30,26.895245901639342,61
2013-03-31,27.195081967213117,61
2013-04-01,27.63295081967213,61
2013-04-02,27.624918032786887,61
2013-04-03,27.6744262295082,61
2013-04-04,27.907540983606555,61
2013-04-05,28.00655737704918,61
2013-04-06,28.041147540983605,61
2013-04-07,27.981803278688524,61
2013-04-08,28.30655737704918,61
2013-04-09,28.502459016393445,61
2013-04-10,28.63295081967213,61
2013-04-11,29.198032786885246,61
2013-04-12,29.033770491803278,61
2013-04-13,28.97081967213115,61
2013-04-14,28.96262295081967,61
2013-04-15,28.91655737704918,61
2013-04-16,28.991147540983608,61
2013-04-17,29.14311475409836,61
2013-04-18,29.16622950819672,61
2013-04-19,29.095409836065574,61
2013-04-20,29.045737704918032,61
2013-04-21,28.839344262295082,61
2013-04-22,28.52032786885246,61
2013-04-23,28.380000000000003,61
2013-04-24,28.193770491803278,61
2013-04-25,28.26295081967213,61
2013-04-26,28.314426229508197,61
2013-04-27,28.305901639344263,61
2013-04-28,28.432950819672133,61
2013-04-29,28.587868852459014,61
2013-04-30,28.652295081967214,61
2013-05-01,28.481147540983606,61
2013-05-02,28.238524590163934,61
2013-05-03,28.10655737704918,61
2013-05-04,28.032622950819672,61
2013-05-05,27.97737704918033,61
2013-05-06,28.044590163934426,61
2013-05-07,28.08409836065574,61
2013-05-08,27.391967213114757,61
2013-05-09,27.29737704918033,61
2013-05-10,27.172131147540984,61
2013-05-11,27.21639344262295,61
2013-05-12,27.158688524590165,61
2013-05-13,27.0572131147541,61
2013-05-14,26.7372131147541,61
2013-05-15,26.500655737704918,61
2013-05-16,26.804426229508195,61
2013-05-17,27.305737704918034,61
2013-05-18,27.26360655737705,61
2013-05-19,27.17475409836066,61
2013-05-20,26.804262295081966,61
2013-05-21,26.744754098360655,61
2013-05-22,26.709344262295083,61
2013-05-23,26.80098360655738,61
2013-05-24,26.97754098360656,61
2013-05-25,26.96327868852459,61
2013-05-26,26.723114754098358,61
2013-05-27,26.75360655737705,61
2013-05-28,27.061475409836067,61
2013-05-29,27.016229508196723,61
2013-05-30,26.604918032786887,61
2013-05-31,26.379508196721314,61
2013-06-01,26.198524590163938,61
2013-06-02,26.08327868852459,61
2013-06-03,25.908032786885247,61
2013-06-04,25.98147540983607,61
2013-06-05,26.08032786885246,61
2013-06-06,25.850983606557378,61
2013-06-07,25.64672131147541,61
2013-06-08,25.66573770491803,61
2013-06-09,25.57967213114754,61
2013-06-10,25.68360655737705,61
2013-06-11,25.823934426229506,61
2013-06-12,25.845409836065574,61
2013-06-13,26.022131147540982,61
2013-06-14,25.894426229508195,61
2013-06-15,25.532459016393442,61
2013-06-16,25.498688524590165,61
2013-06-17,25.427704918032784,61
2013-06-18,25.261147540983607,61
2013-06-19,25.10459016393443,61
2013-06-20,25.07032786885246,61
2013-06-21,24.97754098360656,61
2013-06-22,25.063442622950816,61
2013-06-23,25.10672131147541,61
2013-06-24,24.8255737704918,61
2013-06-25,24.907213114754096,61
2013-06-26,24.751147540983606,61
2013-06-27,24.77934426229508,61
2013-06-28,24.511967213114755,61
2013-06-29,24.3772131147541,61
2013-06-30,24.336721311475408,61
2013-07-01,24.4155737704918,61
2013-07-02,24.199016393442626,61
2013-07-03,24.35311475409836,61
2013-07-04,24.498852459016394,61
2013-07-05,24.23049180327869,61
2013-07-06,24.361639344262294,61
2013-07-07,24.36360655737705,61
2013-07-08,24.10081967213115,61
2013-07-09,24.188360655737704,61
2013-07-10,24.215737704918034,61
2013-07-11,24.151147540983608,61
2013-07-12,24.058852459016393,61
2013-07-13,23.91655737704918,61
2013-07-14,23.847704918032786,61
2013-07-15,24.03737704918033,61
2013-07-16,24.016229508196723,61
2013-07-17,23.83655737704918,61
2013-07-18,23.603934426229507,61
2013-07-19,23.506065573770492,61
2013-07-20,23.45245901639344,61
2013-07-21,23.548196721311477,61
2013-07-22,23.510327868852457,61
2013-07-23,23.43737704918033,61
2013-07-24,23.730983606557377,61
2013-07-25,23.784426229508195,61
2013-07-26,23.488032786885245,61
2013-07-27,23.349999999999998,61
2013-07-28,23.435081967213115,61
2013-07-29,23.585081967213117,61
2013-07-30,23.624590163934425,61
2013-07-31,23.388688524590165,61
2013-08-01,23.275409836065574,61
2013-08-02,23.23918032786885,61
2013-08-03,23.055245901639342,61
2013-08-04,23.125573770491805,61
2013-08-05,23.231639344262295,61
2013-08-06,23.408524590163935,61
2013-08-07,23.62934426229508,61
2013-08-08,23.486229508196722,61
2013-08-09,23.442622950819672,61
2013-08-10,23.48918032786885,61
2013-08-11,23.39688524590164,61
2013-08-12,23.41672131147541,61
2013-08-13,23.364426229508197,61
2013-08-14,23.55,61
2013-08-15,23.324590163934424,61
2013-08-16,23.217540983606558,61
2013-08-17,23.3072131147541,61
2013-08-18,23.425901639344264,61
2013-08-19,23.430983606557376,61
2013-08-20,23.479508196721312,61
2013-08-21,23.620163934426227,61
2013-08-22,23.396065573770493,61
2013-08-23,23.217377049180328,61
2013-08-24,23.56983606557377,61
2013-08-25,23.589016393442623,61
2013-08-26,23.086721311475408,61
2013-08-27,22.911475409836065,61
2013-08-28,22.854426229508196,61
2013-08-29,23.017213114754096,61
2013-08-30,22.90032786885246,61
2013-08-31,22.907540983606555,61
2013-09-01,23.114590163934427,61
2013-09-02,23.272295081967215,61
2013-09-03,23.362131147540982,61
2013-09-04,23.30934426229508,61
2013-09-05,23.278196721311478,61
2013-09-06,23.241803278688526,61
2013-09-07,23.18360655737705,61
2013-09-08,23.216065573770493,61
2013-09-09,23.16622950819672,61
2013-09-10,23.338196721311476,61
2013-09-11,23.262131147540984,61
2013-09-12,23.234426229508195,61
2013-09-13,23.17295081967213,61
2013-09-14,23.187868852459015,61
2013-09-15,23.121967213114754,61
2013-09-16,23.051475409836065,61
2013-09-17,23.06967213114754,61
2013-09-18,23.029836065573768,61
2013-09-19,23.017540983606555,61
2013-09-20,23.014918032786888,61
2013-09-21,23.147704918032787,61
2013-09-22,23.278688524590162,61
2013-09-23,23.323934426229506,61
2013-09-24,23.299672131147542,61
2013-09-25,23.280983606557378,61
2013-09-26,23.17983606557377,61
2013-09-27,23.271803278688523,61
2013-09-28,23.23639344262295,61
2013-09-29,23.339180327868853,61
2013-09-30,23.225573770491803,61
2013-10-01,23.321967213114757,61
2013-10-02,23.50934426229508,61
2013-10-03,23.68655737704918,61
2013-10-04,23.55016393442623,61
2013-10-05,23.284098360655737,61
2013-10-06,23.210819672131144,61
2013-10-07,22.99377049180328,61
2013-10-08,22.932622950819674,61
2013-10-09,22.837540983606555,61
2013-10-10,22.85852459016393,61
2013-10-11,22.791475409836064,61
2013-10-12,22.79344262295082,61
2013-10-13,22.88049180327869,61
2013-10-14,23.331147540983608,61
2013-10-15,23.384426229508197,61
2013-10-16,23.587377049180326,61
2013-10-17,23.91573770491803,61
2013-10-18,24.007704918032786,61
2013-10-19,23.92049180327869,61
2013-10-20,23.912459016393445,61
2013-10-21,23.997868852459014,61
2013-10-22,24.141147540983606,61
2013-10-23,24.31377049180328,61
2013-10-24,24.456885245901642,61
2013-10-25,24.498524590163935,61
2013-10-26,24.411311475409835,61
2013-10-27,24.511475409836066,61
2013-10-28,24.615573770491803,61
2013-10-29,24.664590163934427,61
2013-10-30,24.732786885245904,61
2013-10-31,24.747540983606555,61
2013-11-01,24.748196721311476,61
2013-11-02,24.791311475409834,61
2013-11-03,24.84688524590164,61
2013-11-04,24.77245901639344,61
2013-11-05,24.695245901639346,61
2013-11-06,24.432131147540982,61
2013-11-07,24.485081967213112,61
2013-11-08,24.49327868852459,61
2013-11-09,24.469180327868855,61
2013-11-10,24.412786885245904,61
2013-11-11,24.370819672131148,61
2013-11-12,24.616721311475413,61
2013-11-13,24.661475409836065,61
2013-11-14,24.82918032786885,61
2013-11-15,24.979016393442624,61
2013-11-16,25.00639344262295,61
2013-11-17,24.88967213114754,61
2013-11-18,25.00032786885246,61
2013-11-19,24.99065573770492,61
2013-11-20,24.983606557377048,61
2013-11-21,25.11409836065574,61
2013-11-22,25.209016393442624,61
2013-11-23,25.22393442622951,61
2013-11-24,25.28688524590164,61
2013-11-25,25.205737704918032,61
2013-11-26,25.127704918032787,61
2013-11-27,25.061311475409838,61
2013-11-28,24.975245901639344,61
2013-11-29,24.966229508196722,61
2013-11-30,24.902622950819673,61
2013-12-01,24.983770491803277,61
2013-12-02,24.778032786885248,61
2013-12-03,24.709016393442624,61
2013-12-04,24.94672131147541,61
2013-12-05,24.928852459016394,61
2013-12-06,24.879508196721314,61
2013-12-07,24.91622950819672,61
2013-12-08,24.84622950819672,61
2013-12-09,24.787704918032787,61
2013-12-10,24.987868852459016,61
2013-12-11,25.340819672131147,61
2013-12-12,25.644590163934424,61
2013-12-13,25.9944262295082,61
2013-12-14,26.115409836065574,61
2013-12-15,26.161147540983606,61
2013-12-16,26.092786885245904,61
2013-12-17,26.12737704918033,61
2013-12-18,26.146065573770493,61
2013-12-19,25.916065573770492,61
2013-12-20,25.865737704918033,61
2013-12-21,25.816885245901638,61
2013-12-22,26.063114754098358,61
2013-12-23,26.272786885245903,61
2013-12-24,26.455901639344262,61
2013-12-25,26.737540983606557,61
2013-12-26,26.691311475409837,61
2013-12-27,26.623606557377048,61
2013-12-28,26.86393442622951,61
2013-12-29,27.162295081967216,61
2013-12-30,27.225737704918032,61
2013-12-31,25.984262295081965,61
2014-01-01,25.88606557377049,61
2014-01-02,26.224754098360656,61
2014-01-03,26.491147540983608,61
2014-01-04,26.676065573770494,61
2014-01-05,26.75377049180328,61
2014-01-06,27.024262295081968,61
2014-01-07,27.18934426229508,61
2014-01-08,26.862786885245903,61
2014-01-09,26.478032786885247,61
2014-01-10,26.337377049180326,61
2014-01-11,26.568852459016394,61
2014-01-12,26.723278688524587,61
2014-01-13,26.694918032786887,61
2014-01-14,26.482459016393445,61
2014-01-15,26.196065573770493,61
2014-01-16,25.93344262295082,61
2014-01-17,25.79377049180328,61
2014-01-18,25.93327868852459,61
2014-01-19,26.33032786885246,61
2014-01-20,26.554262295081966,61
2014-01-21,26.58573770491803,61
2014-01-22,26.115737704918033,61
2014-01-23,25.520655737704917,61
2014-01-24,25.820983606557377,61
2014-01-25,26.209344262295083,61
2014-01-26,26.261803278688525,61
2014-01-27,26.07622950819672,61
2014-01-28,26.101639344262296,61
2014-01-29,26.421147540983608,61
2014-01-30,26.711147540983603,61
2014-01-31,26.694262295081966,61
2014-02-01,26.711803278688524,61
2014-02-02,26.91573770491803,61
2014-02-03,27.384262295081967,61
2014-02-04,27.827540983606557,61
2014-02-05,28.195245901639346,61
2014-02-06,28.125901639344264,61
2014-02-07,27.554590163934424,61
2014-02-08,27.38311475409836,61
2014-02-09,27.38983606557377,61
2014-02-10,27.37327868852459,61
2014-02-11,26.791803278688523,61
2014-02-12,26.082459016393443,61
2014-02-13,25.937704918032786,61
2014-02-14,26.13737704918033,61
2014-02-15,26.595901639344262,61
2014-02-16,27.35737704918033,61
2014-02-17,27.3927868852459,61
2014-02-18,27.55065573770492,61
2014-02-19,28.198852459016397,61
2014-02-20,28.32655737704918,61
2014-02-21,28.282295081967213,61
2014-02-22,28.402295081967214,61
2014-02-23,28.43901639344262,61
2014-02-24,28.15770491803279,61
2014-02-25,28.157868852459018,61
2014-02-26,28.076065573770492,61
2014-02-27,28.016229508196723,61
2014-02-28,27.97344262295082,61
2014-03-01,27.797049180327868,61
2014-03-02,27.84918032786885,61
2014-03-03,27.620983606557377,61
2014-03-04,27.29245901639344,61
2014-03-05,27.38754098360656,61
2014-03-06,27.571147540983606,61
2014-03-07,27.57344262295082,61
2014-03-08,27.29672131147541,61
2014-03-09,27.00901639344262,61
2014-03-10,26.98934426229508,61
2014-03-11,27.111147540983605,61
2014-03-12,27.385737704918032,61
2014-03-13,27.298524590163936,61
2014-03-14,27.18327868852459,61
2014-03-15,27.402295081967214,61
2014-03-16,27.73655737704918,61
2014-03-17,28.15590163934426,61
2014-03-18,28.4727868852459,61
2014-03-19,28.736229508196722,61
2014-03-20,29.159508196721312,61
2014-03-21,29.27737704918033,61
2014-03-22,29.60081967213115,61
2014-03-23,29.69688524590164,61
2014-03-24,29.785573770491805,61
2014-03-25,29.771803278688523,61
2014-03-26,29.574098360655736,61
2014-03-27,29.070819672131147,61
2014-03-28,28.97245901639344,61
2014-03-29,28.988360655737704,61
2014-03-30,28.751967213114753,61
2014-03-31,28.75688524590164,61
2014-04-01,28.658360655737706,61
2014-04-02,28.36754098360656,61
2014-04-03,28.23918032786885,61
2014-04-04,28.064426229508197,61
2014-04-05,27.633114754098358,61
2014-04-06,27.24409836065574,61
2014-04-07,27.229508196721312,61
2014-04-08,27.301639344262295,61
2014-04-09,27.432950819672133,61
2014-04-10,27.588852459016394,61
2014-04-11,27.553770491803277,61
2014-04-12,27.762131147540984,61
2014-04-13,27.969836065573773,61
2014-04-14,27.80049180327869,61
2014-04-15,27.60311475409836,61
2014-04-16,27.6127868852459,61
2014-04-17,27.659508196721312,61
2014-04-18,27.77967213114754,61
2014-04-19,27.9527868852459,61
2014-04-20,28.112622950819674,61
2014-04-21,28.23918032786885,61
2014-04-22,28.204754098360656,61
2014-04-23,28.71,61
2014-04-24,28.907377049180326,61
2014-04-25,28.365573770491803,61
2014-04-26,27.84950819672131,61
2014-04-27,27.57524590163934,61
2014-04-28,27.803934426229507,61
2014-04-29,27.685081967213115,61
2014-04-30,27.728524590163936,61
2014-05-01,27.766393442622952,61
2014-05-02,27.790819672131146,61
2014-05-03,27.734426229508195,61
2014-05-04,27.04245901639344,61
2014-05-05,27.08032786885246,61
2014-05-06,27.12737704918033,61
2014-05-07,27.23049180327869,61
2014-05-08,26.870327868852456,61
2014-05-09,26.677704918032784,61
2014-05-10,26.66590163934426,61
2014-05-11,26.371639344262295,61
2014-05-12,26.0844262295082,61
2014-05-13,26.04295081967213,61
2014-05-14,26.474590163934426,61
2014-05-15,26.217704918032787,61
2014-05-16,26.218360655737705,61
2014-05-17,26.33032786885246,61
2014-05-18,26.571803278688527,61
2014-05-19,26.89049180327869,61
2014-05-20,26.854590163934425,61
2014-05-21,26.6172131147541,61
2014-05-22,26.600983606557378,61
2014-05-23,26.708852459016395,61
2014-05-24,26.915901639344263,61
2014-05-25,26.717377049180328,61
2014-05-26,26.535081967213117,61
2014-05-27,26.502622950819674,61
2014-05-28,26.20311475409836,61
2014-05-29,26.19065573770492,61
2014-05-30,26.034262295081966,61
2014-05-31,26.10360655737705,61
2014-06-01,26.235245901639342,61
2014-06-02,26.090983606557376,61
2014-06-03,25.920983606557378,61
2014-06-04,25.870327868852456,61
2014-06-05,25.807540983606557,61
2014-06-06,25.682622950819674,61
2014-06-07,25.84967213114754,61
2014-06-08,26.01065573770492,61
2014-06-09,26.05295081967213,61
2014-06-10,25.84229508196721,61
2014-06-11,25.789672131147544,61
2014-06-12,25.57655737704918,61
2014-06-13,25.259999999999998,61
2014-06-14,25.211311475409836,61
2014-06-15,25.27918032786885,61
2014-06-16,25.247377049180326,61
2014-06-17,25.507213114754098,61
2014-06-18,25.074426229508195,61
2014-06-19,24.764098360655737,61
2014-06-20,24.798032786885248,61
2014-06-21,25.06983606557377,61
2014-06-22,24.96672131147541,61
2014-06-23,24.497213114754096,61
2014-06-24,24.380000000000003,61
2014-06-25,24.47377049180328,61
2014-06-26,24.787868852459017,61
2014-06-27,24.8672131147541,61
2014-06-28,24.82524590163934,61
2014-06-29,24.761639344262296,61
2014-06-30,24.724918032786885,61
2014-07-01,24.845409836065574,61
2014-07-02,24.85065573770492,61
2014-07-03,24.644754098360654,61
2014-07-04,24.697704918032787,61
2014-07-05,24.681311475409835,61
2014-07-06,24.593114754098362,61
2014-07-07,24.571639344262294,61
2014-07-08,24.254590163934427,61
2014-07-09,24.18606557377049,61
2014-07-10,24.24360655737705,61
2014-07-11,24.241311475409837,61
2014-07-12,24.120163934426227,61
2014-07-13,23.96688524590164,61
2014-07-14,23.926065573770494,61
2014-07-15,23.7444262295082,61
2014-07-16,23.60950819672131,61
2014-07-17,23.61409836065574,61
2014-07-18,23.569180327868853,61
2014-07-19,23.541803278688523,61
2014-07-20,23.5572131147541,61
2014-07-21,23.516229508196723,61
2014-07-22,23.428688524590164,61
2014-07-23,23.337540983606555,61
2014-07-24,23.205737704918032,61
2014-07-25,23.335409836065573,61
2014-07-26,23.586721311475408,61
2014-07-27,23.530327868852456,61
2014-07-28,23.711311475409833,61
2014-07-29,23.974098360655738,61
2014-07-30,23.83065573770492,61
2014-07-31,23.91377049180328,61
2014-08-01,23.951147540983605,61
2014-08-02,23.779999999999998,61
2014-08-03,23.709672131147542,61
2014-08-04,23.719672131147544,61
2014-08-05,23.82622950819672,61
2014-08-06,23.860491803278688,61
2014-08-07,24.037704918032787,61
2014-08-08,24.25672131147541,61
2014-08-09,24.25032786885246,61
2014-08-10,24.287868852459017,61
2014-08-11,24.227377049180326,61
2014-08-12,24.10311475409836,61
2014-08-13,23.764262295081966,61
2014-08-14,23.721475409836067,61
2014-08-15,23.611967213114752,61
2014-08-16,23.52016393442623,61
2014-08-17,23.5627868852459,61
2014-08-18,23.644426229508195,61
2014-08-19,23.483934426229506,61
2014-08-20,23.53344262295082,61
2014-08-21,23.66409836065574,61
2014-08-22,23.704262295081968,61
2014-08-23,23.86229508196721,61
2014-08-24,23.974918032786885,61
2014-08-25,24.01311475409836,61
2014-08-26,24.048688524590165,61
2014-08-27,24.129508196721314,61
2014-08-28,24.340655737704918,61
2014-08-29,24.201311475409835,61
2014-08-30,23.965081967213113,61
2014-08-31,23.889508196721312,61
2014-09-01,24.041311475409834,61
2014-09-02,24.465573770491805,61
2014-09-03,24.63049180327869,61
2014-09-04,24.502295081967215,61
2014-09-05,24.16688524590164,61
2014-09-06,24.105409836065576,61
2014-09-07,23.905245901639343,61
2014-09-08,24.04590163934426,61
2014-09-09,23.874426229508195,61
2014-09-10,23.830000000000002,61
2014-09-11,23.78672131147541,61
2014-09-12,23.82360655737705,61
2014-09-13,23.824918032786883,61
2014-09-14,23.798360655737707,61
2014-09-15,23.805081967213113,61
2014-09-16,23.771147540983605,61
2014-09-17,23.41672131147541,61
2014-09-18,23.491803278688526,61
2014-09-19,23.55639344262295,61
2014-09-20,23.74950819672131,61
2014-09-21,23.46655737704918,61
2014-09-22,23.17655737704918,61
2014-09-23,23.100163934426227,61
2014-09-24,23.137049180327868,61
2014-09-25,23.545245901639344,61
2014-09-26,23.545573770491803,61
2014-09-27,23.258360655737704,61
2014-09-28,23.218196721311475,61
2014-09-29,23.270655737704917,61
2014-09-30,23.466229508196722,61
2014-10-01,23.57573770491803,61
2014-10-02,23.554754098360654,61
2014-10-03,23.50934426229508,61
2014-10-04,23.481475409836065,61
2014-10-05,23.42459016393443,61
2014-10-06,23.443770491803278,61
2014-10-07,23.465901639344263,61
2014-10-08,23.371803278688525,61
2014-10-09,23.48639344262295,61
2014-10-10,23.460819672131144,61
2014-10-11,23.350327868852457,61
2014-10-12,23.274918032786886,61
2014-10-13,23.32016393442623,61
2014-10-14,23.290655737704917,61
2014-10-15,23.43327868852459,61
2014-10-16,24.181311475409835,61
2014-10-17,24.075901639344263,61
2014-10-18,23.738852459016393,61
2014-10-19,23.530327868852456,61
2014-10-20,23.536065573770493,61
2014-10-21,23.62311475409836,61
2014-10-22,23.663114754098363,61
2014-10-23,23.65032786885246,61
2014-10-24,23.585409836065573,61
2014-10-25,23.322950819672133,61
2014-10-26,23.274262295081968,61
2014-10-27,23.167868852459016,61
2014-10-28,23.05934426229508,61
2014-10-29,22.710491803278686,61
2014-10-30,22.79786885245902,61
2014-10-31,22.93229508196721,61
2014-11-01,22.78655737704918,61
2014-11-02,22.734098360655736,61
2014-11-03,22.85065573770492,61
2014-11-04,23.14344262295082,61
2014-11-05,23.067213114754097,61
2014-11-06,23.23704918032787,61
2014-11-07,23.417868852459016,61
2014-11-08,23.573278688524592,61
2014-11-09,23.252131147540986,61
2014-11-10,23.39295081967213,61
2014-11-11,23.70622950819672,61
2014-11-12,23.81967213114754,61
2014-11-13,23.83967213114754,61
2014-11-14,23.917213114754098,61
2014-11-15,24.3572131147541,61
2014-11-16,24.549344262295083,61
2014-11-17,24.484098360655736,61
2014-11-18,24.58639344262295,61
2014-11-19,24.682131147540982,61
2014-11-20,24.54344262295082,61
2014-11-21,24.394918032786883,61
2014-11-22,24.309016393442622,61
2014-11-23,24.272622950819674,61
2014-11-24,24.295573770491803,61
2014-11-25,24.426065573770494,61
2014-11-26,24.555901639344263,61
2014-11-27,24.50655737704918,61
2014-11-28,24.197868852459017,61
2014-11-29,24.110819672131147,61
2014-11-30,24.07524590163934,61
2014-12-01,24.09360655737705,61
2014-12-02,24.259999999999998,61
2014-12-03,24.404754098360655,61
2014-12-04,24.55049180327869,61
2014-12-05,24.790491803278687,61
2014-12-06,25.061147540983608,61
2014-12-07,25.03295081967213,61
2014-12-08,24.587049180327867,61
2014-12-09,24.42426229508197,61
2014-12-10,24.47065573770492,61
2014-12-11,24.467377049180328,61
2014-12-12,24.46950819672131,61
2014-12-13,24.66049180327869,61
2014-12-14,24.473278688524587,61
2014-12-15,24.625573770491805,61
2014-12-16,24.839016393442623,61
2014-12-17,24.72327868852459,61
2014-12-18,24.577213114754098,61
2014-12-19,24.32950819672131,61
2014-12-20,24.261147540983607,61
2014-12-21,24.35950819672131,61
2014-12-22,24.642295081967212,61
2014-12-23,24.652786885245902,61
2014-12-24,24.591967213114753,61
2014-12-25,24.571639344262294,61
2014-12-26,24.874590163934425,61
2014-12-27,26.283770491803278,61
2014-12-28,26.049016393442624,61
2014-12-29,25.80639344262295,61
2014-12-30,25.69360655737705,61
2014-12-31,25.42475409836066,61
2015-01-01,24.74967213114754,61
2015-01-02,24.70639344262295,61
2015-01-03,24.811803278688526,61
2015-01-04,25.037540983606558,61
2015-01-05,25.642131147540987,61
2015-01-06,25.855901639344264,61
2015-01-07,25.66672131147541,61
2015-01-08,25.504590163934427,61
2015-01-09,25.36377049180328,61
2015-01-10,25.799016393442624,61
2015-01-11,25.93622950819672,61
2015-01-12,26.001639344262294,61
2015-01-13,26.035245901639346,61
2015-01-14,26.211967213114754,61
2015-01-15,26.284754098360654,61
2015-01-16,26.287540983606558,61
2015-01-17,26.435081967213115,61
2015-01-18,26.80016393442623,61
2015-01-19,26.889016393442624,61
2015-01-20,26.609016393442623,61
2015-01-21,26.809508196721314,61
2015-01-22,27.098032786885245,61
2015-01-23,27.092131147540982,61
2015-01-24,27.104098360655737,61
2015-01-25,26.828196721311475,61
2015-01-26,26.373606557377048,61
2015-01-27,25.994918032786885,61
2015-01-28,26.079016393442622,61
2015-01-29,25.934918032786886,61
2015-01-30,26.151147540983608,61
2015-01-31,26.484426229508195,61
2015-02-01,26.81590163934426,61
2015-02-02,27.089016393442623,61
2015-02-03,27.088524590163935,61
2015-02-04,27.223278688524587,61
2015-02-05,27.582786885245902,61
2015-02-06,27.49081967213115,61
2015-02-07,27.28688524590164,61
2015-02-08,27.216065573770493,61
2015-02-09,27.662950819672133,61
2015-02-10,27.92065573770492,61
2015-02-11,28.28327868852459,61
2015-02-12,28.183114754098362,61
2015-02-13,27.662950819672133,61
2015-02-14,27.574426229508195,61
2015-02-15,27.72672131147541,61
2015-02-16,27.71344262295082,61
2015-02-17,27.780163934426227,61
2015-02-18,28.399836065573773,61
2015-02-19,28.540655737704917,61
2015-02-20,28.34622950819672,61
2015-02-21,27.705245901639344,61
2015-02-22,26.92967213114754,61
2015-02-23,26.5144262295082,61
2015-02-24,27.321475409836065,61
2015-02-25,27.625081967213113,61
2015-02-26,27.534262295081966,61
2015-02-27,27.57950819672131,61
2015-02-28,27.423934426229508,61
2015-03-01,27.361311475409835,61
2015-03-02,27.89672131147541,61
2015-03-03,28.379672131147544,61
2015-03-04,28.57,61
2015-03-05,28.408524590163935,61
2015-03-06,28.17475409836066,61
2015-03-07,28.42065573770492,61
2015-03-08,28.789016393442626,61
2015-03-09,28.97229508196721,61
2015-03-10,29.134426229508197,61
2015-03-11,28.981475409836065,61
2015-03-12,28.63622950819672,61
2015-03-13,27.341475409836065,61
2015-03-14,27.441475409836066,61
2015-03-15,27.52606557377049,61
2015-03-16,27.374262295081966,61
2015-03-17,27.29770491803279,61
2015-03-18,27.1172131147541,61
2015-03-19,27.06672131147541,61
2015-03-20,27.0527868852459,61
2015-03-21,26.95344262295082,61
2015-03-22,26.83311475409836,61
2015-03-23,27.025573770491803,61
2015-03-24,27.319180327868853,61
2015-03-25,27.159180327868853,61
2015-03-26,27.299180327868854,61
2015-03-27,27.672459016393443,61
2015-03-28,27.81655737704918,61
2015-03-29,27.324754098360653,61
2015-03-30,27.347213114754098,61
2015-03-31,27.490000000000002,61
2015-04-01,27.60655737704918,61
2015-04-02,27.868360655737707,61
2015-04-03,28.303606557377048,61
2015-04-04,28.438524590163933,61
2015-04-05,28.904590163934426,61
2015-04-06,28.999180327868853,61
2015-04-07,28.836885245901637,61
2015-04-08,29.015409836065576,61
2015-04-09,29.106229508196723,61
2015-04-10,29.36327868852459,61
2015-04-11,29.47606557377049,61
2015-04-12,28.301147540983603,61
2015-04-13,28.248360655737706,61
2015-04-14,28.210655737704915,61
2015-04-15,28.144590163934424,61
2015-04-16,28.08475409836066,61
2015-04-17,28.055573770491804,61
2015-04-18,27.960819672131144,61
2015-04-19,27.737540983606557,61
2015-04-20,27.481967213114757,61
2015-04-21,27.446229508196723,61
2015-04-22,27.83049180327869,61
2015-04-23,27.892131147540987,61
2015-04-24,27.869999999999997,61
2015-04-25,28.019344262295082,61
2015-04-26,28.188524590163933,61
2015-04-27,28.535245901639346,61
2015-04-28,28.58360655737705,61
2015-04-29,28.564426229508197,61
2015-04-30,28.28672131147541,61
2015-05-01,27.588360655737706,61
2015-05-02,27.502950819672133,61
2015-05-03,27.38229508196721,61
2015-05-04,27.347540983606557,61
2015-05-05,27.060000000000002,61
2015-05-06,27.087377049180326,61
2015-05-07,27.131147540983605,61
2015-05-08,26.88655737704918,61
2015-05-09,26.761311475409837,61
2015-05-10,26.75934426229508,61
2015-05-11,26.770491803278688,61
2015-05-12,26.715573770491805,61
2015-05-13,26.61655737704918,61
2015-05-14,26.591311475409835,61
2015-05-15,26.704262295081968,61
2015-05-16,26.785573770491805,61
2015-05-17,26.531311475409836,61
2015-05-18,26.164590163934427,61
2015-05-19,26.202950819672132,61
2015-05-20,26.026721311475413,61
2015-05-21,25.762295081967213,61
2015-05-22,25.80704918032787,61
2015-05-23,25.76344262295082,61
2015-05-24,25.461639344262295,61
2015-05-25,25.447868852459017,61
2015-05-26,25.32688524590164,61
2015-05-27,25.24311475409836,61
2015-05-28,25.051639344262295,61
2015-05-29,24.842295081967215,61
2015-05-30,24.971639344262293,61
2015-05-31,24.871475409836066,61
2015-06-01,24.742786885245902,61
2015-06-02,24.604918032786887,61
2015-06-03,24.639180327868853,61
2015-06-04,24.897868852459016,61
2015-06-05,25.031311475409836,61
2015-06-06,24.940327868852457,61
2015-06-07,24.841803278688523,61
2015-06-08,24.851475409836066,61
2015-06-09,24.27885245901639,61
2015-06-10,23.897704918032787,61
2015-06-11,23.807540983606557,61
2015-06-12,23.762622950819672,61
2015-06-13,23.98,61
2015-06-14,24.13606557377049,61
2015-06-15,24.1655737704918,61
2015-06-16,24.268852459016394,61
2015-06-17,24.41688524590164,61
2015-06-18,24.432459016393445,61
2015-06-19,24.591311475409835,61
2015-06-20,24.666065573770492,61
2015-06-21,24.587049180327867,61
2015-06-22,24.5127868852459,61
2015-06-23,24.562131147540985,61
2015-06-24,24.729508196721312,61
2015-06-25,24.794426229508197,61
2015-06-26,24.938032786885245,61
2015-06-27,25.017377049180325,61
2015-06-28,24.97393442622951,61
2015-06-29,24.668360655737704,61
2015-06-30,24.47098360655738,61
2015-07-01,24.50032786885246,61
2015-07-02,24.552131147540983,61
2015-07-03,24.598196721311474,61
2015-07-04,24.498688524590165,61
2015-07-05,24.378688524590164,61
2015-07-06,24.35934426229508,61
2015-07-07,24.36344262295082,61
2015-07-08,24.192622950819672,61
2015-07-09,23.904754098360655,61
2015-07-10,23.505409836065574,61
2015-07-11,23.555081967213113,61
2015-07-12,23.53704918032787,61
2015-07-13,23.742131147540984,61
2015-07-14,23.7772131147541,61
2015-07-15,23.82655737704918,61
2015-07-16,23.77016393442623,61
2015-07-17,23.864918032786886,61
2015-07-18,24.177868852459014,61
2015-07-19,24.070819672131147,61
2015-07-20,24.014918032786888,61
2015-07-21,23.768196721311472,61
2015-07-22,23.639016393442624,61
2015-07-23,23.625901639344264,61
2015-07-24,23.461967213114754,61
2015-07-25,23.418524590163933,61
2015-07-26,23.537540983606558,61
2015-07-27,23.851311475409837,61
2015-07-28,24.005081967213115,61
2015-07-29,24.06098360655738,61
2015-07-30,24.13737704918033,61
2015-07-31,23.977868852459018,61
2015-08-01,23.887213114754097,61
2015-08-02,23.905245901639343,61
2015-08-03,23.85081967213115,61
2015-08-04,23.88229508196721,61
2015-08-05,23.86,61
2015-08-06,23.865081967213115,61
2015-08-07,23.88245901639344,61
2015-08-08,23.40049180327869,61
2015-08-09,23.114262295081968,61
2015-08-10,23.111803278688523,61
2015-08-11,23.393606557377048,61
2015-08-12,23.322950819672133,61
2015-08-13,23.242622950819673,61
2015-08-14,23.579016393442622,61
2015-08-15,23.91622950819672,61
2015-08-16,23.992786885245902,61
2015-08-17,23.970163934426232,61
2015-08-18,23.69655737704918,61
2015-08-19,23.24622950819672,61
2015-08-20,22.742131147540984,61
2015-08-21,22.552295081967213,61
2015-08-22,22.540491803278687,61
2015-08-23,22.40655737704918,61
2015-08-24,22.394098360655736,61
2015-08-25,22.64032786885246,61
2015-08-26,22.784098360655737,61
2015-08-27,22.704754098360656,61
2015-08-28,22.638852459016395,61
2015-08-29,22.763770491803278,61
2015-08-30,22.887868852459018,61
2015-08-31,22.811311475409838,61
2015-09-01,22.745409836065573,61
2015-09-02,22.788196721311476,61
2015-09-03,23.00639344262295,61
2015-09-04,23.337540983606555,61
2015-09-05,23.380163934426232,61
2015-09-06,23.14262295081967,61
2015-09-07,23.168196721311475,61
2015-09-08,23.589180327868853,61
2015-09-09,24.191475409836066,61
2015-09-10,24.01426229508197,61
2015-09-11,23.564426229508197,61
2015-09-12,23.280327868852456,61
2015-09-13,23.01360655737705,61
2015-09-14,22.874754098360654,61
2015-09-15,23.050819672131148,61
2015-09-16,23.488688524590163,61
2015-09-17,24.025409836065574,61
2015-09-18,24.584918032786888,61
2015-09-19,24.85327868852459,61
2015-09-20,24.418688524590163,61
2015-09-21,24.61360655737705,61
2015-09-22,25.030491803278686,61
2015-09-23,25.16360655737705,61
2015-09-24,24.96639344262295,61
2015-09-25,24.958196721311477,61
2015-09-26,24.856065573770493,61
2015-09-27,24.88295081967213,61
2015-09-28,25.004754098360657,61
2015-09-29,25.001803278688524,61
2015-09-30,24.93983606557377,61
2015-10-01,24.98918032786885,61
2015-10-02,24.992295081967214,61
2015-10-03,24.974590163934426,61
2015-10-04,24.85065573770492,61
2015-10-05,24.606393442622952,61
2015-10-06,24.507377049180327,61
2015-10-07,24.497377049180326,61
2015-10-08,24.804426229508195,61
2015-10-09,25.24426229508197,61
2015-10-10,25.528524590163933,61
2015-10-11,25.59983606557377,61
2015-10-12,25.47262295081967,61
2015-10-13,25.370163934426227,61
2015-10-14,25.208688524590166,61
2015-10-15,24.997213114754096,61
2015-10-16,24.93606557377049,61
2015-10-17,24.932950819672133,61
2015-10-18,24.902786885245902,61
2015-10-19,24.567377049180326,61
2015-10-20,24.190163934426227,61
2015-10-21,23.96344262295082,61
2015-10-22,24.381311475409834,61
2015-10-23,24.819508196721312,61
2015-10-24,24.88360655737705,61
2015-10-25,24.895901639344263,61
2015-10-26,25.005245901639345,61
2015-10-27,24.745245901639343,61
2015-10-28,24.95213114754098,61
2015-10-29,25.10344262295082,61
2015-10-30,25.246885245901638,61
2015-10-31,25.199180327868852,61
2015-11-01,25.01459016393443,61
2015-11-02,24.364754098360656,61
2015-11-03,24.144262295081965,61
2015-11-04,24.00393442622951,61
2015-11-05,24.052295081967213,61
2015-11-06,24.181803278688523,61
2015-11-07,24.191311475409837,61
2015-11-08,24.088688524590165,61
2015-11-09,24.129344262295085,61
2015-11-10,24.561147540983608,61
2015-11-11,24.919836065573772,61
2015-11-12,24.905409836065573,61
2015-11-13,24.90016393442623,61
2015-11-14,24.97377049180328,61
2015-11-15,24.944918032786887,61
2015-11-16,25.319016393442624,61
2015-11-17,25.065081967213114,61
2015-11-18,24.818852459016394,61
2015-11-19,24.79213114754098,61
2015-11-20,24.876065573770493,61
2015-11-21,25.221967213114752,61
2015-11-22,25.347540983606557,61
2015-11-23,25.49967213114754,61
2015-11-24,25.43229508196721,61
2015-11-25,25.291147540983605,61
2015-11-26,25.426065573770494,61
2015-11-27,25.438852459016392,61
2015-11-28,25.48049180327869,61
2015-11-29,25.410655737704918,61
2015-11-30,25.555737704918034,61
2015-12-01,25.40098360655738,61
2015-12-02,25.444590163934425,61
2015-12-03,25.5844262295082,61
2015-12-04,25.52786885245902,61
2015-12-05,25.341639344262294,61
2015-12-06,24.991147540983608,61
2015-12-07,24.594754098360657,61
2015-12-08,24.587540983606555,61
2015-12-09,24.651311475409837,61
2015-12-10,24.868360655737707,61
2015-12-11,24.73688524590164,61
2015-12-12,24.6072131147541,61
2015-12-13,24.52704918032787,61
2015-12-14,24.659180327868853,61
2015-12-15,24.686885245901642,61
2015-12-16,24.422131147540984,61
2015-12-17,24.224754098360656,61
2015-12-18,24.13770491803279,61
2015-12-19,23.681803278688523,61
2015-12-20,23.58983606557377,61
2015-12-21,23.52377049180328,61
2015-12-22,23.432786885245903,61
2015-12-23,23.77344262295082,61
2015-12-24,23.985081967213112,61
2015-12-25,24.16934426229508,61
2015-12-26,24.098196721311474,61
2015-12-27,24.49983606557377,61
2015-12-28,24.642131147540987,61
2015-12-29,24.62737704918033,61
2015-12-30,24.961639344262295,61
2015-12-31,25.068196721311477,61
2016-01-01,24.954918032786885,61
2016-01-02,24.888032786885248,61
2016-01-03,24.935081967213115,61
2016-01-04,25.044918032786885,61
2016-01-05,25.101475409836066,61
2016-01-06,24.821639344262298,61
2016-01-07,24.621803278688525,61
2016-01-08,25.06049180327869,61
2016-01-09,25.058852459016393,61
2016-01-10,24.755081967213115,61
2016-01-11,24.790655737704917,61
2016-01-12,24.660983606557377,61
2016-01-13,24.770491803278688,61
2016-01-14,25.15573770491803,61
2016-01-15,25.60459016393443,61
2016-01-16,26.040983606557376,61
2016-01-17,26.227377049180326,61
2016-01-18,25.80934426229508,61
2016-01-19,25.45704918032787,61
2016-01-20,25.04262295081967,61
2016-01-21,24.910655737704918,61
2016-01-22,24.975081967213114,61
2016-01-23,25.23639344262295,61
2016-01-24,25.431967213114753,61
2016-01-25,25.437868852459015,61
2016-01-26,25.43409836065574,61
2016-01-27,25.52885245901639,61
2016-01-28,25.785737704918034,61
2016-01-29,25.668032786885245,61
2016-01-30,25.362950819672132,61
2016-01-31,25.211967213114754,61
2016-02-01,25.014262295081966,61
2016-02-02,24.88360655737705,61
2016-02-03,25.274262295081968,61
2016-02-04,25.943770491803278,61
2016-02-05,26.170983606557378,61
2016-02-06,26.464098360655736,61
2016-02-07,26.75688524590164,61
2016-02-08,26.941475409836066,61
2016-02-09,27.168524590163933,61
2016-02-10,27.247213114754096,61
2016-02-11,27.13213114754098,61
2016-02-12,27.020819672131147,61
2016-02-13,26.698524590163935,61
2016-02-14,26.789016393442626,61
2016-02-15,27.27,61
2016-02-16,27.42377049180328,61
2016-02-17,27.29360655737705,61
2016-02-18,27.034918032786887,61
2016-02-19,26.96672131147541,61
2016-02-20,26.799508196721312,61
2016-02-21,26.54622950819672,61
2016-02-22,26.587377049180326,61
2016-02-23,26.214918032786883,61
2016-02-24,26.2127868852459,61
2016-02-25,26.254754098360657,61
2016-02-26,26.460163934426227,61
2016-02-27,26.525081967213115,61
2016-02-28,26.537540983606558,61
2016-02-29,26.69081967213115,61
2016-03-01,27.227213114754097,61
2016-03-02,27.715573770491805,61
2016-03-03,27.702950819672132,61
2016-03-04,27.544754098360656,61
2016-03-05,27.50672131147541,61
2016-03-06,27.34688524590164,61
2016-03-07,27.338688524590165,61
2016-03-08,27.15032786885246,61
2016-03-09,27.194262295081966,61
2016-03-10,27.41672131147541,61
2016-03-11,27.24049180327869,61
2016-03-12,26.917377049180327,61
2016-03-13,26.625573770491805,61
2016-03-14,26.392295081967212,61
2016-03-15,26.637049180327868,61
2016-03-16,26.47590163934426,61
2016-03-17,26.402786885245902,61
2016-03-18,26.649836065573773,61
2016-03-19,26.921639344262296,61
2016-03-20,26.53655737704918,61
2016-03-21,26.39934426229508,61
2016-03-22,26.300983606557374,61
2016-03-23,26.39688524590164,61
2016-03-24,27.018196721311472,61
2016-03-25,27.526885245901642,61
2016-03-26,27.52606557377049,61
2016-03-27,27.024918032786886,61
2016-03-28,26.72655737704918,61
2016-03-29,26.914426229508198,61
2016-03-30,27.0372131147541,61
2016-03-31,27.14147540983607,61
2016-04-01,26.991475409836067,61
2016-04-02,27.13032786885246,61
2016-04-03,27.17295081967213,61
2016-04-04,27.078524590163934,61
2016-04-05,26.849999999999998,61
2016-04-06,26.741639344262296,61
2016-04-07,26.778032786885248,61
2016-04-08,26.685737704918033,61
2016-04-09,26.696393442622952,61
2016-04-10,26.74622950819672,61
2016-04-11,26.938032786885245,61
2016-04-12,27.12344262295082,61
2016-04-13,27.239016393442622,61
2016-04-14,27.252295081967212,61
2016-04-15,27.10704918032787,61
2016-04-16,27.252459016393445,61
2016-04-17,27.64344262295082,61
2016-04-18,27.321475409836065,61
2016-04-19,27.44065573770492,61
2016-04-20,26.780983606557378,61
2016-04-21,26.86393442622951,61
2016-04-22,26.999180327868853,61
2016-04-23,26.930819672131147,61
2016-04-24,27.17295081967213,61
2016-04-25,27.363114754098362,61
2016-04-26,27.035737704918034,61
2016-04-27,26.905245901639343,61
2016-04-28,26.8127868852459,61
2016-04-29,26.856065573770493,61
2016-04-30,25.8072131147541,61
2016-05-01,25.964590163934425,61
2016-05-02,26.02737704918033,61
2016-05-03,25.913114754098363,61
2016-05-04,25.701311475409835,61
2016-05-05,26.11377049180328,61
2016-05-06,26.00377049180328,61
2016-05-07,26.184426229508198,61
2016-05-08,25.93622950819672,61
2016-05-09,25.714754098360654,61
2016-05-10,25.627868852459017,61
2016-05-11,25.683114754098362,61
2016-05-12,26.10704918032787,61
2016-05-13,26.454754098360656,61
2016-05-14,26.605409836065576,61
2016-05-15,26.5755737704918,61
2016-05-16,26.872131147540983,61
2016-05-17,26.780983606557378,61
2016-05-18,27.36967213114754,61
2016-05-19,26.22655737704918,61
2016-05-20,25.98918032786885,61
2016-05-21,25.840655737704918,61
2016-05-22,25.708032786885248,61
2016-05-23,25.823114754098363,61
2016-05-24,25.90606557377049,61
2016-05-25,25.058852459016393,61
2016-05-26,25.676885245901637,61
2016-05-27,25.95245901639344,61
2016-05-28,25.551475409836065,61
2016-05-29,25.31655737704918,61
2016-05-30,25.402786885245902,61
2016-05-31,25.55295081967213,61
2016-06-01,25.448524590163935,61
2016-06-02,25.57704918032787,61
2016-06-03,25.374098360655736,61
2016-06-04,25.32672131147541,61
2016-06-05,25.08327868852459,61
2016-06-06,25.052131147540983,61
2016-06-07,25.087213114754096,61
2016-06-08,24.771803278688523,61
2016-06-09,24.787540983606558,61
2016-06-10,24.838360655737706,61
2016-06-11,24.83622950819672,61
2016-06-12,25.122131147540983,61
2016-06-13,24.87311475409836,61
2016-06-14,24.88967213114754,61
2016-06-15,24.84393442622951,61
2016-06-16,25.24311475409836,61
2016-06-17,25.06098360655738,61
2016-06-18,25.072459016393445,61
2016-06-19,25.259999999999998,61
2016-06-20,25.458196721311477,61
2016-06-21,24.98704918032787,61
2016-06-22,24.896229508196722,61
2016-06-23,24.92311475409836,61
2016-06-24,24.895573770491804,61
2016-06-25,24.83459016393443,61
2016-06-26,24.793114754098358,61
2016-06-27,24.664918032786883,61
2016-06-28,25.020819672131147,61
2016-06-29,25.050983606557374,61
2016-06-30,25.191803278688525,61
2016-07-01,24.90081967213115,61
2016-07-02,24.721475409836067,61
2016-07-03,24.71,61
2016-07-04,24.776393442622954,61
2016-07-05,25.00655737704918,61
2016-07-06,25.016557377049182,61
2016-07-07,24.965737704918034,61
2016-07-08,25.152622950819673,61
2016-07-09,25.04639344262295,61
2016-07-10,25.29229508196721,61
2016-07-11,25.077377049180328,61
2016-07-12,24.89147540983607,61
2016-07-13,24.96311475409836,61
2016-07-14,24.809016393442622,61
2016-07-15,24.799016393442624,61
2016-07-16,24.780163934426227,61
2016-07-17,24.658196721311477,61
2016-07-18,24.70606557377049,61
2016-07-19,24.855573770491805,61
2016-07-20,24.855737704918035,61
2016-07-21,24.888688524590165,61
2016-07-22,24.884262295081967,61
2016-07-23,24.856065573770493,61
2016-07-24,24.271803278688523,61
2016-07-25,24.254426229508198,61
2016-07-26,24.540655737704917,61
2016-07-27,24.58983606557377,61
2016-07-28,24.518524590163935,61
2016-07-29,24.32524590163934,61
2016-07-30,24.4472131147541,61
2016-07-31,24.068688524590165,61
2016-08-01,23.838360655737706,61
2016-08-02,23.761475409836066,61
2016-08-03,23.681967213114753,61
2016-08-04,23.89295081967213,61
2016-08-05,23.98,61
2016-08-06,24.028524590163933,61
2016-08-07,23.817213114754097,61
2016-08-08,23.691639344262295,61
2016-08-09,23.56655737704918,61
2016-08-10,23.38229508196721,61
2016-08-11,23.442295081967213,61
2016-08-12,23.441147540983607,61
2016-08-13,23.36967213114754,61
2016-08-14,23.46639344262295,61
2016-08-15,23.501639344262294,61
2016-08-16,23.45245901639344,61
2016-08-17,23.47377049180328,61
2016-08-18,23.4527868852459,61
2016-08-19,23.288196721311476,61
2016-08-20,23.318524590163936,61
2016-08-21,23.305737704918034,61
2016-08-22,23.14344262295082,61
2016-08-23,23.057540983606557,61
2016-08-24,22.902295081967214,61
2016-08-25,23.185901639344262,61
2016-08-26,23.101147540983607,61
2016-08-27,22.981311475409836,61
2016-08-28,22.971967213114752,61
2016-08-29,22.884754098360656,61
2016-08-30,22.845409836065574,61
2016-08-31,22.949180327868852,61
2016-09-01,23.01950819672131,61
2016-09-02,23.053606557377048,61
2016-09-03,23.13065573770492,61
2016-09-04,23.24344262295082,61
2016-09-05,23.195573770491805,61
2016-09-06,23.164918032786883,61
2016-09-07,23.13672131147541,61
2016-09-08,23.12295081967213,61
2016-09-09,23.3672131147541,61
2016-09-10,23.322786885245904,61
2016-09-11,23.289508196721314,61
2016-09-12,23.068688524590165,61
2016-09-13,22.888688524590165,61
2016-09-14,22.94655737704918,61
2016-09-15,22.931639344262294,61
2016-09-16,22.937868852459015,61
2016-09-17,22.72590163934426,61
2016-09-18,22.630000000000003,61
2016-09-19,22.708196721311477,61
2016-09-20,22.68327868852459,61
2016-09-21,22.708360655737707,61
2016-09-22,22.680983606557376,61
2016-09-23,22.629016393442626,61
2016-09-24,22.625245901639346,61
2016-09-25,22.455901639344262,61
2016-09-26,22.35967213114754,61
2016-09-27,22.24032786885246,61
2016-09-28,22.304754098360654,61
2016-09-29,22.312295081967214,61
2016-09-30,22.4427868852459,61
2016-10-01,22.541147540983605,61
2016-10-02,22.50393442622951,61
2016-10-03,22.642295081967212,61
2016-10-04,22.88983606557377,61
2016-10-05,23.15311475409836,61
2016-10-06,23.70737704918033,61
2016-10-07,23.838852459016394,61
2016-10-08,23.324754098360653,61
2016-10-09,23.09393442622951,61
2016-10-10,23.07622950819672,61
2016-10-11,23.54688524590164,61
2016-10-12,24.221967213114752,61
2016-10-13,24.538360655737705,61
2016-10-14,24.427540983606555,61
2016-10-15,24.148360655737704,61
2016-10-16,24.091475409836065,61
2016-10-17,24.328196721311475,61
2016-10-18,24.051967213114754,61
2016-10-19,23.83098360655738,61
2016-10-20,23.60327868852459,61
2016-10-21,23.558360655737705,61
2016-10-22,23.924918032786888,61
2016-10-23,24.131967213114752,61
2016-10-24,23.66377049180328,61
2016-10-25,23.738524590163934,61
2016-10-26,24.185409836065574,61
2016-10-27,24.316885245901638,61
2016-10-28,24.29377049180328,61
2016-10-29,24.32918032786885,61
2016-10-30,24.437868852459015,61
2016-10-31,24.272786885245903,61
2016-11-01,24.055081967213113,61
2016-11-02,23.98967213114754,61
2016-11-03,23.965245901639346,61
2016-11-04,24.328196721311475,61
2016-11-05,24.661967213114757,61
2016-11-06,24.809672131147543,61
2016-11-07,24.620163934426227,61
2016-11-08,24.280327868852456,61
2016-11-09,23.817868852459018,61
2016-11-10,23.733442622950818,61
2016-11-11,23.614426229508197,61
2016-11-12,23.651311475409837,61
2016-11-13,23.711967213114754,61
2016-11-14,23.728196721311477,61
2016-11-15,23.77245901639344,61
2016-11-16,23.63622950819672,61
2016-11-17,23.458852459016395,61
2016-11-18,23.381803278688523,61
2016-11-19,23.478524590163936,61
2016-11-20,23.56393442622951,61
2016-11-21,23.408852459016394,61
2016-11-22,23.427377049180325,61
2016-11-23,23.72983606557377,61
2016-11-24,23.95311475409836,61
2016-11-25,24.38622950819672,61
2016-11-26,24.91655737704918,61
2016-11-27,25.24295081967213,61
2016-11-28,25.465081967213113,61
2016-11-29,25.22639344262295,61
2016-11-30,25.073114754098363,61
2016-12-01,24.950983606557376,61
2016-12-02,24.741475409836067,61
2016-12-03,24.814098360655738,61
2016-12-04,24.676721311475408,61
2016-12-05,24.427540983606555,61
2016-12-06,24.45672131147541,61
2016-12-07,24.57016393442623,61
2016-12-08,25.235245901639342,61
2016-12-09,25.778032786885248,61
2016-12-10,26.144918032786883,61
2016-12-11,25.909508196721312,61
2016-12-12,25.512295081967213,61
2016-12-13,25.229180327868853,61
2016-12-14,25.238360655737704,61
2016-12-15,25.47213114754098,61
2016-12-16,25.354754098360658,61
2016-12-17,25.769344262295082,61
2016-12-18,26.08295081967213,61
2016-12-19,26.175737704918035,61
2016-12-20,25.8727868852459,61
2016-12-21,25.841639344262294,61
2016-12-22,25.851147540983607,61
2016-12-23,25.795081967213115,61
2016-12-24,25.62655737704918,61
2016-12-25,25.445573770491805,61
2016-12-26,25.282622950819672,61
2016-12-27,25.27327868852459,61
2016-12-28,25.154590163934426,61
2016-12-29,25.083934426229508,61
2016-12-30,24.92344262295082,61
2016-12-31,24.8727868852459,61
2017-01-01,25.115737704918033,61
2017-01-02,25.346721311475413,122
2017-01-03,26.05344262295082,61
2017-01-04,26.215737704918034,61
2017-01-05,25.539508196721314,61
2017-01-06,24.469836065573773,61
2017-01-07,24.37688524590164,61
2017-01-08,24.29360655737705,61
2017-01-09,24.394918032786883,61
2017-01-10,24.869836065573768,61
2017-01-11,24.385737704918032,61
2017-01-12,24.1327868852459,61
2017-01-13,24.370327868852456,61
2017-01-14,24.29590163934426,61
2017-01-15,24.36016393442623,61
2017-01-16,24.517049180327867,61
2017-01-17,24.70754098360656,61
2017-01-18,25.584098360655737,61
2017-01-19,25.464426229508195,61
2017-01-20,24.495081967213114,61
2017-01-21,24.29983606557377,61
2017-01-22,25.345901639344262,61
2017-01-23,25.735901639344263,61
2017-01-24,26.034590163934425,61
2017-01-25,26.531147540983607,61
2017-01-26,26.815245901639344,61
2017-01-27,26.815081967213114,61
2017-01-28,26.324098360655736,61
2017-01-29,26.00573770491803,61
2017-01-30,27.09704918032787,61
2017-01-31,27.635409836065573,61
2017-02-01,27.93032786885246,61
2017-02-02,28.01459016393443,61
2017-02-03,28.50655737704918,61
2017-02-04,28.007868852459016,61
2017-02-05,27.75967213114754,61
2017-02-06,27.766557377049182,61
2017-02-07,27.922459016393443,61
2017-02-08,28.76672131147541,61
2017-02-09,28.857868852459013,61
2017-02-10,26.888688524590165,61
2017-02-11,27.235737704918034,61
2017-02-12,27.64540983606557,61
2017-02-13,27.18901639344262,61
2017-02-14,26.148032786885246,61
2017-02-15,26.693934426229507,61
2017-02-16,27.331803278688525,61
2017-02-17,28.212295081967213,61
2017-02-18,28.778032786885248,61
2017-02-19,28.38770491803279,61
2017-02-20,28.79213114754098,61
2017-02-21,28.492295081967214,61
2017-02-22,28.49032786885246,61
2017-02-23,28.741803278688526,61
2017-02-24,28.82,61
2017-02-25,29.02016393442623,61
2017-02-26,28.685245901639345,61
2017-02-27,28.768196721311472,61
2017-02-28,28.709672131147542,61
2017-03-01,29.057377049180328,61
2017-03-02,29.335409836065573,61
2017-03-03,29.282131147540984,61
2017-03-04,29.438852459016392,61
2017-03-05,29.272131147540982,61
2017-03-06,29.346393442622947,61
2017-03-07,29.655573770491802,61
2017-03-08,29.31377049180328,61
2017-03-09,29.050819672131148,61
2017-03-10,28.73639344262295,61
2017-03-11,28.586721311475408,61
2017-03-12,28.387213114754097,61
2017-03-13,28.30295081967213,61
2017-03-14,28.082622950819673,61
2017-03-15,27.92016393442623,61
2017-03-16,28.103934426229507,61
2017-03-17,28.082622950819673,61
2017-03-18,27.56983606557377,61
2017-03-19,27.724754098360656,61
2017-03-20,27.67475409836066,61
2017-03-21,27.541639344262293,61
2017-03-22,27.44868852459016,61
2017-03-23,27.18639344262295,61
2017-03-24,26.729344262295083,61
2017-03-25,26.63754098360656,61
2017-03-26,26.83032786885246,61
2017-03-27,27.064426229508197,61
2017-03-28,27.357704918032788,61
2017-03-29,27.42032786885246,61
2017-03-30,27.60655737704918,61
2017-03-31,27.86754098360656,61
2017-04-01,28.2627868852459,61
2017-04-02,28.597868852459015,61
2017-04-03,28.539836065573773,61
2017-04-04,28.405245901639343,61
2017-04-05,28.417540983606557,61
2017-04-06,28.34393442622951,61
2017-04-07,28.201639344262293,61
2017-04-08,28.188196721311474,61
2017-04-09,29.01360655737705,61
2017-04-10,28.977868852459018,61
2017-04-11,28.965573770491805,61
2017-04-12,29.159344262295082,61
2017-04-13,28.77786885245902,61
2017-04-14,28.409016393442624,61
2017-04-15,28.06081967213115,61
2017-04-16,27.770983606557376,61
2017-04-17,27.72245901639344,61
2017-04-18,27.63622950819672,61
2017-04-19,27.508688524590163,61
2017-04-20,27.430491803278688,61
2017-04-21,27.33622950819672,61
2017-04-22,27.27655737704918,61
2017-04-23,27.3544262295082,61
2017-04-24,27.36770491803279,61
2017-04-25,27.41672131147541,61
2017-04-26,27.705081967213115,61
2017-04-27,27.84688524590164,61
2017-04-28,27.540983606557376,61
2017-04-29,27.278032786885248,61
2017-04-30,27.143606557377048,61
2017-05-01,27.07540983606557,61
2017-05-02,26.7972131147541,61
2017-05-03,26.688524590163933,61
2017-05-04,26.731311475409836,61
2017-05-05,26.791639344262293,61
2017-05-06,26.8916393442623,61
2017-05-07,26.84688524590164,61
2017-05-08,26.895737704918034,61
2017-05-09,27.11622950819672,61
2017-05-10,27.08360655737705,61
2017-05-11,26.975409836065573,61
2017-05-12,26.649672131147543,61
2017-05-13,26.49081967213115,61
2017-05-14,26.431967213114753,61
2017-05-15,26.333934426229508,61
2017-05-16,26.492459016393443,61
2017-05-17,26.608032786885243,61
2017-05-18,26.745081967213114,61
2017-05-19,26.533770491803278,61
2017-05-20,26.30672131147541,61
2017-05-21,26.140983606557377,61
2017-05-22,25.90639344262295,61
2017-05-23,25.785409836065575,61
2017-05-24,25.727868852459018,61
2017-05-25,25.791311475409834,61
2017-05-26,25.847377049180327,61
2017-05-27,25.90065573770492,61
2017-05-28,25.95737704918033,61
2017-05-29,25.688688524590162,61
2017-05-30,25.837540983606555,61
2017-05-31,25.842622950819674,61
2017-06-01,25.855081967213117,61
2017-06-02,25.93934426229508,61
2017-06-03,25.83426229508197,61
2017-06-04,25.684426229508198,61
2017-06-05,25.40098360655738,61
2017-06-06,25.58475409836066,61
2017-06-07,25.60655737704918,61
2017-06-08,25.311475409836067,61
2017-06-09,25.294426229508197,61
2017-06-10,25.41622950819672,61
2017-06-11,25.778196721311478,61
2017-06-12,25.538524590163934,61
2017-06-13,25.52901639344262,61
2017-06-14,25.54754098360656,61
2017-06-15,25.558032786885246,61
2017-06-16,25.9372131147541,61
2017-06-17,25.913114754098363,61
2017-06-18,25.758196721311474,61
2017-06-19,25.61622950819672,61
2017-06-20,25.75967213114754,61
2017-06-21,25.823114754098363,61
2017-06-22,25.23983606557377,61
2017-06-23,24.908688524590165,61
2017-06-24,24.83360655737705,61
2017-06-25,24.786229508196723,61
2017-06-26,24.54,61
2017-06-27,24.18754098360656,61
2017-06-28,24.063114754098358,61
2017-06-29,23.88393442622951,61
2017-06-30,23.851803278688525,61
2017-07-01,23.884754098360656,61
2017-07-02,23.61377049180328,61
2017-07-03,23.61934426229508,61
2017-07-04,23.507540983606557,61
2017-07-05,23.442459016393443,61
2017-07-06,23.335573770491802,61
2017-07-07,23.407049180327867,61
2017-07-08,22.651311475409837,61
2017-07-09,22.938196721311474,61
2017-07-10,23.501147540983606,61
2017-07-11,23.455573770491803,61
2017-07-12,23.42950819672131,61
2017-07-13,23.40967213114754,61
2017-07-14,23.385409836065573,61
2017-07-15,23.45606557377049,61
2017-07-16,23.44311475409836,61
2017-07-17,23.5,61
2017-07-18,23.479344262295083,61
2017-07-19,23.588852459016394,61
2017-07-20,23.464098360655736,61
2017-07-21,23.41918032786885,61
2017-07-22,23.286065573770493,61
2017-07-23,23.14327868852459,61
2017-07-24,23.084918032786888,61
2017-07-25,23.145245901639342,61
2017-07-26,23.197704918032787,61
2017-07-27,23.341639344262294,61
2017-07-28,23.49049180327869,61
2017-07-29,23.18918032786885,61
2017-07-30,23.051475409836065,61
2017-07-31,22.99967213114754,61
2017-08-01,22.9872131147541,61
2017-08-02,22.746885245901638,61
2017-08-03,22.745573770491802,61
2017-08-04,22.961147540983603,61
2017-08-05,22.99032786885246,61
2017-08-06,23.118196721311477,61
2017-08-07,23.126065573770493,61
2017-08-08,23.33573770491803,61
2017-08-09,22.871311475409836,61
2017-08-10,22.69065573770492,61
2017-08-11,22.592622950819674,61
2017-08-12,22.635573770491803,61
2017-08-13,22.859180327868852,61
2017-08-14,22.771147540983605,61
2017-08-15,22.569508196721312,61
2017-08-16,22.33081967213115,61
2017-08-17,22.380163934426232,61
2017-08-18,22.4572131147541,61
2017-08-19,22.49950819672131,61
2017-08-20,22.69081967213115,61
2017-08-21,22.709508196721313,61
2017-08-22,22.692295081967213,61
2017-08-23,22.571475409836065,61
2017-08-24,22.512295081967213,61
2017-08-25,22.41639344262295,61
2017-08-26,22.408196721311477,61
2017-08-27,22.72229508196721,61
2017-08-28,22.92426229508197,61
2017-08-29,22.874262295081966,61
2017-08-30,22.862950819672132,61
2017-08-31,22.79672131147541,61
2017-09-01,22.75,61
2017-09-02,22.66360655737705,61
2017-09-03,22.67327868852459,61
2017-09-04,22.85967213114754,61
2017-09-05,22.979508196721312,61
2017-09-06,23.081803278688525,61
2017-09-07,23.118852459016395,61
2017-09-08,23.10459016393443,61
2017-09-09,23.09901639344262,61
2017-09-10,23.034098360655737,61
2017-09-11,23.004754098360657,61
2017-09-12,22.850327868852457,61
2017-09-13,23.126065573770493,61
2017-09-14,23.471967213114752,61
2017-09-15,23.733442622950818,61
2017-09-16,23.818360655737706,61
2017-09-17,23.68983606557377,61
2017-09-18,23.608688524590164,61
2017-09-19,23.60737704918033,61
2017-09-20,23.606229508196723,61
2017-09-21,23.553606557377048,61
2017-09-22,23.32377049180328,61
2017-09-23,23.285737704918034,61
2017-09-24,23.37327868852459,61
2017-09-25,23.434590163934427,61
2017-09-26,23.36409836065574,61
2017-09-27,23.317213114754097,61
2017-09-28,23.225409836065573,61
2017-09-29,23.08065573770492,61
2017-09-30,23.088032786885243,61
2017-10-01,23.313442622950816,61
2017-10-02,23.43606557377049,61
2017-10-03,23.33295081967213,61
2017-10-04,23.110491803278688,61
2017-10-05,23.186557377049184,61
2017-10-06,23.174098360655737,61
2017-10-07,23.074262295081965,61
2017-10-08,23.103770491803278,61
2017-10-09,23.171639344262296,61
2017-10-10,23.45655737704918,61
2017-10-11,23.440983606557378,61
2017-10-12,23.469180327868852,61
2017-10-13,23.495409836065573,61
2017-10-14,23.450327868852458,61
2017-10-15,23.44327868852459,61
2017-10-16,23.282295081967213,61
2017-10-17,23.14688524590164,61
2017-10-18,23.03295081967213,61
2017-10-19,22.921639344262296,61
2017-10-20,23.00606557377049,61
2017-10-21,23.041639344262293,61
2017-10-22,22.983934426229506,61
2017-10-23,23.162622950819674,61
2017-10-24,23.261967213114755,61
2017-10-25,23.262622950819672,61
2017-10-26,22.866557377049183,61
2017-10-27,22.655409836065573,61
2017-10-28,22.49377049180328,61
2017-10-29,22.562295081967214,61
2017-10-30,23.030983606557378,61
2017-10-31,23.437704918032786,61
2017-11-01,23.82344262295082,61
2017-11-02,23.84918032786885,61
2017-11-03,23.92360655737705,61
2017-11-04,23.84377049180328,61
2017-11-05,23.998196721311476,61
2017-11-06,24.041311475409834,61
2017-11-07,24.17639344262295,61
2017-11-08,24.402622950819673,61
2017-11-09,24.416065573770492,61
2017-11-10,24.346393442622954,61
2017-11-11,24.299508196721312,61
2017-11-12,24.045245901639344,61
2017-11-13,23.884590163934426,61
2017-11-14,23.912950819672133,61
2017-11-15,24.241475409836067,61
2017-11-16,24.46639344262295,61
2017-11-17,24.50967213114754,61
2017-11-18,24.364262295081968,61
2017-11-19,24.37344262295082,61
2017-11-20,24.23655737704918,61
2017-11-21,24.518524590163935,61
2017-11-22,24.51065573770492,61
2017-11-23,24.89950819672131,61
2017-11-24,24.958032786885248,61
2017-11-25,24.833934426229508,61
2017-11-26,24.70688524590164,61
2017-11-27,24.385573770491803,61
2017-11-28,24.21704918032787,61
2017-11-29,24.01032786885246,61
2017-11-30,24.201147540983605,61
2017-12-01,24.39950819672131,61
2017-12-02,24.47065573770492,61
2017-12-03,24.537704918032787,61
2017-12-04,24.837704918032784,61
2017-12-05,24.736229508196722,61
2017-12-06,24.82032786885246,61
2017-12-07,25.054262295081966,61
2017-12-08,24.91901639344262,61
2017-12-09,25.086721311475408,61
2017-12-10,25.2027868852459,61
2017-12-11,25.269180327868852,61
2017-12-12,25.25606557377049,61
2017-12-13,25.33311475409836,61
2017-12-14,25.26081967213115,61
2017-12-15,25.02655737704918,61
2017-12-16,24.82,61
2017-12-17,24.72655737704918,61
2017-12-18,24.574754098360653,61
2017-12-19,24.539836065573773,61
2017-12-20,24.783770491803278,61
2017-12-21,25.11393442622951,61
2017-12-22,25.258032786885245,61
2017-12-23,25.47213114754098,61
2017-12-24,25.69311475409836,61
2017-12-25,25.813278688524587,61
2017-12-26,26.31606557377049,61
2017-12-27,25.789016393442626,61
2017-12-28,25.262459016393443,61
2017-12-29,25.238032786885245,61
2017-12-30,25.06049180327869,61
2017-12-31,25.241475409836067,122
2018-01-01,25.752131147540986,61
2018-01-02,26.50049180327869,61
2018-01-03,26.58327868852459,61
2018-01-04,26.824590163934424,61
2018-01-05,26.842622950819674,61
2018-01-06,26.57049180327869,61
2018-01-07,26.61344262295082,61
2018-01-08,26.235901639344263,61
2018-01-09,26.231311475409836,61
2018-01-10,26.264098360655737,61
2018-01-11,26.125081967213116,61
2018-01-12,25.96655737704918,61
2018-01-13,26.175245901639347,61
2018-01-14,26.884262295081967,61
2018-01-15,27.239016393442622,61
2018-01-16,27.19344262295082,61
2018-01-17,27.200655737704917,61
2018-01-18,27.43754098360656,61
2018-01-19,27.734098360655736,61
2018-01-20,28.36229508196721,61
2018-01-21,28.40672131147541,61
2018-01-22,28.502459016393445,61
2018-01-23,28.511639344262296,61
2018-01-24,28.130163934426232,61
2018-01-25,27.368360655737707,61
2018-01-26,27.32655737704918,61
2018-01-27,27.40672131147541,61
2018-01-28,26.82934426229508,61
2018-01-29,26.729508196721312,61
2018-01-30,26.77622950819672,61
2018-01-31,26.671967213114755,61
2018-02-01,26.56590163934426,61
2018-02-02,26.42622950819672,61
2018-02-03,25.924918032786888,61
2018-02-04,25.748032786885247,61
2018-02-05,25.329016393442622,61
2018-02-06,25.764098360655737,61
2018-02-07,26.05704918032787,61
2018-02-08,26.004590163934427,61
2018-02-09,25.997540983606555,61
2018-02-10,26.09409836065574,61
2018-02-11,26.474918032786885,61
2018-02-12,26.948360655737705,61
2018-02-13,27.35311475409836,61
2018-02-14,27.685245901639345,61
2018-02-15,27.86,61
2018-02-16,27.72114754098361,61
2018-02-17,27.444098360655737,61
2018-02-18,27.102459016393443,61
2018-02-19,26.645573770491804,61
2018-02-20,26.271639344262294,61
2018-02-21,25.94672131147541,61
2018-02-22,26.286229508196723,61
2018-02-23,26.676065573770494,61
2018-02-24,26.730655737704918,61
2018-02-25,26.925409836065576,61
2018-02-26,26.86393442622951,61
2018-02-27,26.677540983606555,61
2018-02-28,26.663278688524592,61
2018-03-01,26.342786885245904,61
2018-03-02,26.405409836065573,61
2018-03-03,26.901803278688526,61
2018-03-04,27.201311475409835,61
2018-03-05,27.454262295081968,61
2018-03-06,27.695409836065576,61
2018-03-07,28.058688524590163,61
2018-03-08,27.947704918032787,61
2018-03-09,27.819016393442624,61
2018-03-10,28.13262295081967,61
2018-03-11,28.551967213114754,61
2018-03-12,28.53737704918033,61
2018-03-13,28.809344262295085,61
2018-03-14,28.995573770491802,61
2018-03-15,28.63049180327869,61
2018-03-16,28.38213114754098,61
2018-03-17,28.067704918032785,61
2018-03-18,28.135245901639344,61
2018-03-19,28.408524590163935,61
2018-03-20,28.67983606557377,61
2018-03-21,28.59983606557377,61
2018-03-22,29.13262295081967,61
2018-03-23,29.25672131147541,61
2018-03-24,28.923934426229508,61
2018-03-25,28.903606557377053,61
2018-03-26,28.931967213114753,61
2018-03-27,28.79639344262295,61
2018-03-28,28.824098360655736,61
2018-03-29,28.719508196721314,61
2018-03-30,28.25655737704918,61
2018-03-31,28.32983606557377,61
2018-04-01,28.205737704918032,61
2018-04-02,28.393606557377048,61
2018-04-03,28.676721311475408,61
2018-04-04,28.8927868852459,61
2018-04-05,28.80049180327869,61
2018-04-06,28.38590163934426,61
2018-04-07,28.281967213114754,61
2018-04-08,28.010163934426227,61
2018-04-09,27.809508196721314,61
2018-04-10,27.385573770491803,61
2018-04-11,27.08573770491803,61
2018-04-12,27.055081967213113,61
2018-04-13,26.862950819672132,61
2018-04-14,27.05688524590164,61
2018-04-15,27.327540983606557,61
2018-04-16,27.448032786885246,61
2018-04-17,27.49983606557377,61
2018-04-18,27.455245901639344,61
2018-04-19,27.62672131147541,61
2018-04-20,27.403606557377046,61
2018-04-21,27.615901639344262,61
2018-04-22,27.65672131147541,61
2018-04-23,27.640819672131148,61
2018-04-24,27.65016393442623,61
2018-04-25,27.39344262295082,61
2018-04-26,27.375081967213116,61
2018-04-27,27.321639344262294,61
2018-04-28,27.280163934426227,61
2018-04-29,27.2627868852459,61
2018-04-30,27.24655737704918,61
2018-05-01,27.445573770491805,61
2018-05-02,27.652459016393443,61
2018-05-03,27.511147540983607,61
2018-05-04,27.287704918032787,61
2018-05-05,27.295573770491803,61
2018-05-06,27.460655737704915,61
2018-05-07,27.24950819672131,61
2018-05-08,27.224262295081967,61
2018-05-09,27.23,61
2018-05-10,27.411803278688524,61
2018-05-11,27.57622950819672,61
2018-05-12,27.27885245901639,61
2018-05-13,27.008196721311474,61
2018-05-14,26.719508196721314,61
2018-05-15,26.592622950819674,61
2018-05-16,26.645245901639342,61
2018-05-17,26.58377049180328,61
2018-05-18,26.561475409836067,61
2018-05-19,26.389508196721312,61
2018-05-20,26.284754098360654,61
2018-05-21,26.04786885245902,61
2018-05-22,26.05016393442623,61
2018-05-23,26.10655737704918,61
2018-05-24,26.17016393442623,61
2018-05-25,26.09,61
2018-05-26,26.02032786885246,61
2018-05-27,25.758524590163933,61
2018-05-28,25.67065573770492,61
2018-05-29,25.590491803278688,61
2018-05-30,25.842622950819674,61
2018-05-31,25.83622950819672,61
2018-06-01,25.74622950819672,61
2018-06-02,25.809508196721314,61
2018-06-03,26.50606557377049,61
2018-06-04,26.45016393442623,61
2018-06-05,25.81606557377049,61
2018-06-06,25.422459016393443,61
2018-06-07,25.511639344262296,61
2018-06-08,25.577377049180328,61
2018-06-09,25.58360655737705,61
2018-06-10,25.497704918032785,61
2018-06-11,25.51344262295082,61
2018-06-12,25.314590163934426,61
2018-06-13,25.16901639344262,61
2018-06-14,25.01459016393443,61
2018-06-15,25.00606557377049,61
2018-06-16,25.18393442622951,61
2018-06-17,25.281475409836066,61
2018-06-18,25.039180327868856,61
2018-06-19,24.940819672131145,61
2018-06-20,24.778688524590162,61
2018-06-21,24.735081967213112,61
2018-06-22,24.39032786885246,61
2018-06-23,24.374918032786887,61
2018-06-24,24.16590163934426,61
2018-06-25,24.017377049180325,61
2018-06-26,23.969672131147544,61
2018-06-27,23.928032786885243,61
2018-06-28,24.184426229508198,61
2018-06-29,24.0327868852459,61
2018-06-30,23.987377049180328,61
2018-07-01,24.09918032786885,61
2018-07-02,23.982950819672133,61
2018-07-03,23.622295081967213,61
2018-07-04,23.444262295081966,61
2018-07-05,23.515901639344264,61
2018-07-06,23.484426229508195,61
2018-07-07,23.52344262295082,61
2018-07-08,23.631967213114752,61
2018-07-09,23.708196721311477,61
2018-07-10,23.76295081967213,61
2018-07-11,23.794426229508197,61
2018-07-12,23.799180327868854,61
2018-07-13,23.78360655737705,61
2018-07-14,23.657049180327867,61
2018-07-15,23.479344262295083,61
2018-07-16,23.351147540983607,61
2018-07-17,23.381803278688523,61
2018-07-18,23.498688524590165,61
2018-07-19,23.331803278688525,61
2018-07-20,23.346393442622954,61
2018-07-21,23.205573770491803,61
2018-07-22,23.1327868852459,61
2018-07-23,23.19885245901639,61
2018-07-24,23.288032786885246,61
2018-07-25,23.358032786885243,61
2018-07-26,23.380819672131146,61
2018-07-27,23.481803278688528,61
2018-07-28,23.417213114754098,61
2018-07-29,23.437704918032786,61
2018-07-30,23.511639344262296,61
2018-07-31,23.17081967213115,61
2018-08-01,23.08098360655738,61
2018-08-02,22.992131147540984,61
2018-08-03,23.016557377049182,61
2018-08-04,22.929180327868853,61
2018-08-05,22.8672131147541,61
2018-08-06,23.07672131147541,61
2018-08-07,23.045409836065573,61
2018-08-08,23.032622950819672,61
2018-08-09,23.144918032786883,61
2018-08-10,22.907540983606555,61
2018-08-11,22.841475409836065,61
2018-08-12,22.752950819672133,61
2018-08-13,22.717704918032787,61
2018-08-14,22.75360655737705,61
2018-08-15,22.74049180327869,61
2018-08-16,22.827377049180328,61
2018-08-17,22.824098360655736,61
2018-08-18,22.916229508196718,61
2018-08-19,22.987377049180328,61
2018-08-20,23.118196721311477,61
2018-08-21,23.00606557377049,61
2018-08-22,22.79655737704918,61
2018-08-23,22.815245901639344,61
2018-08-24,22.81098360655738,61
2018-08-25,22.87688524590164,61
2018-08-26,22.947704918032787,61
2018-08-27,22.90672131147541,61
2018-08-28,22.90377049180328,61
2018-08-29,22.70213114754098,61
2018-08-30,22.553606557377048,61
2018-08-31,22.541311475409834,61
2018-09-01,22.58065573770492,61
2018-09-02,22.548032786885248,61
2018-09-03,22.35983606557377,61
2018-09-04,22.249016393442623,61
2018-09-05,22.008524590163933,61
2018-09-06,21.869836065573768,61
2018-09-07,21.705409836065574,61
2018-09-08,21.469508196721314,61
2018-09-09,21.537704918032787,61
2018-09-10,21.440491803278686,61
2018-09-11,21.483442622950818,61
2018-09-12,21.42311475409836,61
2018-09-13,21.56393442622951,61
2018-09-14,21.571311475409836,61
2018-09-15,21.57655737704918,61
2018-09-16,21.611475409836064,61
2018-09-17,21.38590163934426,61
2018-09-18,21.384426229508197,61
2018-09-19,21.544754098360656,61
2018-09-20,21.904918032786885,61
2018-09-21,22.215737704918034,61
2018-09-22,22.345737704918033,61
2018-09-23,22.407868852459018,61
2018-09-24,22.516393442622952,61
2018-09-25,22.488360655737704,61
2018-09-26,22.24032786885246,61
2018-09-27,22.037540983606558,61
2018-09-28,22.038196721311476,61
2018-09-29,22.271639344262294,61
2018-09-30,22.31295081967213,61
2018-10-01,22.445901639344264,61
2018-10-02,22.621311475409836,61
2018-10-03,22.779836065573768,61
2018-10-04,22.821967213114753,61
2018-10-05,22.896229508196722,61
2018-10-06,22.85737704918033,61
2018-10-07,22.831311475409837,61
2018-10-08,22.772131147540982,61
2018-10-09,22.80311475409836,61
2018-10-10,22.83950819672131,61
2018-10-11,22.874426229508195,61
2018-10-12,22.955245901639344,61
2018-10-13,22.917540983606557,61
2018-10-14,22.885737704918032,61
2018-10-15,22.877540983606558,61
2018-10-16,22.771967213114753,61
2018-10-17,22.742295081967214,61
2018-10-18,22.86639344262295,61
2018-10-19,22.82049180327869,61
2018-10-20,22.71327868852459,61
2018-10-21,22.635081967213114,61
2018-10-22,22.82672131147541,61
2018-10-23,22.838360655737706,61
2018-10-24,22.769344262295082,61
2018-10-25,22.786065573770493,61
2018-10-26,22.79344262295082,61
2018-10-27,22.850163934426227,61
2018-10-28,22.91639344262295,61
2018-10-29,22.757704918032786,61
2018-10-30,22.892131147540987,61
2018-10-31,22.91950819672131,61
2018-11-01,22.717377049180328,61
2018-11-02,22.767868852459014,61
2018-11-03,22.84344262295082,61
2018-11-04,22.871147540983607,61
2018-11-05,22.736065573770492,61
2018-11-06,22.62704918032787,61
2018-11-07,22.710491803278686,61
2018-11-08,22.77622950819672,61
2018-11-09,22.507213114754098,61
2018-11-10,22.391967213114757,61
2018-11-11,22.336885245901637,61
2018-11-12,22.34704918032787,61
2018-11-13,22.549344262295083,61
2018-11-14,23.038196721311476,61
2018-11-15,23.22770491803279,61
2018-11-16,23.65967213114754,61
2018-11-17,23.728688524590165,61
2018-11-18,23.484590163934424,61
2018-11-19,23.16590163934426,61
2018-11-20,22.975245901639344,61
2018-11-21,22.81081967213115,61
2018-11-22,22.79016393442623,61
2018-11-23,22.791803278688523,61
2018-11-24,22.78295081967213,61
2018-11-25,22.68901639344262,61
2018-11-26,22.667540983606557,61
2018-11-27,22.604426229508196,61
2018-11-28,22.438032786885245,61
2018-11-29,22.45770491803279,61
2018-11-30,22.49065573770492,61
2018-12-01,22.467377049180328,61
2018-12-02,22.564098360655738,61
2018-12-03,22.614918032786886,61
2018-12-04,22.535081967213117,61
2018-12-05,22.620655737704915,61
2018-12-06,22.76065573770492,61
2018-12-07,23.011311475409837,61
2018-12-08,23.007377049180327,61
2018-12-09,23.02639344262295,61
2018-12-10,22.980655737704918,61
2018-12-11,22.92,61
2018-12-12,22.91573770491803,61
2018-12-13,22.83065573770492,61
2018-12-14,22.805901639344263,61
2018-12-15,22.72032786885246,61
2018-12-16,22.59934426229508,61
2018-12-17,22.555245901639342,61
2018-12-18,22.589016393442623,61
2018-12-19,22.8255737704918,61
2018-12-20,23.087540983606555,61
2018-12-21,23.418196721311475,61
2018-12-22,23.569508196721312,61
2018-12-23,23.912622950819674,61
2018-12-24,24.337377049180326,61
2018-12-25,24.624098360655736,61
2018-12-26,24.958688524590166,61
2018-12-27,24.27901639344262,61
2018-12-28,23.85327868852459,61
2018-12-29,23.765737704918035,61
2018-12-30,23.82688524590164,61
2018-12-31,23.90049180327869,61
2019-01-01,23.95737704918033,122
2019-01-02,23.91983606557377,61
2019-01-03,23.95770491803279,61
2019-01-04,24.265737704918035,61
2019-01-05,24.561475409836067,61
2019-01-06,24.83475409836066,61
2019-01-07,25.23655737704918,61
2019-01-08,25.322459016393445,61
2019-01-09,25.252295081967215,61
2019-01-10,24.969016393442622,61
2019-01-11,24.556229508196722,61
2019-01-12,24.61,61
2019-01-13,24.719180327868855,61
2019-01-14,24.425901639344264,61
2019-01-15,24.59344262295082,61
2019-01-16,24.623606557377048,61
2019-01-17,24.91918032786885,61
2019-01-18,25.155081967213114,61
2019-01-19,25.13311475409836,61
2019-01-20,25.677377049180325,61
2019-01-21,25.59918032786885,61
2019-01-22,25.144754098360654,61
2019-01-23,24.88754098360656,61
2019-01-24,24.662295081967216,61
2019-01-25,24.612131147540982,61
2019-01-26,25.52409836065574,61
2019-01-27,25.713770491803277,61
2019-01-28,25.896229508196722,61
2019-01-29,26.20327868852459,61
2019-01-30,26.500983606557377,61
2019-01-31,26.552295081967213,61
2019-02-01,26.59983606557377,61
2019-02-02,26.74622950819672,61
2019-02-03,26.75704918032787,61
2019-02-04,26.418196721311475,61
2019-02-05,25.70655737704918,61
2019-02-06,25.67032786885246,61
2019-02-07,25.654426229508196,61
2019-02-08,25.840491803278688,61
2019-02-09,26.058032786885246,61
2019-02-10,26.242131147540984,61
2019-02-11,26.686885245901642,61
2019-02-12,26.8,61
2019-02-13,26.79606557377049,61
2019-02-14,26.680491803278688,61
2019-02-15,26.50590163934426,61
2019-02-16,26.40672131147541,61
2019-02-17,26.024262295081968,61
2019-02-18,26.114754098360656,61
2019-02-19,25.889508196721312,61
2019-02-20,25.850491803278686,61
2019-02-21,25.766065573770494,61
2019-02-22,25.84426229508197,61
2019-02-23,25.912622950819674,61
2019-02-24,25.800819672131148,61
2019-02-25,25.965901639344263,61
2019-02-26,25.66049180327869,61
2019-02-27,25.54360655737705,61
2019-02-28,25.356229508196723,61
2019-03-01,25.4727868852459,61
2019-03-02,25.638524590163936,61
2019-03-03,26.06622950819672,61
2019-03-04,26.37934426229508,61
2019-03-05,26.937868852459015,61
2019-03-06,27.01081967213115,61
2019-03-07,27.020983606557376,61
2019-03-08,27.139016393442624,61
2019-03-09,27.139508196721312,61
2019-03-10,27.025573770491803,61
2019-03-11,26.959672131147542,61
2019-03-12,27.288360655737705,61
2019-03-13,27.979180327868853,61
2019-03-14,28.002131147540982,61
2019-03-15,28.01983606557377,61
2019-03-16,28.018196721311472,61
2019-03-17,27.58377049180328,61
2019-03-18,27.260983606557378,61
2019-03-19,27.20393442622951,61
2019-03-20,27.214590163934425,61
2019-03-21,27.18344262295082,61
2019-03-22,27.320983606557377,61
2019-03-23,27.430819672131147,61
2019-03-24,28.3027868852459,61
2019-03-25,28.58967213114754,61
2019-03-26,28.19950819672131,61
2019-03-27,28.225573770491803,61
2019-03-28,28.427540983606555,61
2019-03-29,28.67459016393443,61
2019-03-30,29.228196721311477,61
2019-03-31,29.645245901639342,61
2019-04-01,29.350163934426227,61
2019-04-02,29.221475409836067,61
2019-04-03,28.95311475409836,61
2019-04-04,28.508852459016392,61
2019-04-05,28.346065573770492,61
2019-04-06,28.06262295081967,61
2019-04-07,28.14639344262295,61
2019-04-08,28.14295081967213,61
2019-04-09,28.202950819672132,61
2019-04-10,28.10360655737705,61
2019-04-11,28.090819672131147,61
2019-04-12,28.058032786885246,61
2019-04-13,28.114262295081968,61
2019-04-14,28.109016393442623,61
2019-04-15,27.986229508196722,61
2019-04-16,27.83409836065574,61
2019-04-17,27.802131147540983,61
2019-04-18,27.65573770491803,61
2019-04-19,27.258852459016392,61
2019-04-20,26.582459016393443,61
2019-04-21,26.151803278688526,61
2019-04-22,26.216229508196722,61
2019-04-23,26.430983606557376,61
2019-04-24,26.546885245901642,61
2019-04-25,26.61655737704918,61
2019-04-26,26.682786885245903,61
2019-04-27,26.663278688524592,61
2019-04-28,26.876065573770493,61
2019-04-29,27.21311475409836,61
2019-04-30,26.791147540983605,61
2019-05-01,26.64065573770492,61
2019-05-02,26.451803278688523,61
2019-05-03,26.503114754098362,61
2019-05-04,26.506065573770492,61
2019-05-05,26.440163934426227,61
2019-05-06,26.331475409836067,61
2019-05-07,26.27786885245902,61
2019-05-08,26.311639344262296,61
2019-05-09,25.974918032786885,61
2019-05-10,25.574754098360653,61
2019-05-11,25.72393442622951,61
2019-05-12,25.863114754098362,61
2019-05-13,26.23049180327869,61
2019-05-14,26.092950819672133,61
2019-05-15,26.251639344262294,61
2019-05-16,26.412622950819674,61
2019-05-17,26.11622950819672,61
2019-05-18,25.96672131147541,61
2019-05-19,25.954590163934427,61
2019-05-20,26.008524590163933,61
2019-05-21,25.977213114754097,61
2019-05-22,25.94868852459016,61
2019-05-23,26.163278688524592,61
2019-05-24,26.137049180327868,61
2019-05-25,26.07049180327869,61
2019-05-26,26.044262295081968,61
2019-05-27,26.110819672131147,61
2019-05-28,26.218688524590164,61
2019-05-29,26.03655737704918,61
2019-05-30,26.011475409836066,61
2019-05-31,25.688196721311474,61
2019-06-01,25.305245901639342,61
2019-06-02,25.031639344262295,61
2019-06-03,24.77770491803279,61
2019-06-04,24.731967213114757,61
2019-06-05,24.705573770491803,61
2019-06-06,24.907540983606555,61
2019-06-07,24.95639344262295,61
2019-06-08,24.50032786885246,61
2019-06-09,24.47606557377049,61
2019-06-10,24.427213114754096,61
2019-06-11,24.567868852459018,61
2019-06-12,24.448360655737705,61
2019-06-13,24.468360655737705,61
2019-06-14,24.376065573770493,61
2019-06-15,24.254754098360657,61
2019-06-16,24.651311475409837,61
2019-06-17,24.41409836065574,61
2019-06-18,24.284590163934425,61
2019-06-19,24.110655737704917,61
2019-06-20,23.968524590163934,61
2019-06-21,23.930491803278688,61
2019-06-22,23.931803278688523,61
2019-06-23,24.029999999999998,61
2019-06-24,24.144426229508195,61
2019-06-25,24.40573770491803,61
2019-06-26,24.41672131147541,61
2019-06-27,23.95016393442623,61
2019-06-28,23.980983606557377,61
2019-06-29,23.814754098360655,61
2019-06-30,23.929180327868853,61
2019-07-01,24.178196721311473,61
2019-07-02,24.294262295081968,61
2019-07-03,24.35983606557377,61
2019-07-04,24.13245901639344,61
2019-07-05,23.694754098360658,61
2019-07-06,23.596065573770492,61
2019-07-07,23.340819672131147,61
2019-07-08,23.484918032786883,61
2019-07-09,23.425573770491805,61
2019-07-10,23.61655737704918,61
2019-07-11,23.41672131147541,61
2019-07-12,23.40032786885246,61
2019-07-13,23.44983606557377,61
2019-07-14,23.27032786885246,61
2019-07-15,23.275245901639344,61
2019-07-16,23.09901639344262,61
2019-07-17,22.90967213114754,61
2019-07-18,22.960655737704915,61
2019-07-19,22.995573770491802,61
2019-07-20,22.99098360655738,61
2019-07-21,22.95229508196721,61
2019-07-22,22.862622950819674,61
2019-07-23,22.870163934426227,61
2019-07-24,22.947704918032787,61
2019-07-25,23.092459016393445,61
2019-07-26,23.11704918032787,61
2019-07-27,23.17475409836066,61
2019-07-28,22.991803278688526,61
2019-07-29,22.95377049180328,61
2019-07-30,23.00950819672131,61
2019-07-31,23.040327868852458,61
2019-08-01,23.00934426229508,61
2019-08-02,22.991803278688526,61
2019-08-03,23.05655737704918,61
2019-08-04,23.037704918032787,61
2019-08-05,22.996885245901638,61
2019-08-06,22.97098360655738,61
2019-08-07,22.705245901639344,61
2019-08-08,22.54229508196721,61
2019-08-09,22.421803278688525,61
2019-08-10,22.548852459016395,61
2019-08-11,22.84344262295082,61
2019-08-12,22.89344262295082,61
2019-08-13,22.918852459016392,61
2019-08-14,22.802459016393442,61
2019-08-15,22.77655737704918,61
2019-08-16,22.65590163934426,61
2019-08-17,22.40295081967213,61
2019-08-18,22.363114754098362,61
2019-08-19,22.218360655737705,61
2019-08-20,22.01426229508197,61
2019-08-21,22.114426229508197,61
2019-08-22,22.340819672131147,61
2019-08-23,22.328360655737704,61
2019-08-24,22.23983606557377,61
2019-08-25,22.141803278688528,61
2019-08-26,22.179016393442623,61
2019-08-27,22.199016393442626,61
2019-08-28,22.248196721311476,61
2019-08-29,22.418032786885245,61
2019-08-30,22.572131147540986,61
2019-08-31,22.618360655737707,61
2019-09-01,22.66639344262295,61
2019-09-02,22.574262295081965,61
2019-09-03,22.42049180327869,61
2019-09-04,22.251311475409835,61
2019-09-05,22.28704918032787,61
2019-09-06,22.328524590163934,61
2019-09-07,22.302131147540983,61
2019-09-08,22.475245901639344,61
2019-09-09,22.6272131147541,61
2019-09-10,22.76459016393443,61
2019-09-11,22.910819672131147,61
2019-09-12,22.93377049180328,61
2019-09-13,22.92016393442623,61
2019-09-14,23.035081967213117,61
2019-09-15,23.112786885245903,61
2019-09-16,23.20786885245902,61
2019-09-17,23.168196721311475,61
2019-09-18,23.06377049180328,61
2019-09-19,22.884918032786885,61
2019-09-20,22.74327868852459,61
2019-09-21,22.72754098360656,61
2019-09-22,22.871475409836066,61
2019-09-23,23.016065573770494,61
2019-09-24,23.070983606557377,61
2019-09-25,23.135245901639344,61
2019-09-26,23.35852459016393,61
2019-09-27,23.337540983606555,61
2019-09-28,23.329016393442622,61
2019-09-29,23.225409836065573,61
2019-09-30,23.264426229508196,61
2019-10-01,23.407377049180326,61
2019-10-02,23.513770491803278,61
2019-10-03,23.61770491803279,61
2019-10-04,23.25016393442623,61
2019-10-05,23.02655737704918,61
2019-10-06,23.00983606557377,61
2019-10-07,23.08590163934426,61
2019-10-08,23.141967213114757,61
2019-10-09,23.190983606557378,61
2019-10-10,23.25672131147541,61
2019-10-11,23.241967213114755,61
2019-10-12,23.062131147540985,61
2019-10-13,22.748360655737706,61
2019-10-14,22.746885245901638,61
2019-10-15,22.79983606557377,61
2019-10-16,22.88983606557377,61
2019-10-17,23.005245901639345,61
2019-10-18,23.128360655737705,61
2019-10-19,23.25393442622951,61
2019-10-20,23.41377049180328,61
2019-10-21,23.38737704918033,61
2019-10-22,23.38344262295082,61
2019-10-23,23.11770491803279,61
2019-10-24,22.7927868852459,61
2019-10-25,22.91901639344262,61
2019-10-26,23.130819672131146,61
2019-10-27,23.4527868852459,61
2019-10-28,23.696065573770493,61
2019-10-29,23.778688524590162,61
2019-10-30,23.690163934426227,61
2019-10-31,23.429344262295082,61
2019-11-01,23.225409836065573,61
2019-11-02,23.16344262295082,61
2019-11-03,23.2355737704918,61
2019-11-04,23.26426229508197,61
2019-11-05,23.343114754098362,61
2019-11-06,23.704754098360656,61
2019-11-07,23.794590163934426,61
2019-11-08,23.946229508196723,61
2019-11-09,24.18327868852459,61
2019-11-10,24.338360655737706,61
2019-11-11,24.104918032786887,61
2019-11-12,24.1027868852459,61
2019-11-13,24.135081967213114,61
2019-11-14,24.33360655737705,61
2019-11-15,24.497540983606555,61
2019-11-16,24.39295081967213,61
2019-11-17,24.279836065573768,61
2019-11-18,24.218852459016393,61
2019-11-19,24.232786885245904,61
2019-11-20,24.388852459016395,61
2019-11-21,24.474098360655738,61
2019-11-22,24.479508196721312,61
2019-11-23,24.56032786885246,61
2019-11-24,24.548360655737707,61
2019-11-25,24.475737704918032,61
2019-11-26,24.474754098360656,61
2019-11-27,24.634426229508197,61
2019-11-28,24.730983606557377,61
2019-11-29,24.70344262295082,61
2019-11-30,24.92622950819672,61
2019-12-01,25.767704918032784,61
2019-12-02,26.087377049180326,61
2019-12-03,26.048196721311477,61
2019-12-04,26.018852459016394,61
2019-12-05,25.8972131147541,61
2019-12-06,25.816885245901638,61
2019-12-07,25.832459016393443,61
2019-12-08,25.45245901639344,61
2019-12-09,25.011967213114755,61
2019-12-10,25.20377049180328,61
2019-12-11,25.267868852459014,61
2019-12-12,25.567868852459018,61
2019-12-13,25.66016393442623,61
2019-12-14,25.78327868852459,61
2019-12-15,25.8255737704918,61
2019-12-16,25.88065573770492,61
2019-12-17,25.81262295081967,61
2019-12-18,25.80262295081967,61
2019-12-19,25.93360655737705,61
2019-12-20,25.876393442622952,61
2019-12-21,25.55311475409836,61
2019-12-22,25.869016393442624,61
2019-12-23,25.877868852459017,61
2019-12-24,26.208852459016395,61
2019-12-25,26.365081967213115,61
2019-12-26,26.664754098360653,61
2019-12-27,26.79590163934426,61
2019-12-28,26.987540983606557,61
2019-12-29,26.89016393442623,61
2019-12-30,26.862459016393444,61
2019-12-31,27.11934426229508,61
2020-01-01,26.677868852459014,122
2020-01-02,26.511147540983607,61
2020-01-03,25.818032786885247,61
2020-01-04,25.729016393442624,61
2020-01-05,25.816885245901638,61
2020-01-06,26.500983606557377,61
2020-01-07,26.825901639344263,61
2020-01-08,26.605737704918035,61
2020-01-09,26.42377049180328,61
2020-01-10,26.809508196721314,61
2020-01-11,26.995081967213114,61
2020-01-12,27.58098360655738,61
2020-01-13,27.464262295081966,61
2020-01-14,27.49081967213115,61
2020-01-15,27.90049180327869,61
2020-01-16,28.151311475409837,61
2020-01-17,27.997213114754096,61
2020-01-18,27.936885245901642,61
2020-01-19,27.74081967213115,61
2020-01-20,27.56245901639344,61
2020-01-21,27.10655737704918,61
2020-01-22,26.85737704918033,61
2020-01-23,27.25655737704918,61
2020-01-24,27.14934426229508,61
2020-01-25,27.30262295081967,61
2020-01-26,27.403278688524587,61
2020-01-27,27.379508196721314,61
2020-01-28,27.391311475409836,61
2020-01-29,27.189999999999998,61
2020-01-30,26.649836065573773,61
2020-01-31,26.25377049180328,61
2020-02-01,26.22213114754098,61
2020-02-02,26.128852459016393,61
2020-02-03,26.028360655737707,61
2020-02-04,26.327540983606557,61
2020-02-05,26.463606557377048,61
2020-02-06,26.365737704918033,61
2020-02-07,26.23950819672131,61
2020-02-08,25.82524590163934,61
2020-02-09,25.880983606557376,61
2020-02-10,25.90606557377049,61
2020-02-11,26.16983606557377,61
2020-02-12,26.04016393442623,61
2020-02-13,26.211147540983607,61
2020-02-14,26.128360655737705,61
2020-02-15,26.299180327868854,61
2020-02-16,26.30016393442623,61
2020-02-17,26.242295081967214,61
2020-02-18,26.229344262295083,61
2020-02-19,26.628196721311475,61
2020-02-20,26.841967213114753,61
2020-02-21,26.677377049180325,61
2020-02-22,26.811475409836067,61
2020-02-23,26.991803278688526,61
2020-02-24,26.975573770491803,61
2020-02-25,26.94081967213115,61
2020-02-26,26.731803278688528,61
2020-02-27,26.47967213114754,61
2020-02-28,26.58360655737705,61
2020-02-29,26.826065573770492,61
2020-03-01,27.005409836065574,61
2020-03-02,27.091311475409835,61
2020-03-03,27.36622950819672,61
2020-03-04,27.72622950819672,61
2020-03-05,27.65065573770492,61
2020-03-06,27.46655737704918,61
2020-03-07,27.289180327868856,61
2020-03-08,27.154754098360655,61
2020-03-09,26.97590163934426,61
2020-03-10,27.11032786885246,61
2020-03-11,27.20786885245902,61
2020-03-12,27.467540983606558,61
2020-03-13,27.30704918032787,61
2020-03-14,27.627868852459017,61
2020-03-15,27.709344262295083,61
2020-03-16,27.861803278688523,61
2020-03-17,27.62327868852459,61
2020-03-18,27.530327868852456,61
2020-03-19,27.619016393442624,61
2020-03-20,27.78655737704918,61
2020-03-21,28.094918032786886,61
2020-03-22,28.402295081967214,61
2020-03-23,28.651967213114755,61
2020-03-24,28.823114754098363,61
2020-03-25,28.949016393442626,61
2020-03-26,28.857540983606558,61
2020-03-27,28.718360655737705,61
2020-03-28,28.648688524590163,61
2020-03-29,28.648524590163934,61
2020-03-30,28.615409836065574,61
2020-03-31,28.02262295081967,61
2020-04-01,27.560000000000002,61
2020-04-02,27.483934426229506,61
2020-04-03,27.698524590163935,61
2020-04-04,27.89,61
2020-04-05,28.27622950819672,61
2020-04-06,28.442459016393443,61
2020-04-07,28.437868852459015,61
2020-04-08,28.388852459016395,61
2020-04-09,28.304426229508195,61
2020-04-10,28.298032786885248,61
2020-04-11,28.500655737704918,61
2020-04-12,28.620819672131145,61
2020-04-13,28.647704918032787,61
2020-04-14,28.776885245901642,61
2020-04-15,28.784098360655737,61
2020-04-16,28.905245901639343,61
2020-04-17,28.65672131147541,61
2020-04-18,28.658852459016394,61
2020-04-19,28.67327868852459,61
2020-04-20,28.42622950819672,61
2020-04-21,28.11770491803279,61
2020-04-22,28.35327868852459,61
2020-04-23,28.704262295081968,61
2020-04-24,28.701639344262293,61
2020-04-25,28.61262295081967,61
2020-04-26,28.601967213114754,61
2020-04-27,28.413278688524592,61
2020-04-28,28.08950819672131,61
2020-04-29,27.97098360655738,61
2020-04-30,27.922622950819672,61
2020-05-01,27.898688524590163,61
2020-05-02,27.87688524590164,61
2020-05-03,27.83016393442623,61
2020-05-04,27.875573770491805,61
2020-05-05,27.98049180327869,61
2020-05-06,27.985901639344263,61
2020-05-07,27.927377049180325,61
2020-05-08,27.95639344262295,61
2020-05-09,27.799344262295083,61
2020-05-10,27.59409836065574,61
2020-05-11,27.603770491803278,61
2020-05-12,27.6272131147541,61
2020-05-13,27.82967213114754,61
2020-05-14,27.47327868852459,61
2020-05-15,27.370819672131145,61
2020-05-16,27.20770491803279,61
2020-05-17,27.19311475409836,61
2020-05-18,27.248196721311476,61
2020-05-19,27.178524590163935,61
2020-05-20,27.111803278688523,61
2020-05-21,26.805573770491804,61
2020-05-22,26.592622950819674,61
2020-05-23,27.11754098360656,61
2020-05-24,26.895573770491804,61
2020-05-25,26.48655737704918,61
2020-05-26,26.347377049180327,61
2020-05-27,26.097868852459015,61
2020-05-28,25.961311475409833,61
2020-05-29,26.04229508196721,61
2020-05-30,26.09934426229508,61
2020-05-31,26.121967213114754,61
2020-06-01,25.931311475409835,61
2020-06-02,25.994754098360655,61
2020-06-03,26.02245901639344,61
2020-06-04,26.078196721311475,61
2020-06-05,26.02770491803279,61
2020-06-06,25.94967213114754,61
2020-06-07,25.981967213114757,61
2020-06-08,25.969344262295085,61
2020-06-09,25.871475409836066,61
2020-06-10,25.861147540983605,61
2020-06-11,25.848524590163933,61
2020-06-12,25.74016393442623,61
2020-06-13,25.607704918032788,61
2020-06-14,25.45606557377049,61
2020-06-15,25.467868852459016,61
2020-06-16,25.60934426229508,61
2020-06-17,25.475409836065573,61
2020-06-18,25.372459016393442,61
2020-06-19,25.308196721311475,61
2020-06-20,25.374098360655736,61
2020-06-21,25.54213114754098,61
2020-06-22,25.452950819672132,61
2020-06-23,25.49590163934426,61
2020-06-24,25.526721311475413,61
2020-06-25,25.49590163934426,61
2020-06-26,25.491475409836067,61
2020-06-27,25.56622950819672,61
2020-06-28,25.677704918032784,61
2020-06-29,25.47360655737705,61
2020-06-30,25.37295081967213,61
2020-07-01,25.18606557377049,61
2020-07-02,25.151475409836067,61
2020-07-03,25.356393442622952,61
2020-07-04,25.44065573770492,61
2020-07-05,25.63049180327869,61
2020-07-06,25.66360655737705,61
2020-07-07,25.604590163934425,61
2020-07-08,25.424918032786888,61
2020-07-09,25.149508196721314,61
2020-07-10,24.959508196721313,61
2020-07-11,25.011475409836066,61
2020-07-12,25.105081967213117,61
2020-07-13,25.331147540983608,61
2020-07-14,25.42065573770492,61
2020-07-15,25.517213114754096,61
2020-07-16,25.774754098360656,61
2020-07-17,25.56606557377049,61
2020-07-18,24.780327868852456,61
2020-07-19,24.471475409836067,61
2020-07-20,24.508360655737704,61
2020-07-21,24.518688524590164,61
2020-07-22,24.548196721311477,61
2020-07-23,24.515245901639346,61
2020-07-24,24.39918032786885,61
2020-07-25,24.479016393442624,61
2020-07-26,24.462295081967213,61
2020-07-27,24.346721311475413,61
2020-07-28,24.185737704918033,61
2020-07-29,24.210819672131144,61
2020-07-30,24.434918032786886,61
2020-07-31,24.455901639344262,61
2020-08-01,24.40606557377049,61
2020-08-02,24.338688524590165,61
2020-08-03,24.307704918032787,61
2020-08-04,24.17081967213115,61
2020-08-05,23.847213114754098,61
2020-08-06,23.814426229508197,61
2020-08-07,24.06770491803279,61
2020-08-08,24.28311475409836,61
2020-08-09,24.046885245901642,61
2020-08-10,23.75409836065574,61
2020-08-11,23.66655737704918,61
2020-08-12,23.651475409836067,61
2020-08-13,23.587377049180326,61
2020-08-14,23.502295081967212,61
2020-08-15,23.659016393442624,61
2020-08-16,23.59344262295082,61
2020-08-17,23.847377049180327,61
2020-08-18,24.22606557377049,61
2020-08-19,24.30311475409836,61
2020-08-20,24.345901639344262,61
2020-08-21,24.333934426229508,61
2020-08-22,24.436885245901642,61
2020-08-23,24.29983606557377,61
2020-08-24,23.799508196721312,61
2020-08-25,23.624754098360654,61
2020-08-26,23.690327868852457,61
2020-08-27,23.95,61
2020-08-28,23.95983606557377,61
2020-08-29,23.684754098360656,61
2020-08-30,23.55704918032787,61
2020-08-31,23.57032786885246,61
2020-09-01,23.572950819672133,61
2020-09-02,23.596065573770492,61
2020-09-03,23.572131147540986,61
2020-09-04,23.634262295081967,61
2020-09-05,23.66032786885246,61
2020-09-06,23.712131147540983,61
2020-09-07,23.75,61
2020-09-08,23.688852459016392,61
2020-09-09,23.779999999999998,61
2020-09-10,23.713934426229507,61
2020-09-11,23.451803278688523,61
2020-09-12,23.45639344262295,61
2020-09-13,23.72098360655738,61
2020-09-14,23.731803278688524,61
2020-09-15,23.888032786885248,61
2020-09-16,23.794590163934426,61
2020-09-17,23.85967213114754,61
2020-09-18,23.77737704918033,61
2020-09-19,23.672295081967214,61
2020-09-20,23.55704918032787,61
2020-09-21,23.371147540983607,61
2020-09-22,23.34983606557377,61
2020-09-23,23.710163934426227,61
2020-09-24,23.77262295081967,61
2020-09-25,23.767868852459014,61
2020-09-26,23.902622950819673,61
2020-09-27,23.88049180327869,61
2020-09-28,23.84409836065574,61
2020-09-29,23.85049180327869,61
2020-09-30,23.822295081967216,61
2020-10-01,23.868032786885248,61
2020-10-02,23.807377049180328,61
2020-10-03,23.57655737704918,61
2020-10-04,23.460163934426227,61
2020-10-05,23.289016393442626,61
2020-10-06,23.379180327868855,61
2020-10-07,23.425081967213117,61
2020-10-08,23.448196721311476,61
2020-10-09,23.48655737704918,61
2020-10-10,23.658852459016394,61
2020-10-11,23.69983606557377,61
2020-10-12,23.548688524590165,61
2020-10-13,23.536229508196723,61
2020-10-14,23.556229508196722,61
2020-10-15,23.557868852459016,61
2020-10-16,23.39295081967213,61
2020-10-17,23.36967213114754,61
2020-10-18,23.401803278688526,61
2020-10-19,23.451639344262293,61
2020-10-20,23.652622950819673,61
2020-10-21,23.716065573770493,61
2020-10-22,23.75032786885246,61
2020-10-23,23.70737704918033,61
2020-10-24,23.923934426229508,61
2020-10-25,24.03295081967213,61
2020-10-26,23.84967213114754,61
2020-10-27,23.91360655737705,61
2020-10-28,23.97262295081967,61
2020-10-29,24.087704918032784,61
2020-10-30,24.42295081967213,61
2020-10-31,24.417704918032786,61
2020-11-01,24.21327868852459,61
2020-11-02,24.1272131147541,61
2020-11-03,24.044754098360656,61
2020-11-04,24.049016393442624,61
2020-11-05,24.00934426229508,61
2020-11-06,23.98950819672131,61
2020-11-07,23.969836065573773,61
2020-11-08,24.053606557377048,61
2020-11-09,23.95786885245902,61
2020-11-10,23.88360655737705,61
2020-11-11,23.824262295081965,61
2020-11-12,23.803770491803277,61
2020-11-13,23.852622950819672,61
2020-11-14,23.864754098360656,61
2020-11-15,23.80049180327869,61
2020-11-16,23.92426229508197,61
2020-11-17,24.0144262295082,61
2020-11-18,24.26672131147541,61
2020-11-19,24.503114754098362,61
2020-11-20,24.573114754098363,61
2020-11-21,24.63262295081967,61
2020-11-22,24.685737704918033,61
2020-11-23,25.049508196721312,61
2020-11-24,25.298688524590165,61
2020-11-25,25.229344262295083,61
2020-11-26,25.131311475409834,61
2020-11-27,25.08295081967213,61
2020-11-28,25.031311475409836,61
2020-11-29,25.02377049180328,61
2020-11-30,24.86786885245902,61
2020-12-01,24.884590163934426,61
2020-12-02,25.177868852459014,61
2020-12-03,25.754590163934427,61
2020-12-04,25.56639344262295,61
2020-12-05,25.631147540983605,61
2020-12-06,25.96,61
2020-12-07,26.731147540983606,61
2020-12-08,27.177213114754096,61
2020-12-09,26.91967213114754,61
2020-12-10,26.378688524590164,61
2020-12-11,26.41032786885246,61
2020-12-12,26.66967213114754,61
2020-12-13,26.73540983606557,61
2020-12-14,26.71327868852459,61
2020-12-15,26.701475409836064,61
2020-12-16,26.377540983606558,61
2020-12-17,26.036393442622952,61
2020-12-18,26.311475409836067,61
2020-12-19,26.291311475409834,61
2020-12-20,26.131475409836064,61
2020-12-21,26.10950819672131,61
2020-12-22,26.49032786885246,61
2020-12-23,26.487377049180328,61
2020-12-24,26.311147540983608,61
2020-12-25,26.295409836065573,61
2020-12-26,26.388032786885248,61
2020-12-27,26.607868852459013,61
2020-12-28,26.539180327868856,61
2020-12-29,26.75655737704918,61
2020-12-30,26.82967213114754,61
2020-12-31,27.096393442622947,61
2021-01-01,27.401475409836067,61
2021-01-02,27.315737704918032,61
2021-01-03,27.22639344262295,61
2021-01-04,27.171147540983608,61
2021-01-05,27.31377049180328,61
2021-01-06,27.51016393442623,61
2021-01-07,27.69934426229508,61
2021-01-08,28.12295081967213,61
2021-01-09,28.40049180327869,61
2021-01-10,28.501639344262294,61
2021-01-11,28.324754098360653,61
2021-01-12,27.92639344262295,61
2021-01-13,27.797049180327868,61
2021-01-14,27.799672131147542,61
2021-01-15,27.94065573770492,61
2021-01-16,28.17967213114754,61
2021-01-17,28.432950819672133,61
2021-01-18,28.75032786885246,61
2021-01-19,28.86393442622951,61
2021-01-20,28.791967213114752,61
2021-01-21,28.719836065573773,61
2021-01-22,28.665081967213112,61
2021-01-23,28.62327868852459,61
2021-01-24,28.558032786885246,61
2021-01-25,28.404918032786885,61
2021-01-26,28.252131147540982,61
2021-01-27,27.7227868852459,61
2021-01-28,27.590491803278688,61
2021-01-29,27.621475409836066,61
2021-01-30,27.681311475409835,61
2021-01-31,27.552459016393442,61
2021-02-01,27.27639344262295,61
2021-02-02,27.251639344262294,61
2021-02-03,27.334918032786888,61
2021-02-04,27.518688524590164,61
2021-02-05,27.64049180327869,61
2021-02-06,27.64934426229508,61
2021-02-07,27.461147540983607,61
2021-02-08,27.33639344262295,61
2021-02-09,27.28360655737705,61
2021-02-10,27.021475409836064,61
2021-02-11,26.92360655737705,61
2021-02-12,26.79983606557377,61
2021-02-13,27.000655737704918,61
2021-02-14,27.04590163934426,61
2021-02-15,27.006229508196718,61
2021-02-16,26.84327868852459,61
2021-02-17,26.705409836065574,61
2021-02-18,26.965081967213113,61
2021-02-19,27.114262295081968,61
2021-02-20,27.333934426229508,61
2021-02-21,27.711147540983607,61
2021-02-22,28.214098360655736,61
2021-02-23,28.839180327868853,61
2021-02-24,28.661967213114753,61
2021-02-25,28.58622950819672,61
2021-02-26,28.374590163934425,61
2021-02-27,28.267540983606555,61
2021-02-28,28.246885245901638,61
2021-03-01,27.908688524590165,61
2021-03-02,27.57032786885246,61
2021-03-03,27.41655737704918,61
2021-03-04,27.620983606557377,61
2021-03-05,27.653442622950816,61
2021-03-06,27.568688524590165,61
2021-03-07,27.54606557377049,61
2021-03-08,27.39344262295082,61
2021-03-09,27.978360655737706,61
2021-03-10,28.26295081967213,61
2021-03-11,28.237377049180328,61
2021-03-12,28.23950819672131,61
2021-03-13,28.29393442622951,61
2021-03-14,28.39311475409836,61
2021-03-15,28.638852459016395,61
2021-03-16,28.648688524590163,61
2021-03-17,28.7355737704918,61
2021-03-18,28.8127868852459,61
2021-03-19,28.428032786885243,61
2021-03-20,28.371147540983603,61
2021-03-21,28.445901639344264,61
2021-03-22,28.478196721311477,61
2021-03-23,28.44868852459016,61
2021-03-24,27.761639344262296,61
2021-03-25,27.72737704918033,61
2021-03-26,27.75901639344262,61
2021-03-27,27.910655737704918,61
2021-03-28,28.138852459016395,61
2021-03-29,28.538360655737705,61
2021-03-30,28.510163934426227,61
2021-03-31,28.323934426229506,61
2021-04-01,28.370983606557377,61
2021-04-02,28.50918032786885,61
2021-04-03,28.75622950819672,61
2021-04-04,28.678032786885243,61
2021-04-05,28.85934426229508,61
2021-04-06,28.95983606557377,61
2021-04-07,28.945081967213117,61
2021-04-08,28.81049180327869,61
2021-04-09,28.852295081967213,61
2021-04-10,28.75918032786885,61
2021-04-11,28.59409836065574,61
2021-04-12,28.497868852459014,61
2021-04-13,28.565245901639344,61
2021-04-14,28.532622950819672,61
2021-04-15,28.427377049180325,61
2021-04-16,28.40639344262295,61
2021-04-17,29.121967213114754,61
2021-04-18,29.049672131147542,61
2021-04-19,28.351311475409837,61
2021-04-20,27.969508196721314,61
2021-04-21,27.950491803278688,61
2021-04-22,28.185409836065574,61
2021-04-23,28.16344262295082,61
2021-04-24,27.946393442622952,61
2021-04-25,27.950327868852458,61
2021-04-26,27.932786885245903,61
2021-04-27,27.63770491803279,61
2021-04-28,27.58049180327869,61
2021-04-29,27.578524590163934,61
2021-04-30,27.620819672131145,61
2021-05-01,27.631311475409834,61
2021-05-02,27.50934426229508,61
2021-05-03,27.06393442622951,61
2021-05-04,27.065409836065573,61
2021-05-05,27.121803278688525,61
2021-05-06,27.172786885245902,61
2021-05-07,27.172131147540984,61
2021-05-08,26.95245901639344,61
2021-05-09,26.75967213114754,61
2021-05-10,26.744590163934426,61
2021-05-11,27.228196721311477,61
2021-05-12,27.259999999999998,61
2021-05-13,27.13377049180328,61
2021-05-14,27.103934426229507,61
2021-05-15,27.021803278688523,61
2021-05-16,27.161147540983606,61
2021-05-17,27.12295081967213,61
2021-05-18,26.797049180327868,61
2021-05-19,26.748032786885247,61
2021-05-20,26.742786885245902,61
2021-05-21,26.538688524590164,61
2021-05-22,26.46672131147541,61
2021-05-23,26.428688524590164,61
2021-05-24,26.404754098360655,61
2021-05-25,26.20737704918033,61
2021-05-26,26.119836065573768,61
2021-05-27,26.35737704918033,61
2021-05-28,26.389016393442624,61
2021-05-29,26.39049180327869,61
2021-05-30,26.154098360655738,61
2021-05-31,26.14344262295082,61
2021-06-01,26.064590163934426,61
2021-06-02,25.914918032786883,61
2021-06-03,25.827704918032786,61
2021-06-04,25.831311475409837,61
2021-06-05,25.872295081967213,61
2021-06-06,25.865901639344262,61
2021-06-07,25.780655737704915,61
2021-06-08,25.634918032786885,61
2021-06-09,25.372295081967213,61
2021-06-10,25.25032786885246,61
2021-06-11,25.09409836065574,61
2021-06-12,24.91688524590164,61
2021-06-13,25.007377049180327,61
2021-06-14,25.065737704918032,61
2021-06-15,24.978852459016395,61
2021-06-16,24.9527868852459,61
2021-06-17,24.973278688524587,61
2021-06-18,24.94344262295082,61
2021-06-19,24.905245901639343,61
2021-06-20,24.775901639344262,61
2021-06-21,24.541803278688523,61
2021-06-22,24.30016393442623,61
2021-06-23,24.271475409836064,61
2021-06-24,23.974918032786885,61
2021-06-25,23.974754098360656,61
2021-06-26,23.691967213114754,61
2021-06-27,23.82918032786885,61
2021-06-28,23.875081967213116,61
2021-06-29,23.842622950819674,61
2021-06-30,23.910819672131147,61
2021-07-01,23.87262295081967,61
2021-07-02,24.25639344262295,61
2021-07-03,24.40606557377049,61
2021-07-04,24.528360655737707,61
2021-07-05,24.394918032786883,61
2021-07-06,24.22049180327869,61
2021-07-07,24.11393442622951,61
2021-07-08,24.177540983606555,61
2021-07-09,24.289344262295085,61
2021-07-10,24.291311475409834,61
2021-07-11,24.462459016393442,61
2021-07-12,24.52409836065574,61
2021-07-13,24.667868852459016,61
2021-07-14,24.813442622950816,61
2021-07-15,24.738524590163934,61
2021-07-16,24.60934426229508,61
2021-07-17,24.482622950819675,61
2021-07-18,24.179344262295082,61
2021-07-19,24.167868852459016,61
2021-07-20,24.02409836065574,61
2021-07-21,23.88065573770492,61
2021-07-22,23.7127868852459,61
2021-07-23,23.822295081967216,61
2021-07-24,23.75901639344262,61
2021-07-25,23.68606557377049,61
2021-07-26,23.28311475409836,61
2021-07-27,23.20606557377049,61
2021-07-28,23.319344262295083,61
2021-07-29,23.41049180327869,61
2021-07-30,23.328360655737704,61
2021-07-31,23.307377049180328,61
2021-08-01,23.399016393442622,61
2021-08-02,23.351803278688525,61
2021-08-03,23.17295081967213,61
2021-08-04,23.012295081967213,61
2021-08-05,23.08475409836066,61
2021-08-06,23.190327868852457,61
2021-08-07,23.415081967213112,61
2021-08-08,23.398852459016393,61
2021-08-09,23.492295081967214,61
2021-08-10,23.498196721311476,61
2021-08-11,23.339180327868853,61
2021-08-12,23.340819672131147,61
2021-08-13,23.22229508196721,61
2021-08-14,23.101803278688525,61
2021-08-15,23.10934426229508,61
2021-08-16,23.654590163934426,61
2021-08-17,23.69360655737705,61
2021-08-18,23.587049180327867,61
2021-08-19,23.56967213114754,61
2021-08-20,23.521475409836064,61
2021-08-21,23.530655737704915,61
2021-08-22,23.58639344262295,61
2021-08-23,23.43983606557377,61
2021-08-24,23.38262295081967,61
2021-08-25,23.441475409836066,61
2021-08-26,23.097868852459015,61
2021-08-27,23.02639344262295,61
2021-08-28,22.9872131147541,61
2021-08-29,23.021311475409835,61
2021-08-30,23.143770491803277,61
2021-08-31,23.45672131147541,61
2021-09-01,23.322622950819675,61
2021-09-02,22.98049180327869,61
2021-09-03,22.791803278688523,61
2021-09-04,22.313278688524587,61
2021-09-05,22.340491803278688,61
2021-09-06,22.3344262295082,61
2021-09-07,22.337868852459014,61
2021-09-08,22.43983606557377,61
2021-09-09,22.6655737704918,61
2021-09-10,22.82377049180328,61
2021-09-11,22.678032786885243,61
2021-09-12,22.668032786885245,61
2021-09-13,22.68639344262295,61
2021-09-14,22.65606557377049,61
2021-09-15,22.635245901639344,61
2021-09-16,22.564262295081967,61
2021-09-17,22.614426229508197,61
2021-09-18,22.730819672131148,61
2021-09-19,22.907049180327867,61
2021-09-20,23.087049180327867,61
2021-09-21,23.031311475409836,61
2021-09-22,23.142295081967212,61
2021-09-23,23.512131147540984,61
2021-09-24,23.381639344262293,61
2021-09-25,23.08573770491803,61
2021-09-26,22.9944262295082,61
2021-09-27,22.917868852459016,61
2021-09-28,23.07655737704918,61
2021-09-29,23.15016393442623,61
2021-09-30,23.270655737704917,61
2021-10-01,23.218360655737705,61
2021-10-02,22.960819672131144,61
2021-10-03,22.870819672131145,61
2021-10-04,22.77885245901639,61
2021-10-05,22.70311475409836,61
2021-10-06,22.64967213114754,61
2021-10-07,22.772622950819674,61
2021-10-08,22.770655737704917,61
2021-10-09,22.778032786885248,61
2021-10-10,22.831639344262296,61
2021-10-11,22.91426229508197,61
2021-10-12,23.118032786885248,61
2021-10-13,23.570655737704918,61
2021-10-14,23.88590163934426,61
2021-10-15,23.971311475409838,61
2021-10-16,23.95360655737705,61
2021-10-17,24.105245901639346,61
2021-10-18,24.384426229508197,61
2021-10-19,24.04983606557377,61
2021-10-20,23.9372131147541,61
2021-10-21,23.91049180327869,61
2021-10-22,23.844590163934427,61
2021-10-23,23.690491803278686,61
2021-10-24,23.693934426229507,61
2021-10-25,23.63672131147541,61
2021-10-26,23.431147540983606,61
2021-10-27,23.289180327868856,61
2021-10-28,23.115409836065574,61
2021-10-29,22.92967213114754,61
2021-10-30,22.89672131147541,61
2021-10-31,23.0127868852459,61
2021-11-01,23.087540983606555,61
2021-11-02,23.194098360655737,61
2021-11-03,23.39262295081967,61
2021-11-04,23.42459016393443,61
2021-11-05,23.434262295081968,61
2021-11-06,23.414590163934427,61
2021-11-07,23.364262295081968,61
2021-11-08,23.335245901639347,61
2021-11-09,23.29,61
2021-11-10,23.29344262295082,61
2021-11-11,23.3727868852459,61
2021-11-12,23.49032786885246,61
2021-11-13,23.763770491803278,61
2021-11-14,23.93016393442623,61
2021-11-15,24.065409836065573,61
2021-11-16,24.082786885245902,61
2021-11-17,24.149508196721314,61
2021-11-18,24.20213114754098,61
2021-11-19,24.124754098360654,61
2021-11-20,24.22229508196721,61
2021-11-21,24.210491803278686,61
2021-11-22,24.181803278688523,61
2021-11-23,24.377704918032787,61
2021-11-24,24.79344262295082,61
2021-11-25,25.229180327868853,61
2021-11-26,25.687704918032786,61
2021-11-27,25.934754098360656,61
2021-11-28,26.07688524590164,61
2021-11-29,26.114426229508197,61
2021-11-30,25.794754098360656,61
2021-12-01,25.418852459016392,61
2021-12-02,25.16901639344262,61
2021-12-03,24.99426229508197,61
2021-12-04,24.902786885245902,61
2021-12-05,24.960327868852456,61
2021-12-06,24.93655737704918,61
2021-12-07,25.07147540983607,61
2021-12-08,25.23016393442623,61
2021-12-09,25.35295081967213,61
2021-12-10,25.498032786885247,61
2021-12-11,25.50622950819672,61
2021-12-12,25.376065573770493,61
2021-12-13,25.2227868852459,61
2021-12-14,25.104426229508196,61
2021-12-15,25.045573770491803,61
2021-12-16,24.97081967213115,61
2021-12-17,24.991475409836067,61
2021-12-18,25.16049180327869,61
2021-12-19,25.407049180327867,61
2021-12-20,25.540491803278687,61
2021-12-21,25.52377049180328,61
2021-12-22,25.21672131147541,61
2021-12-23,24.828360655737704,61
2021-12-24,24.897540983606557,61
2021-12-25,25.269016393442623,61
2021-12-26,25.5372131147541,61
2021-12-27,25.879180327868855,61
2021-12-28,26.291311475409834,61
2021-12-29,26.537704918032787,61
2021-12-30,26.48016393442623,61
2021-12-31,26.159016393442624,61
2022-01-01,25.961147540983607,61
2022-01-02,25.98934426229508,61
2022-01-03,26.087377049180326,61
2022-01-04,26.361475409836064,61
2022-01-05,26.680819672131147,61
2022-01-06,27.04,61
2022-01-07,27.237868852459016,61
2022-01-08,27.08573770491803,61
2022-01-09,26.68737704918033,61
2022-01-10,26.602459016393443,61
2022-01-11,26.90967213114754,61
2022-01-12,27.14114754098361,61
2022-01-13,27.32540983606557,61
2022-01-14,27.267049180327867,61
2022-01-15,26.85934426229508,61
2022-01-16,26.347377049180327,61
2022-01-17,26.087704918032784,61
2022-01-18,26.06016393442623,61
2022-01-19,25.955245901639344,61
2022-01-20,26.279836065573768,61
2022-01-21,26.95688524590164,61
2022-01-22,27.45393442622951,61
2022-01-23,27.6327868852459,61
2022-01-24,27.272131147540982,61
2022-01-25,26.964590163934425,61
2022-01-26,26.620491803278686,61
2022-01-27,26.35737704918033,61
2022-01-28,26.289836065573773,61
2022-01-29,26.365737704918033,61
2022-01-30,26.447540983606558,61
2022-01-31,26.481803278688528,61
2022-02-01,26.491639344262296,61
2022-02-02,26.595245901639345,61
2022-02-03,26.65606557377049,61
2022-02-04,26.76049180327869,61
2022-02-05,26.926721311475408,61
2022-02-06,26.86704918032787,61
2022-02-07,26.686557377049184,61
2022-02-08,26.63344262295082,61
2022-02-09,26.82704918032787,61
2022-02-10,27.0627868852459,61
2022-02-11,27.563114754098358,61
2022-02-12,28.00573770491803,61
2022-02-13,28.435573770491803,61
2022-02-14,28.817540983606555,61
2022-02-15,29.115245901639344,61
2022-02-16,29.4727868852459,61
2022-02-17,29.77786885245902,61
2022-02-18,29.781967213114754,61
2022-02-19,29.750655737704918,61
2022-02-20,29.657868852459018,61
2022-02-21,29.58622950819672,61
2022-02-22,29.28311475409836,61
2022-02-23,29.018688524590164,61
2022-02-24,28.889180327868853,61
2022-02-25,28.731147540983606,61
2022-02-26,28.39327868852459,61
2022-02-27,28.06245901639344,61
2022-02-28,27.69868852459016,61
2022-03-01,27.44065573770492,61
2022-03-02,27.015409836065576,61
2022-03-03,26.56639344262295,61
2022-03-04,26.677540983606555,61
2022-03-05,26.97114754098361,61
2022-03-06,27.26983606557377,61
2022-03-07,27.49065573770492,61
2022-03-08,27.827213114754098,61
2022-03-09,28.024754098360656,61
2022-03-10,28.26967213114754,61
2022-03-11,28.436721311475413,61
2022-03-12,28.47229508196721,61
2022-03-13,28.47098360655738,61
2022-03-14,28.381311475409834,61
2022-03-15,28.378688524590164,61
2022-03-16,28.37311475409836,61
2022-03-17,28.46639344262295,61
2022-03-18,28.552459016393442,61
2022-03-19,28.68737704918033,61
2022-03-20,28.678032786885243,61
2022-03-21,28.63245901639344,61
2022-03-22,28.74016393442623,61
2022-03-23,28.74295081967213,61
2022-03-24,28.85311475409836,61
2022-03-25,28.860983606557376,61
2022-03-26,28.818360655737706,61
2022-03-27,28.837377049180326,61
2022-03-28,28.79229508196721,61
2022-03-29,28.803934426229507,61
2022-03-30,28.81360655737705,61
2022-03-31,28.689999999999998,61
2022-04-01,28.58606557377049,61
2022-04-02,28.545245901639344,61
2022-04-03,28.548196721311477,61
2022-04-04,28.595081967213115,61
2022-04-05,28.691803278688525,61
2022-04-06,28.751147540983606,61
2022-04-07,28.7127868852459,61
2022-04-08,28.503278688524592,61
2022-04-09,28.370655737704915,61
2022-04-10,28.19655737704918,61
2022-04-11,28.012131147540984,61
2022-04-12,27.724590163934426,61
2022-04-13,27.544918032786885,61
2022-04-14,27.693934426229507,61
2022-04-15,27.981639344262298,61
2022-04-16,28.249016393442623,61
2022-04-17,28.299672131147542,61
2022-04-18,28.279836065573768,61
2022-04-19,28.25918032786885,61
2022-04-20,28.39311475409836,61
2022-04-21,28.468196721311475,61
2022-04-22,28.55918032786885,61
2022-04-23,28.639016393442624,61
2022-04-24,28.574098360655736,61
2022-04-25,28.374262295081966,61
2022-04-26,28.22032786885246,61
2022-04-27,28.05672131147541,61
2022-04-28,27.8344262295082,61
2022-04-29,27.649016393442622,61
2022-04-30,27.61032786885246,61
2022-05-01,27.694262295081966,61
2022-05-02,27.7927868852459,61
2022-05-03,27.845901639344262,61
2022-05-04,27.784426229508195,61
2022-05-05,27.667540983606557,61
2022-05-06,27.58573770491803,61
2022-05-07,27.596557377049184,61
2022-05-08,27.591967213114753,61
2022-05-09,27.670163934426228,61
2022-05-10,27.751967213114753,61
2022-05-11,27.822295081967216,61
2022-05-12,27.537540983606558,61
2022-05-13,27.27606557377049,61
2022-05-14,27.00344262295082,61
2022-05-15,26.789508196721314,61
2022-05-16,26.748688524590165,61
2022-05-17,26.55131147540984,61
2022-05-18,26.323114754098363,61
2022-05-19,26.337377049180326,61
2022-05-20,26.48655737704918,61
2022-05-21,26.607868852459013,61
2022-05-22,26.626229508196722,61
2022-05-23,26.545573770491803,61
2022-05-24,26.56065573770492,61
2022-05-25,26.625409836065575,61
2022-05-26,26.69704918032787,61
2022-05-27,26.72655737704918,61
2022-05-28,26.65983606557377,61
2022-05-29,26.40377049180328,61
2022-05-30,26.24639344262295,61
2022-05-31,26.06032786885246,61
2022-06-01,25.908688524590165,61
2022-06-02,25.827868852459016,61
2022-06-03,25.751967213114757,61
2022-06-04,25.68409836065574,61
2022-06-05,25.621967213114754,61
2022-06-06,25.579016393442622,61
2022-06-07,25.588524590163935,61
2022-06-08,25.554754098360654,61
2022-06-09,25.568524590163936,61
2022-06-10,25.572295081967216,61
2022-06-11,25.585409836065573,61
2022-06-12,25.66409836065574,61
2022-06-13,25.741639344262296,61
2022-06-14,26.001147540983606,61
2022-06-15,26.13229508196721,61
2022-06-16,26.255245901639345,61
2022-06-17,26.230655737704918,61
2022-06-18,26.05065573770492,61
2022-06-19,25.903606557377046,61
2022-06-20,25.80672131147541,61
2022-06-21,25.79655737704918,61
2022-06-22,25.788196721311476,61
2022-06-23,25.701311475409835,61
2022-06-24,25.62737704918033,61
2022-06-25,25.47590163934426,61
2022-06-26,25.412295081967216,61
2022-06-27,25.27901639344262,61
2022-06-28,25.11754098360656,61
2022-06-29,24.960327868852456,61
2022-06-30,24.801803278688524,61
2022-07-01,24.66950819672131,61
2022-07-02,24.618852459016395,61
2022-07-03,24.595737704918033,61
2022-07-04,24.58950819672131,61
2022-07-05,24.565737704918032,61
2022-07-06,24.63049180327869,61
2022-07-07,24.582295081967214,61
2022-07-08,24.49950819672131,61
2022-07-09,24.445081967213117,61
2022-07-10,24.43409836065574,61
2022-07-11,24.35065573770492,61
2022-07-12,24.370983606557377,61
2022-07-13,24.312295081967214,61
2022-07-14,24.268688524590164,61
2022-07-15,24.304262295081966,61
2022-07-16,24.392459016393442,61
2022-07-17,24.52901639344262,61
2022-07-18,24.348688524590163,61
2022-07-19,24.189999999999998,61
2022-07-20,24.2,61
2022-07-21,23.982786885245904,61
2022-07-22,23.76344262295082,61
2022-07-23,23.693770491803278,61
2022-07-24,23.637868852459018,61
2022-07-25,23.6027868852459,61
2022-07-26,23.654918032786885,61
2022-07-27,23.808688524590163,61
2022-07-28,23.856065573770493,61
2022-07-29,23.912459016393445,61
2022-07-30,23.960983606557374,61
2022-07-31,24.05639344262295,61
2022-08-01,23.841147540983606,61
2022-08-02,23.817377049180326,61
2022-08-03,23.842950819672133,61
2022-08-04,23.820655737704918,61
2022-08-05,23.880983606557376,61
2022-08-06,23.86377049180328,61
2022-08-07,23.839016393442623,61
2022-08-08,23.67327868852459,61
2022-08-09,23.59032786885246,61
2022-08-10,23.52786885245902,61
2022-08-11,23.454426229508197,61
2022-08-12,23.53344262295082,61
2022-08-13,23.690327868852457,61
2022-08-14,23.884262295081967,61
2022-08-15,24.125245901639346,61
2022-08-16,24.26360655737705,61
2022-08-17,24.042950819672132,61
2022-08-18,23.951475409836064,61
2022-08-19,23.950327868852458,61
2022-08-20,23.947868852459017,61
2022-08-21,23.959016393442624,61
2022-08-22,24.041475409836064,61
2022-08-23,24.04639344262295,61
2022-08-24,23.925245901639347,61
2022-08-25,23.964426229508195,61
2022-08-26,23.96295081967213,61
2022-08-27,23.788688524590164,61
2022-08-28,23.572295081967216,61
2022-08-29,23.525245901639344,61
2022-08-30,23.557704918032787,61
2022-08-31,23.538196721311476,61
2022-09-01,23.61,61
2022-09-02,23.590819672131147,61
2022-09-03,23.486065573770492,61
2022-09-04,23.44967213114754,61
2022-09-05,23.369016393442624,61
2022-09-06,23.289508196721314,61
2022-09-07,23.322459016393445,61
2022-09-08,23.46655737704918,61
2022-09-09,23.385737704918032,61
2022-09-10,23.385737704918032,61
2022-09-11,23.57524590163934,61
2022-09-12,23.651147540983608,61
2022-09-13,23.590819672131147,61
2022-09-14,23.582786885245902,61
2022-09-15,23.54393442622951,61
2022-09-16,23.495245901639343,61
2022-09-17,23.604098360655737,61
2022-09-18,23.474262295081967,61
2022-09-19,23.265081967213117,61
2022-09-20,23.24049180327869,61
2022-09-21,23.351803278688525,61
2022-09-22,23.28737704918033,61
2022-09-23,23.204918032786885,61
2022-09-24,23.002295081967215,61
2022-09-25,22.809016393442622,61
2022-09-26,22.745573770491802,61
2022-09-27,22.824754098360653,61
2022-09-28,22.808852459016393,61
2022-09-29,22.66901639344262,61
2022-09-30,22.732786885245904,61
2022-10-01,22.84983606557377,61
2022-10-02,22.988524590163934,61
2022-10-03,23.219836065573773,61
2022-10-04,23.33081967213115,61
2022-10-05,23.244590163934426,61
2022-10-06,23.19868852459016,61
2022-10-07,23.344918032786886,61
2022-10-08,23.47360655737705,61
2022-10-09,23.49327868852459,61
2022-10-10,23.419999999999998,61
2022-10-11,23.2372131147541,61
2022-10-12,23.02754098360656,61
2022-10-13,22.919999999999998,61
2022-10-14,23.028688524590162,61
2022-10-15,23.089344262295082,61
2022-10-16,22.994590163934426,61
2022-10-17,22.971803278688522,61
2022-10-18,23.077213114754098,61
2022-10-19,23.22081967213115,61
2022-10-20,23.215901639344263,61
2022-10-21,23.394918032786883,61
2022-10-22,23.57016393442623,61
2022-10-23,23.637704918032785,61
2022-10-24,23.54229508196721,61
2022-10-25,23.38311475409836,61
2022-10-26,23.231803278688528,61
2022-10-27,23.08950819672131,61
2022-10-28,23.04737704918033,61
2022-10-29,23.022622950819674,61
2022-10-30,22.979016393442624,61
2022-10-31,22.9155737704918,61
2022-11-01,22.910819672131147,61
2022-11-02,23.020491803278688,61
2022-11-03,23.326065573770492,61
2022-11-04,23.448360655737705,61
2022-11-05,23.37262295081967,61
2022-11-06,23.36245901639344,61
2022-11-07,23.418360655737704,61
2022-11-08,23.655409836065573,61
2022-11-09,23.89032786885246,61
2022-11-10,23.935081967213115,61
2022-11-11,23.909344262295082,61
2022-11-12,23.904590163934426,61
2022-11-13,23.938688524590162,61
2022-11-14,23.94967213114754,61
2022-11-15,23.94983606557377,61
2022-11-16,23.911803278688527,61
2022-11-17,23.97245901639344,61
2022-11-18,23.98032786885246,61
2022-11-19,23.968524590163934,61
2022-11-20,24.06983606557377,61
2022-11-21,24.425081967213117,61
2022-11-22,24.77655737704918,61
2022-11-23,24.955081967213115,61
2022-11-24,24.910655737704918,61
2022-11-25,24.816885245901638,61
2022-11-26,24.717540983606558,61
2022-11-27,24.70311475409836,61
2022-11-28,24.860655737704917,61
2022-11-29,25.052131147540983,61
2022-11-30,25.182131147540986,61
2022-12-01,25.179344262295082,61
2022-12-02,25.11606557377049,61
2022-12-03,25.056065573770493,61
2022-12-04,25.060000000000002,61
2022-12-05,24.974590163934426,61
2022-12-06,24.841147540983606,61
2022-12-07,24.761803278688525,61
2022-12-08,24.762459016393443,61
2022-12-09,24.785409836065575,61
2022-12-10,24.799180327868854,61
2022-12-11,24.847868852459015,61
2022-12-12,24.904098360655738,61
2022-12-13,25.034918032786887,61
2022-12-14,25.120163934426227,61
2022-12-15,25.04344262295082,61
2022-12-16,24.86245901639344,61
2022-12-17,24.9855737704918,61
2022-12-18,25.098032786885245,61
2022-12-19,25.149016393442622,61
2022-12-20,25.20229508196721,61
2022-12-21,25.331147540983608,61
2022-12-22,25.631639344262293,61
2022-12-23,25.911803278688527,61
2022-12-24,26.190163934426227,61
2022-12-25,26.40016393442623,61
2022-12-26,26.591803278688523,61
2022-12-27,26.564754098360655,61
2022-12-28,26.70213114754098,61
2022-12-29,26.989016393442622,61
2022-12-30,26.84,61
2022-12-31,26.446229508196723,61
2023-01-01,25.8527868852459,61
2023-01-02,25.711967213114754,61
2023-01-03,25.656885245901638,61
2023-01-04,25.663114754098363,61
2023-01-05,25.733442622950818,61
2023-01-06,25.648852459016393,61
2023-01-07,25.61737704918033,61
2023-01-08,25.61229508196721,61
2023-01-09,25.492295081967214,61
2023-01-10,25.43016393442623,61
2023-01-11,25.33426229508197,61
2023-01-12,25.216229508196722,61
2023-01-13,25.127540983606558,61
2023-01-14,25.16426229508197,61
2023-01-15,25.16016393442623,61
2023-01-16,25.106229508196723,61
2023-01-17,25.331311475409837,61
2023-01-18,25.578524590163934,61
2023-01-19,25.80950819672131,61
2023-01-20,25.96295081967213,61
2023-01-21,26.0527868852459,61
2023-01-22,26.15639344262295,61
2023-01-23,26.261147540983607,61
2023-01-24,26.418688524590163,61
2023-01-25,26.612950819672132,61
2023-01-26,26.788852459016393,61
2023-01-27,26.655409836065573,61
2023-01-28,26.262459016393443,61
2023-01-29,26.23688524590164,61
2023-01-30,26.401639344262296,61
2023-01-31,26.5127868852459,61
2023-02-01,26.842786885245904,61
2023-02-02,27.115245901639344,61
2023-02-03,27.469508196721314,61
2023-02-04,27.85967213114754,61
2023-02-05,27.961311475409836,61
2023-02-06,28.02360655737705,61
2023-02-07,28.030819672131148,61
2023-02-08,28.02393442622951,61
2023-02-09,28.02032786885246,61
2023-02-10,27.81983606557377,61
2023-02-11,27.66,61
2023-02-12,27.603934426229507,61
2023-02-13,27.459344262295083,61
2023-02-14,27.260983606557378,61
2023-02-15,26.91524590163934,61
2023-02-16,26.651147540983608,61
2023-02-17,26.5372131147541,61
2023-02-18,26.582459016393443,61
2023-02-19,26.624426229508195,61
2023-02-20,26.595901639344262,61
2023-02-21,26.590655737704918,61
2023-02-22,26.596229508196725,61
2023-02-23,26.66639344262295,61
2023-02-24,26.842295081967215,61
2023-02-25,27.155573770491802,61
2023-02-26,27.605245901639346,61
2023-02-27,27.89672131147541,61
2023-02-28,28.182950819672133,61
2023-03-01,28.4472131147541,61
2023-03-02,28.621803278688525,61
2023-03-03,28.715409836065575,61
2023-03-04,28.768032786885243,61
2023-03-05,28.72983606557377,61
2023-03-06,28.63065573770492,61
2023-03-07,28.634426229508197,61
2023-03-08,28.626229508196722,61
2023-03-09,28.445081967213117,61
2023-03-10,28.14344262295082,61
2023-03-11,27.73147540983607,61
2023-03-12,27.471311475409838,61
2023-03-13,27.541475409836064,61
2023-03-14,27.768852459016394,61
2023-03-15,27.97393442622951,61
2023-03-16,28.11967213114754,61
2023-03-17,28.032622950819672,61
2023-03-18,27.94360655737705,61
2023-03-19,27.868032786885248,61
2023-03-20,27.91049180327869,61
2023-03-21,28.082786885245902,61
2023-03-22,28.317213114754097,61
2023-03-23,28.554426229508195,61
2023-03-24,28.7372131147541,61
2023-03-25,28.746721311475408,61
2023-03-26,28.559508196721314,61
2023-03-27,28.458688524590166,61
2023-03-28,28.276885245901642,61
2023-03-29,28.21672131147541,61
2023-03-30,28.27262295081967,61
2023-03-31,28.28737704918033,61
2023-04-01,28.25918032786885,61
2023-04-02,28.212131147540983,61
2023-04-03,28.190327868852457,61
2023-04-04,28.147377049180328,61
2023-04-05,28.04245901639344,61
2023-04-06,27.912622950819674,61
2023-04-07,27.72754098360656,61
2023-04-08,27.5627868852459,61
2023-04-09,27.347213114754098,61
2023-04-10,27.260983606557378,61
2023-04-11,27.077377049180328,61
2023-04-12,26.9944262295082,61
2023-04-13,26.77639344262295,61
2023-04-14,26.471967213114752,61
2023-04-15,26.28672131147541,61
2023-04-16,26.22606557377049,61
2023-04-17,26.32049180327869,61
2023-04-18,26.43016393442623,61
2023-04-19,26.482786885245904,61
2023-04-20,26.454754098360656,61
2023-04-21,26.46639344262295,61
2023-04-22,26.70754098360656,61
2023-04-23,26.80131147540984,61
2023-04-24,26.67081967213115,61
2023-04-25,26.43327868852459,61
2023-04-26,26.267377049180325,61
2023-04-27,26.19360655737705,61
2023-04-28,26.24655737704918,61
2023-04-29,26.261147540983607,61
2023-04-30,26.315573770491802,61
2023-05-01,26.427868852459014,61
2023-05-02,26.471803278688522,61
2023-05-03,26.652459016393443,61
2023-05-04,26.82918032786885,61
2023-05-05,26.85852459016393,61
2023-05-06,26.94081967213115,61
2023-05-07,26.889180327868853,61
2023-05-08,26.87655737704918,61
2023-05-09,26.779836065573768,61
2023-05-10,26.729016393442624,61
2023-05-11,26.724754098360656,61
2023-05-12,26.688360655737704,61
2023-05-13,26.491803278688526,61
2023-05-14,26.248524590163935,61
2023-05-15,26.124426229508195,61
2023-05-16,26.028196721311478,61
2023-05-17,26.0427868852459,61
2023-05-18,26.019344262295082,61
2023-05-19,26.032131147540984,61
2023-05-20,25.89327868852459,61
2023-05-21,25.724426229508197,61
2023-05-22,25.649836065573773,61
2023-05-23,25.661147540983606,61
2023-05-24,25.6872131147541,61
2023-05-25,25.681803278688523,61
2023-05-26,25.63245901639344,61
2023-05-27,25.53688524590164,61
2023-05-28,25.508524590163933,61
2023-05-29,25.40983606557377,61
2023-05-30,25.36262295081967,61
2023-05-31,25.353770491803278,61
2023-06-01,25.267868852459014,61
2023-06-02,25.27,61
2023-06-03,25.22295081967213,61
2023-06-04,25.126065573770493,61
2023-06-05,24.98639344262295,61
2023-06-06,24.709508196721313,61
2023-06-07,24.450491803278688,61
2023-06-08,24.29229508196721,61
2023-06-09,24.22622950819672,61
2023-06-10,24.194590163934425,61
2023-06-11,24.179016393442623,61
2023-06-12,24.129836065573773,61
2023-06-13,24.087049180327867,61
2023-06-14,24.110983606557376,61
2023-06-15,24.17311475409836,61
2023-06-16,24.185573770491803,61
2023-06-17,24.140819672131148,61
2023-06-18,23.888196721311477,61
2023-06-19,23.847377049180327,61
2023-06-20,23.804590163934424,61
2023-06-21,23.769016393442623,61
2023-06-22,23.73655737704918,61
2023-06-23,23.67360655737705,61
2023-06-24,23.62704918032787,61
2023-06-25,23.553934426229507,61
2023-06-26,23.438524590163933,61
2023-06-27,23.25950819672131,61
2023-06-28,23.155573770491802,61
2023-06-29,23.048032786885248,61
2023-06-30,23.0272131147541,61
2023-07-01,22.978688524590165,61
2023-07-02,22.89918032786885,61
2023-07-03,22.85934426229508,61
2023-07-04,22.809672131147543,61
2023-07-05,22.774426229508197,61
2023-07-06,22.790327868852458,61
2023-07-07,22.795245901639344,61
2023-07-08,22.80639344262295,61
2023-07-09,22.91393442622951,61
2023-07-10,23.0327868852459,61
2023-07-11,23.107704918032788,61
2023-07-12,23.194590163934425,61
2023-07-13,23.15311475409836,61
2023-07-14,23.048852459016395,61
2023-07-15,22.98672131147541,61
2023-07-16,23.038524590163934,61
2023-07-17,23.217540983606558,61
2023-07-18,23.32344262295082,61
2023-07-19,23.303770491803277,61
2023-07-20,23.271967213114753,61
2023-07-21,23.26065573770492,61
2023-07-22,23.27639344262295,61
2023-07-23,23.158032786885247,61
2023-07-24,22.99622950819672,61
2023-07-25,22.829016393442622,61
2023-07-26,22.578688524590163,61
2023-07-27,22.567868852459018,61
2023-07-28,22.5572131147541,61
2023-07-29,22.536229508196723,61
2023-07-30,22.52786885245902,61
2023-07-31,22.655245901639343,61
2023-08-01,22.718852459016393,61
2023-08-02,22.602295081967213,61
2023-08-03,22.468688524590164,61
2023-08-04,22.51688524590164,61
2023-08-05,22.747213114754096,61
2023-08-06,23.127704918032787,61
2023-08-07,23.27262295081967,61
2023-08-08,23.378360655737705,61
2023-08-09,23.494754098360655,61
2023-08-10,23.551967213114754,61
2023-08-11,23.574754098360653,61
2023-08-12,23.512295081967213,61
2023-08-13,23.395901639344263,61
2023-08-14,23.259999999999998,61
2023-08-15,23.121147540983607,61
2023-08-16,22.91655737704918,61
2023-08-17,22.751311475409835,61
2023-08-18,22.685901639344262,61
2023-08-19,22.70393442622951,61
2023-08-20,22.694754098360654,61
2023-08-21,22.558032786885246,61
2023-08-22,22.451311475409835,61
2023-08-23,22.416065573770492,61
2023-08-24,22.641311475409836,61
2023-08-25,22.808688524590163,61
2023-08-26,22.941639344262295,61
2023-08-27,23.0144262295082,61
2023-08-28,23.157868852459018,61
2023-08-29,23.16344262295082,61
2023-08-30,23.242459016393443,61
2023-08-31,23.38770491803279,61
2023-09-01,23.17081967213115,61
2023-09-02,22.98688524590164,61
2023-09-03,22.846065573770492,61
2023-09-04,22.710163934426227,61
2023-09-05,22.616885245901642,61
2023-09-06,22.559508196721314,61
2023-09-07,22.619180327868854,61
2023-09-08,22.709508196721313,61
2023-09-09,22.954918032786885,61
2023-09-10,23.10704918032787,61
2023-09-11,23.18606557377049,61
2023-09-12,23.242131147540984,61
2023-09-13,23.11327868852459,61
2023-09-14,23.164590163934427,61
2023-09-15,23.178524590163935,61
2023-09-16,23.14918032786885,61
2023-09-17,23.101639344262296,61
2023-09-18,23.06295081967213,61
2023-09-19,23.13590163934426,61
2023-09-20,23.319016393442624,61
2023-09-21,23.29983606557377,61
2023-09-22,23.402295081967214,61
2023-09-23,23.32983606557377,61
2023-09-24,23.20754098360656,61
2023-09-25,23.17032786885246,61
2023-09-26,23.26852459016393,61
2023-09-27,23.48032786885246,61
2023-09-28,23.599999999999998,61
2023-09-29,23.569180327868853,61
2023-09-30,23.378360655737705,61
2023-10-01,23.210819672131144,61
2023-10-02,23.051803278688524,61
2023-10-03,22.99573770491803,61
2023-10-04,23.10934426229508,61
2023-10-05,23.20606557377049,61
2023-10-06,23.384098360655738,61
2023-10-07,23.679180327868853,61
2023-10-08,23.944098360655737,61
2023-10-09,24.04295081967213,61
2023-10-10,23.988852459016393,61
2023-10-11,23.91032786885246,61
2023-10-12,23.97229508196721,61
2023-10-13,24.129508196721314,61
2023-10-14,24.47672131147541,61
2023-10-15,24.928852459016394,61
2023-10-16,25.33573770491803,61
2023-10-17,25.531967213114754,61
2023-10-18,25.466229508196722,61
2023-10-19,25.40672131147541,61
2023-10-20,25.398688524590163,61
2023-10-21,25.351639344262296,61
2023-10-22,25.16688524590164,61
2023-10-23,24.912950819672133,61
2023-10-24,24.75590163934426,61
2023-10-25,24.59409836065574,61
2023-10-26,24.396229508196722,61
2023-10-27,24.270655737704917,61
2023-10-28,24.09918032786885,61
2023-10-29,24.00049180327869,61
2023-10-30,23.93901639344262,61
2023-10-31,23.967704918032787,61
2023-11-01,24.078688524590163,61
2023-11-02,24.194918032786887,61
2023-11-03,24.27967213114754,61
2023-11-04,24.46,61
2023-11-05,24.63311475409836,61
2023-11-06,24.72229508196721,61
2023-11-07,24.752622950819674,61
2023-11-08,24.597868852459015,61
2023-11-09,24.347540983606557,61
2023-11-10,24.214918032786883,61
2023-11-11,24.100327868852457,61
2023-11-12,24.07049180327869,61
2023-11-13,24.129344262295085,61
2023-11-14,24.1083606557377,61
2023-11-15,24.105245901639346,61
2023-11-16,24.13049180327869,61
2023-11-17,24.305573770491804,61
2023-11-18,24.544590163934426,61
2023-11-19,24.911639344262294,61
2023-11-20,25.25983606557377,61
2023-11-21,25.581967213114755,61
2023-11-22,25.76967213114754,61
2023-11-23,25.77262295081967,61
2023-11-24,25.717704918032787,61
2023-11-25,25.624426229508195,61
2023-11-26,25.50983606557377,61
2023-11-27,25.41032786885246,61
2023-11-28,25.360819672131147,61
2023-11-29,25.208196721311477,61
2023-11-30,25.118360655737707,61
2023-12-01,25.157540983606555,61
2023-12-02,25.1744262295082,61
2023-12-03,25.35295081967213,61
2023-12-04,25.531147540983607,61
2023-12-05,25.714098360655736,61
2023-12-06,25.74573770491803,61
2023-12-07,25.63639344262295,61
2023-12-08,25.31295081967213,61
2023-12-09,25.314426229508197,61
2023-12-10,25.538360655737705,61
2023-12-11,25.72622950819672,61
2023-12-12,25.832295081967214,61
2023-12-13,25.88049180327869,61
2023-12-14,25.879836065573773,61
2023-12-15,25.741639344262296,61
2023-12-16,25.606065573770493,61
2023-12-17,25.512622950819672,61
2023-12-18,25.47049180327869,61
2023-12-19,25.475081967213114,61
2023-12-20,25.50934426229508,61
2023-12-21,25.463770491803277,61
2023-12-22,25.511147540983607,61
2023-12-23,25.598360655737704,61
2023-12-24,25.68245901639344,61
2023-12-25,25.72098360655738,61
2023-12-26,25.713606557377048,61
2023-12-27,25.582622950819673,61
2023-12-28,25.43737704918033,61
2023-12-29,25.309016393442622,61
2023-12-30,25.33098360655738,61
2023-12-31,25.322786885245904,61
2024-01-01,25.28688524590164,61
2024-01-02,25.16049180327869,61
2024-01-03,25.158688524590165,61
2024-01-04,25.248032786885247,61
2024-01-05,25.410983606557377,61
2024-01-06,25.57639344262295,61
2024-01-07,25.50983606557377,61
2024-01-08,25.26426229508197,61
2024-01-09,25.006065573770492,61
2024-01-10,24.862786885245903,61
2024-01-11,24.737704918032787,61
2024-01-12,24.57540983606557,61
2024-01-13,24.430655737704917,61
2024-01-14,24.357540983606558,61
2024-01-15,24.324590163934424,61
2024-01-16,24.33426229508197,61
2024-01-17,24.388360655737706,61
2024-01-18,24.545245901639344,61
2024-01-19,24.779999999999998,61
2024-01-20,24.96311475409836,61
2024-01-21,24.95409836065574,61
2024-01-22,24.980819672131148,61
2024-01-23,24.848688524590163,61
2024-01-24,24.35983606557377,61
2024-01-25,23.96672131147541,61
2024-01-26,24.181311475409835,61
2024-01-27,24.429180327868853,61
2024-01-28,24.399508196721314,61
2024-01-29,24.41540983606557,61
2024-01-30,24.770983606557376,61
2024-01-31,25.190491803278686,61
2024-02-01,25.33606557377049,61
2024-02-02,25.29672131147541,61
2024-02-03,25.241803278688526,61
2024-02-04,24.95737704918033,61
2024-02-05,24.821147540983606,61
2024-02-06,24.98032786885246,61
2024-02-07,25.275573770491803,61
2024-02-08,25.58590163934426,61
2024-02-09,25.818688524590165,61
2024-02-10,26.096557377049184,61
2024-02-11,26.12327868852459,61
2024-02-12,26.073114754098363,61
2024-02-13,26.081639344262296,61
2024-02-14,26.252295081967215,61
2024-02-15,26.738524590163934,61
2024-02-16,27.001475409836065,61
2024-02-17,27.191967213114754,61
2024-02-18,27.32934426229508,61
2024-02-19,27.397540983606557,61
2024-02-20,27.343114754098362,61
2024-02-21,27.168360655737704,61
2024-02-22,27.031639344262295,61
2024-02-23,26.87672131147541,61
2024-02-24,26.54245901639344,61
2024-02-25,26.531967213114754,61
2024-02-26,26.611311475409835,61
2024-02-27,26.709344262295083,61
2024-02-28,26.701147540983605,61
2024-02-29,26.590491803278688,61
2024-03-01,26.441803278688525,61
2024-03-02,26.28311475409836,61
2024-03-03,26.165081967213112,61
2024-03-04,26.06393442622951,61
2024-03-05,26.160819672131147,61
2024-03-06,26.448196721311476,61
2024-03-07,26.765737704918035,61
2024-03-08,26.84934426229508,61
2024-03-09,26.77672131147541,61
2024-03-10,26.778196721311478,61
2024-03-11,26.871147540983603,61
2024-03-12,26.96655737704918,61
2024-03-13,27.290819672131146,61
2024-03-14,27.799016393442624,61
2024-03-15,28.121967213114754,61
2024-03-16,28.505409836065574,61
2024-03-17,28.544754098360656,61
2024-03-18,28.379180327868852,61
2024-03-19,28.419999999999998,61
2024-03-20,28.591475409836065,61
2024-03-21,28.771967213114753,61
2024-03-22,28.87672131147541,61
2024-03-23,28.717377049180328,61
2024-03-24,28.563278688524587,61
2024-03-25,28.577377049180328,61
2024-03-26,28.589180327868853,61
2024-03-27,28.70606557377049,61
2024-03-28,28.714754098360654,61
2024-03-29,28.644590163934424,61
2024-03-30,28.52786885245902,61
2024-03-31,28.468852459016393,61
2024-04-01,28.55688524590164,61
2024-04-02,28.591967213114753,61
2024-04-03,28.59377049180328,61
2024-04-04,28.629508196721314,61
2024-04-05,28.80327868852459,61
2024-04-06,28.80311475409836,61
2024-04-07,28.74311475409836,61
2024-04-08,28.775245901639344,61
2024-04-09,28.83459016393443,61
2024-04-10,28.704590163934427,61
2024-04-11,28.477213114754097,61
2024-04-12,28.310000000000002,61
2024-04-13,28.217704918032787,61
2024-04-14,28.195737704918034,61
2024-04-15,28.219508196721314,61
2024-04-16,28.315737704918032,61
2024-04-17,28.464426229508195,61
2024-04-18,28.518852459016394,61
2024-04-19,28.641803278688528,61
2024-04-20,28.619836065573768,61
2024-04-21,28.432622950819674,61
2024-04-22,28.25049180327869,61
2024-04-23,28.572786885245904,61
2024-04-24,28.391311475409836,61
2024-04-25,28.28327868852459,61
2024-04-26,28.179344262295082,61
2024-04-27,28.044918032786885,61
2024-04-28,28.08065573770492,61
2024-04-29,28.318360655737706,61
2024-04-30,28.427868852459014,61
2024-05-01,28.298688524590165,61
2024-05-02,28.221639344262293,61
2024-05-03,28.200983606557376,61
2024-05-04,28.168524590163933,61
2024-05-05,27.816885245901638,61
2024-05-06,27.497049180327867,61
2024-05-07,27.36606557377049,61
2024-05-08,27.304426229508195,61
2024-05-09,27.25622950819672,61
2024-05-10,27.270655737704917,61
2024-05-11,27.267704918032784,61
2024-05-12,27.312131147540985,61
2024-05-13,27.250983606557377,61
2024-05-14,27.21311475409836,61
2024-05-15,27.295081967213115,61
2024-05-16,27.365737704918033,61
2024-05-17,27.451639344262293,61
2024-05-18,27.478688524590165,61
2024-05-19,27.3827868852459,61
2024-05-20,27.250983606557377,61
2024-05-21,27.08426229508197,61
2024-05-22,26.981639344262298,61
2024-05-23,27.041967213114752,61
2024-05-24,27.02344262295082,61
2024-05-25,27.01360655737705,61
2024-05-26,26.978852459016395,61
2024-05-27,27.002459016393445,61
2024-05-28,26.838360655737706,61
2024-05-29,26.712295081967213,61
2024-05-30,26.621311475409836,61
2024-05-31,26.55016393442623,61
2024-06-01,26.589344262295082,61
2024-06-02,26.48639344262295,61
2024-06-03,26.281803278688525,61
2024-06-04,26.031475409836066,61
2024-06-05,25.96262295081967,61
2024-06-06,25.99983606557377,61
2024-06-07,26.071967213114757,61
2024-06-08,26.16655737704918,61
2024-06-09,26.228196721311477,61
2024-06-10,26.313114754098358,61
2024-06-11,26.352131147540984,61
2024-06-12,26.402131147540985,61
2024-06-13,26.340983606557376,61
2024-06-14,26.398852459016393,61
2024-06-15,26.23672131147541,61
2024-06-16,26.229016393442624,61
2024-06-17,26.201967213114752,61
2024-06-18,25.986229508196722,61
2024-06-19,25.790327868852458,61
2024-06-20,25.638032786885248,61
2024-06-21,25.568524590163936,61
2024-06-22,25.570819672131147,61
2024-06-23,25.554262295081966,61
2024-06-24,25.443934426229507,61
2024-06-25,25.385573770491803,61
2024-06-26,25.314918032786885,61
2024-06-27,25.214262295081966,61
2024-06-28,25.069016393442624,61
2024-06-29,24.91688524590164,61
2024-06-30,24.666065573770492,61
2024-07-01,24.538524590163934,61
2024-07-02,24.484754098360654,61
2024-07-03,24.31983606557377,61
2024-07-04,24.221639344262293,61
2024-07-05,24.18606557377049,61
2024-07-06,24.131311475409834,61
2024-07-07,24.285901639344264,61
2024-07-08,24.291475409836064,61
2024-07-09,24.357540983606558,61
2024-07-10,24.508524590163933,61
2024-07-11,24.39639344262295,61
2024-07-12,24.310000000000002,61
2024-07-13,24.280655737704915,61
2024-07-14,24.182622950819674,61
2024-07-15,24.15065573770492,61
2024-07-16,24.223114754098358,61
2024-07-17,24.322622950819675,61
2024-07-18,24.38639344262295,61
2024-07-19,24.339180327868853,61
2024-07-20,24.306065573770493,61
2024-07-21,24.337540983606555,61
2024-07-22,24.442622950819672,61
2024-07-23,24.459508196721313,61
2024-07-24,24.31639344262295,61
2024-07-25,24.138032786885248,61
2024-07-26,24.041967213114752,61
2024-07-27,23.9727868852459,61
2024-07-28,23.995245901639343,61
2024-07-29,24.019016393442623,61
2024-07-30,24.044590163934426,61
2024-07-31,24.081639344262296,61
2024-08-01,24.104262295081966,61
2024-08-02,24.078196721311475,61
2024-08-03,23.991475409836067,61
2024-08-04,23.873934426229507,61
2024-08-05,23.718032786885246,61
2024-08-06,23.667540983606557,61
2024-08-07,23.70360655737705,61
2024-08-08,23.727377049180326,61
2024-08-09,23.817540983606555,61
2024-08-10,23.87344262295082,61
2024-08-11,23.91688524590164,61
2024-08-12,23.922459016393443,61
2024-08-13,23.894918032786883,61
2024-08-14,23.761311475409837,61
2024-08-15,23.71,61
2024-08-16,23.69327868852459,61
2024-08-17,23.624918032786884,61
2024-08-18,23.486229508196722,61
2024-08-19,23.551475409836065,61
2024-08-20,23.679180327868853,61
2024-08-21,23.679016393442623,61
2024-08-22,23.586885245901637,61
2024-08-23,23.52770491803279,61
2024-08-24,23.492786885245902,61
2024-08-25,23.483770491803277,61
2024-08-26,23.52786885245902,61
2024-08-27,23.44737704918033,61
2024-08-28,23.469016393442622,61
2024-08-29,23.285901639344264,61
2024-08-30,23.14704918032787,61
2024-08-31,23.09426229508197,61
2024-09-01,23.10672131147541,61
2024-09-02,23.268196721311472,61
2024-09-03,23.175245901639347,61
2024-09-04,23.104426229508196,61
2024-09-05,23.058032786885246,61
2024-09-06,22.95688524590164,61
2024-09-07,22.911803278688527,61
2024-09-08,22.980819672131148,61
2024-09-09,22.980983606557377,61
2024-09-10,22.92032786885246,61
2024-09-11,23.04262295081967,61
2024-09-12,23.408360655737706,61
2024-09-13,23.835409836065573,61
2024-09-14,23.997213114754096,61
2024-09-15,23.912131147540986,61
2024-09-16,23.73918032786885,61
2024-09-17,23.808524590163934,61
2024-09-18,24.020983606557376,61
2024-09-19,24.225737704918032,61
2024-09-20,24.273114754098362,61
2024-09-21,24.22049180327869,61
2024-09-22,24.192131147540984,61
2024-09-23,24.270983606557376,61
2024-09-24,24.36,61
2024-09-25,24.59327868852459,61
2024-09-26,24.748360655737706,61
2024-09-27,24.758688524590163,61
2024-09-28,24.586721311475408,61
2024-09-29,24.450327868852458,61
2024-09-30,24.45672131147541,61
2024-10-01,24.51065573770492,61
2024-10-02,24.421803278688525,61
2024-10-03,24.341967213114753,61
2024-10-04,24.31967213114754,61
2024-10-05,24.37737704918033,61
2024-10-06,24.377704918032787,61
2024-10-07,24.40032786885246,61
2024-10-08,24.41409836065574,61
2024-10-09,24.4672131147541,61
2024-10-10,24.58967213114754,61
2024-10-11,24.66950819672131,61
2024-10-12,24.63967213114754,61
2024-10-13,24.588524590163935,61
2024-10-14,24.494754098360655,61
2024-10-15,24.387049180327868,61
2024-10-16,24.341311475409835,61
2024-10-17,24.34688524590164,61
2024-10-18,24.40032786885246,61
2024-10-19,24.45327868852459,61
2024-10-20,24.474918032786885,61
2024-10-21,24.551475409836065,61
2024-10-22,24.448032786885246,61
2024-10-23,24.405081967213114,61
2024-10-24,24.584918032786888,61
2024-10-25,24.568524590163936,61
2024-10-26,24.538032786885246,61
2024-10-27,24.620163934426227,61
2024-10-28,24.720000000000002,61
2024-10-29,24.680655737704917,61
2024-10-30,24.70754098360656,61
2024-10-31,25.134754098360656,61
2024-11-01,25.41639344262295,61
2024-11-02,25.487540983606557,61
2024-11-03,25.461639344262295,61
2024-11-04,25.391803278688528,61
2024-11-05,25.22672131147541,61
2024-11-06,25.131311475409834,61
2024-11-07,25.106393442622952,61
2024-11-08,24.89655737704918,61
2024-11-09,24.694918032786884,61
2024-11-10,24.549180327868854,61
2024-11-11,24.59409836065574,61
2024-11-12,24.865901639344262,61
2024-11-13,25.16409836065574,61
2024-11-14,25.421967213114755,61
2024-11-15,25.512131147540984,61
2024-11-16,25.5144262295082,61
2024-11-17,25.643934426229507,61
2024-11-18,25.661967213114753,61
2024-11-19,25.705901639344262,61
2024-11-20,25.664426229508198,61
2024-11-21,25.592459016393445,61
2024-11-22,25.483606557377048,61
2024-11-23,25.571967213114757,61
2024-11-24,25.661639344262294,61
2024-11-25,25.629180327868855,61
2024-11-26,25.783770491803278,61
2024-11-27,26.05327868852459,61
2024-11-28,26.158524590163935,61
2024-11-29,26.35934426229508,61
2024-11-30,26.51032786885246,61
2024-12-01,26.50590163934426,61
2024-12-02,26.307540983606557,61
2024-12-03,26.219836065573773,61
2024-12-04,26.05016393442623,61
2024-12-05,25.92016393442623,61
2024-12-06,25.871803278688525,61
2024-12-07,25.85065573770492,61
2024-12-08,25.94065573770492,61
2024-12-09,26.074098360655736,61
2024-12-10,26.42622950819672,61
2024-12-11,26.832459016393443,61
2024-12-12,27.20377049180328,61
2024-12-13,27.634262295081967,61
2024-12-14,27.645901639344263,61
2024-12-15,27.522459016393444,61
2024-12-16,27.540819672131146,61
2024-12-17,27.558196721311475,61
2024-12-18,27.600983606557378,61
2024-12-19,27.728688524590165,61
2024-12-20,28.019016393442623,61
2024-12-21,28.178852459016394,61
2024-12-22,28.13229508196721,61
2024-12-23,28.081967213114755,61
2024-12-24,27.89344262295082,61
2024-12-25,27.578852459016392,61
2024-12-26,27.33639344262295,61
2024-12-27,27.239016393442622,61
2024-12-28,27.451475409836064,61
2024-12-29,27.77786885245902,61
2024-12-30,28.071803278688524,61
2024-12-31,28.555245901639342,61
2025-01-01,28.934590163934427,61
2025-01-02,29.184426229508198,61
2025-01-03,29.197868852459017,61
2025-01-04,28.97344262295082,61
2025-01-05,28.747704918032785,61
2025-01-06,28.715901639344263,61
2025-01-07,28.67016393442623,61
2025-01-08,28.802295081967213,61
2025-01-09,29.005409836065574,61
2025-01-10,29.072622950819675,61
2025-01-11,29.15639344262295,61
2025-01-12,29.164754098360653,61
2025-01-13,29.195081967213117,61
2025-01-14,29.23540983606557,61
2025-01-15,29.369999999999997,61
2025-01-16,29.421967213114755,61
2025-01-17,29.26081967213115,61
2025-01-18,29.15311475409836,61
2025-01-19,29.37672131147541,61
2025-01-20,29.35360655737705,61
2025-01-21,28.49327868852459,61
2025-01-22,28.541147540983605,61
2025-01-23,28.600983606557378,61
2025-01-24,28.37311475409836,61
2025-01-25,28.395737704918034,61
2025-01-26,28.577540983606557,61
2025-01-27,28.808852459016393,61
2025-01-28,29.07934426229508,61
2025-01-29,29.35704918032787,61
2025-01-30,29.591475409836065,61
2025-01-31,29.828196721311475,61
2025-02-01,29.959016393442624,61
2025-02-02,29.832459016393443,61
2025-02-03,29.91655737704918,61
2025-02-04,30.038524590163934,61
2025-02-05,30.072950819672133,61
2025-02-06,30.22737704918033,61
2025-02-07,30.175901639344264,61
2025-02-08,30.198524590163935,61
2025-02-09,30.230983606557377,61
2025-02-10,29.938032786885245,61
2025-02-11,29.914754098360653,61
2025-02-12,29.436885245901642,61
2025-02-13,29.050983606557374,61
2025-02-14,28.75622950819672,61
2025-02-15,28.545737704918032,61
2025-02-16,28.375573770491805,61
2025-02-17,28.31606557377049,61
2025-02-18,28.335245901639347,61
2025-02-19,28.485737704918034,61
2025-02-20,28.525081967213115,61
2025-02-21,28.45262295081967,61
2025-02-22,28.621967213114754,61
2025-02-23,28.809672131147543,61
2025-02-24,29.006065573770492,61
2025-02-25,29.195409836065576,61
2025-02-26,29.47606557377049,61
2025-02-27,29.732459016393445,61
2025-02-28,30.01950819672131,61
2025-03-01,30.211147540983603,61
2025-03-02,30.252459016393445,61
2025-03-03,30.360491803278688,61
2025-03-04,30.29245901639344,61
2025-03-05,30.288360655737705,61
2025-03-06,30.11934426229508,61
2025-03-07,29.84426229508197,61
2025-03-08,29.517213114754096,61
2025-03-09,29.205901639344262,61
2025-03-10,28.951475409836064,61
2025-03-11,28.884590163934426,61
2025-03-12,28.918360655737704,61
2025-03-13,28.8916393442623,61
2025-03-14,28.858688524590164,61
2025-03-15,28.951147540983605,61
2025-03-16,29.1872131147541,61
2025-03-17,29.342459016393445,61
2025-03-18,29.28344262295082,61
2025-03-19,28.947704918032787,61
2025-03-20,28.881967213114752,61
2025-03-21,29.098360655737704,61
2025-03-22,29.229508196721312,61
2025-03-23,29.299016393442624,61
2025-03-24,29.448196721311476,61
2025-03-25,29.345737704918033,61
2025-03-26,29.560000000000002,61
2025-03-27,29.950327868852458,61
2025-03-28,30.058032786885246,61
2025-03-29,30.144262295081965,61
2025-03-30,30.11754098360656,61
2025-03-31,30.05131147540984,61
2025-04-01,29.997377049180326,61
2025-04-02,29.912622950819674,61
2025-04-03,29.657213114754096,61
2025-04-04,29.31016393442623,61
2025-04-05,29.07918032786885,61
2025-04-06,28.887868852459018,61
2025-04-07,28.872295081967213,61
2025-04-08,28.86360655737705,61
2025-04-09,28.86016393442623,61
2025-04-10,28.931475409836064,61
2025-04-11,28.97262295081967,61
2025-04-12,28.969344262295085,61
2025-04-13,28.822459016393445,61
2025-04-14,28.60737704918033,61
2025-04-15,28.458852459016395,61
2025-04-16,28.278524590163933,61
2025-04-17,28.08360655737705,61
2025-04-18,28.061967213114755,61
2025-04-19,28.11262295081967,61
2025-04-20,28.25606557377049,61
2025-04-21,28.518688524590164,61
2025-04-22,28.774262295081968,61
2025-04-23,28.85360655737705,61
2025-04-24,28.718852459016393,61
2025-04-25,28.682622950819674,61
2025-04-26,28.61655737704918,61
2025-04-27,28.383114754098358,61
2025-04-28,28.33344262295082,61
2025-04-29,28.332622950819673,61
2025-04-30,28.35295081967213,61
2025-05-01,28.469180327868855,61
2025-05-02,28.585245901639347,61
2025-05-03,28.654754098360655,61
2025-05-04,28.690163934426227,61
2025-05-05,28.838196721311473,61
2025-05-06,28.82622950819672,61
2025-05-07,28.838688524590165,61
2025-05-08,28.861475409836064,61
2025-05-09,28.91639344262295,61
2025-05-10,29.02409836065574,61
2025-05-11,29.1072131147541,61
2025-05-12,29.10081967213115,61
2025-05-13,28.983934426229506,61
2025-05-14,28.91344262295082,61
2025-05-15,28.765901639344264,61
2025-05-16,28.565573770491802,61
2025-05-17,28.409344262295082,61
2025-05-18,28.30639344262295,61
2025-05-19,28.288524590163934,61
2025-05-20,28.255081967213115,61
2025-05-21,28.060000000000002,61
2025-05-22,27.88065573770492,61
2025-05-23,27.531967213114754,61
2025-05-24,27.733934426229506,61
2025-05-25,27.698688524590168,61
2025-05-26,27.518688524590164,61
2025-05-27,27.321803278688527,61
2025-05-28,27.178524590163935,61
2025-05-29,27.137868852459018,61
2025-05-30,27.14918032786885,61
2025-05-31,27.225409836065573,61
2025-06-01,27.392459016393442,61
2025-06-02,27.372459016393442,61
2025-06-03,27.187704918032786,61
2025-06-04,27.143934426229507,61
2025-06-05,27.011475409836066,61
2025-06-06,26.81245901639344,61
2025-06-07,26.658032786885247,61
2025-06-08,26.518032786885243,61
2025-06-09,26.431967213114753,61
2025-06-10,26.39540983606557,61
2025-06-11,26.342950819672133,61
2025-06-12,26.28311475409836,61
2025-06-13,26.144262295081965,61
2025-06-14,25.947704918032787,61
2025-06-15,25.81590163934426,61
2025-06-16,25.75655737704918,61
2025-06-17,25.784262295081966,61
2025-06-18,25.870163934426227,61
2025-06-19,25.950327868852458,61
2025-06-20,25.81672131147541,61
2025-06-21,25.57524590163934,61
2025-06-22,25.33360655737705,61
2025-06-23,25.1172131147541,61
2025-06-24,24.88393442622951,61
2025-06-25,24.758196721311474,61
2025-06-26,24.828852459016392,61
2025-06-27,24.82688524590164,61
2025-06-28,24.828196721311475,61
2025-06-29,24.790983606557376,61
2025-06-30,24.705409836065574,61
2025-07-01,24.635409836065573,61
2025-07-02,24.61245901639344,61
2025-07-03,24.510163934426227,61
2025-07-04,24.497540983606555,61
2025-07-05,24.454918032786885,61
2025-07-06,24.539180327868856,61
2025-07-07,24.575081967213112,61
2025-07-08,24.52934426229508,61
2025-07-09,24.43327868852459,61
2025-07-10,24.208196721311477,61
2025-07-11,24.065573770491802,61
2025-07-12,24.087377049180326,61
2025-07-13,24.161639344262294,61
2025-07-14,24.12065573770492,61
2025-07-15,24.144590163934424,61
2025-07-16,23.99409836065574,61
2025-07-17,23.911475409836065,61
2025-07-18,23.95622950819672,61
2025-07-19,24.003278688524592,61
2025-07-20,23.918196721311475,61
2025-07-21,23.881967213114752,61
2025-07-22,23.88229508196721,61
2025-07-23,23.845245901639345,61
2025-07-24,23.778524590163933,61
2025-07-25,23.7772131147541,61
2025-07-26,23.700983606557376,61
2025-07-27,23.658196721311477,61
2025-07-28,23.565737704918032,61
2025-07-29,23.462295081967213,61
2025-07-30,23.42311475409836,61
2025-07-31,23.395081967213113,61
2025-08-01,23.37672131147541,61
2025-08-02,23.449016393442626,61
2025-08-03,23.37737704918033,61
2025-08-04,23.348360655737704,61
2025-08-05,23.237868852459016,61
2025-08-06,23.263934426229508,61
2025-08-07,23.38065573770492,61
2025-08-08,23.619999999999997,61
2025-08-09,23.822131147540986,61
2025-08-10,23.653442622950816,61
2025-08-11,23.54213114754098,61
2025-08-12,23.68967213114754,61
2025-08-13,23.811967213114755,61
2025-08-14,23.691147540983607,61
2025-08-15,23.725573770491803,61
2025-08-16,23.94868852459016,61
2025-08-17,24.110983606557376,61
2025-08-18,24.16032786885246,61
2025-08-19,24.219344262295085,61
2025-08-20,24.22639344262295,61
2025-08-21,24.17032786885246,61
2025-08-22,24.23032786885246,61
2025-08-23,24.30934426229508,61
2025-08-24,24.285573770491805,61
2025-08-25,24.175573770491805,61
2025-08-26,24.00049180327869,61
2025-08-27,23.817540983606555,61
2025-08-28,23.68327868852459,61
2025-08-29,23.549672131147542,61
2025-08-30,23.40098360655738,61
2025-08-31,23.44344262295082,61
2025-09-01,23.59393442622951,61
2025-09-02,23.775901639344262,61
2025-09-03,23.787868852459017,61
2025-09-04,23.765245901639346,61
2025-09-05,23.692295081967213,61
2025-09-06,23.593114754098362,61
2025-09-07,23.512295081967213,61
2025-09-08,23.432131147540986,61
2025-09-09,23.399672131147543,61
2025-09-10,23.358688524590164,61
2025-09-11,23.42950819672131,61
2025-09-12,23.57688524590164,61
2025-09-13,23.848360655737704,61
2025-09-14,23.770655737704917,61
2025-09-15,23.484754098360654,61
2025-09-16,23.27360655737705,61
2025-09-17,23.09393442622951,61
2025-09-18,23.053606557377048,61
2025-09-19,23.2627868852459,61
2025-09-20,23.561639344262296,61
2025-09-21,23.89934426229508,61
2025-09-22,23.988524590163934,61
2025-09-23,23.98704918032787,61
2025-09-24,23.99098360655738,61
2025-09-25,24.18360655737705,61
2025-09-26,24.275409836065574,61
2025-09-27,24.13360655737705,61
2025-09-28,24.020983606557376,61
2025-09-29,23.83459016393443,61
2025-09-30,23.80688524590164,61
2025-10-01,23.961967213114754,61
2025-10-02,24.176885245901637,61
2025-10-03,24.30688524590164,61
2025-10-04,24.364426229508197,61
2025-10-05,24.362131147540982,61
2025-10-06,24.289016393442626,61
2025-10-07,24.13032786885246,61
2025-10-08,23.961475409836066,61
2025-10-09,23.878688524590164,61
2025-10-10,23.741147540983608,61
2025-10-11,23.76459016393443,61
2025-10-12,23.89934426229508,61
2025-10-13,24.01065573770492,61
2025-10-14,23.81590163934426,61
2025-10-15,23.74950819672131,61
2025-10-16,23.936557377049184,61
2025-10-17,24.25672131147541,61
2025-10-18,24.247540983606555,61
2025-10-19,24.069344262295083,61
2025-10-20,23.870819672131145,61
2025-10-21,23.737540983606557,61
2025-10-22,23.586721311475408,61
2025-10-23,23.59,61
2025-10-24,23.64918032786885,61
2025-10-25,23.629344262295085,61
2025-10-26,23.561639344262296,61
2025-10-27,23.711639344262295,61
2025-10-28,23.855245901639346,61
2025-10-29,23.79327868852459,61
2025-10-30,23.714098360655736,61
2025-10-31,23.754426229508198,61
2025-11-01,23.811639344262296,61
2025-11-02,24.001311475409835,61
2025-11-03,23.95245901639344,61
2025-11-04,23.967868852459016,61
2025-11-05,23.979180327868853,61
2025-11-06,23.97081967213115,61
2025-11-07,23.925737704918035,61
2025-11-08,24.014918032786888,61
2025-11-09,24.07049180327869,61
2025-11-10,24.164918032786883,61
2025-11-11,24.545409836065573,61
2025-11-12,24.67426229508197,61
2025-11-13,24.672622950819672,61
2025-11-14,24.516065573770494,61
2025-11-15,24.361967213114752,61
2025-11-16,24.52754098360656,61
2025-11-17,24.625409836065575,61
2025-11-18,24.893606557377048,61
2025-11-19,25.021311475409835,61
2025-11-20,25.07573770491803,61
2025-11-21,25.061311475409838,61
2025-11-22,25.04655737704918,61
2025-11-23,24.932786885245903,61
2025-11-24,24.77918032786885,61
2025-11-25,24.711311475409836,61
2025-11-26,24.68639344262295,61
2025-11-27,24.397377049180328,61
2025-11-28,24.184590163934427,61
2025-11-29,24.198360655737705,61
2025-11-30,24.45409836065574,61
2025-12-01,24.93344262295082,61
2025-12-02,25.32918032786885,61
2025-12-03,25.482131147540986,61
2025-12-04,25.502295081967215,61
2025-12-05,25.392459016393442,61
2025-12-06,25.218688524590164,61
2025-12-07,25.112459016393444,61
2025-12-08,25.05262295081967,61
2025-12-09,25.024590163934427,61
2025-12-10,25.101803278688525,61
2025-12-11,25.24409836065574,61
2025-12-12,25.341475409836065,61
2025-12-13,25.508688524590163,61
2025-12-14,25.724098360655738,61
2025-12-15,25.90606557377049,61
2025-12-16,25.912131147540986,61
2025-12-17,26.11,61
2025-12-18,26.33327868852459,61
2025-12-19,26.548032786885248,61
2025-12-20,26.782131147540984,61
2025-12-21,26.70606557377049,61
2025-12-22,26.668032786885245,61
2025-12-23,26.68016393442623,61
2025-12-24,26.728524590163936,61
2025-12-25,26.723114754098358,61
2025-12-26,26.344918032786886,61
2025-12-27,25.844590163934427,61
2025-12-28,25.370655737704915,61
2025-12-29,25.305081967213113,61
2025-12-30,25.623770491803278,61
2025-12-31,25.945081967213117,61
2026-01-01,26.138852459016395,61
2026-01-02,26.336721311475408,61
2026-01-03,26.50983606557377,61
2026-01-04,26.591639344262294,61
2026-01-05,26.594590163934427,61
2026-01-06,26.595901639344262,61
2026-01-07,26.57622950819672,61
2026-01-08,26.57639344262295,61
2026-01-09,26.45672131147541,61
2026-01-10,26.344754098360657,61
2026-01-11,26.305573770491804,61
2026-01-12,26.404098360655738,61
2026-01-13,26.538196721311476,61
2026-01-14,26.615081967213115,61
2026-01-15,26.682786885245903,61
2026-01-16,26.74311475409836,61
2026-01-17,26.99409836065574,61
2026-01-18,27.31262295081967,61
2026-01-19,27.440327868852457,61
2026-01-20,27.45262295081967,61
2026-01-21,27.63737704918033,61
2026-01-22,27.651475409836067,61
2026-01-23,27.378852459016393,61
2026-01-24,27.105573770491805,61
2026-01-25,26.899016393442622,61
2026-01-26,26.474918032786885,61
2026-01-27,25.89344262295082,61
2026-01-28,25.5755737704918,61
2026-01-29,25.559508196721314,61
2026-01-30,25.803606557377048,61
2026-01-31,26.314590163934426,61
2026-02-01,27.12672131147541,61
2026-02-02,27.45622950819672,61
2026-02-03,27.280819672131148,61
2026-02-04,27.06655737704918,61
2026-02-05,26.950327868852458,61
2026-02-06,26.764754098360658,61
2026-02-07,26.72032786885246,61
2026-02-08,26.2072131147541,61
2026-02-09,25.983442622950818,61
2026-02-10,25.8955737704918,61
2026-02-11,25.907377049180326,61
2026-02-12,25.978688524590165,61
2026-02-13,25.97377049180328,61
2026-02-14,26.024262295081968,61
2026-02-15,26.023114754098362,61
2026-02-16,26.09967213114754,61
2026-02-17,26.35327868852459,61
2026-02-18,26.557868852459016,61
2026-02-19,26.644426229508195,61
2026-02-20,26.551803278688524,61
2026-02-21,26.39049180327869,61
2026-02-22,26.448524590163935,61
2026-02-23,26.544098360655738,61
2026-02-24,26.659180327868853,61
2026-02-25,27.021803278688523,61
2026-02-26,27.331967213114755,61
2026-02-27,27.411147540983606,61
2026-02-28,27.096721311475413,61
2026-03-01,26.97590163934426,61
2026-03-02,27.104262295081966,61
2026-03-03,27.30688524590164,61
2026-03-04,27.474590163934426,61
2026-03-05,27.532295081967213,61
2026-03-06,27.823278688524592,61
2026-03-07,28.124754098360654,61
2026-03-08,28.261147540983607,61
2026-03-09,28.24655737704918,61
2026-03-10,28.038360655737705,61
2026-03-11,27.633278688524587,61
2026-03-12,27.184426229508198,61
2026-03-13,26.99295081967213,61
2026-03-14,27.017540983606555,61
2026-03-15,26.960819672131144,61
2026-03-16,26.847704918032786,61
2026-03-17,27.035081967213117,61
2026-03-18,27.16032786885246,61
2026-03-19,27.172131147540984,61
2026-03-20,27.284590163934425,61
2026-03-21,27.467540983606558,61
2026-03-22,27.53344262295082,61
2026-03-23,27.49967213114754,61
2026-03-24,27.346557377049184,61
2026-03-25,27.25967213114754,61
2026-03-26,27.22983606557377,61
2026-03-27,26.639344262295083,61
2026-03-28,26.719016393442622,61
2026-03-29,26.93901639344262,61
2026-03-30,26.85049180327869,61
2026-03-31,26.790327868852458,61
2026-04-01,26.86262295081967,61
2026-04-02,26.86327868852459,61
2026-04-03,26.88393442622951,61
2026-04-04,26.914918032786883,61
2026-04-05,26.954426229508197,61
2026-04-06,26.930655737704917,61
2026-04-07,26.96262295081967,61
2026-04-08,26.983934426229506,61
2026-04-09,27.015245901639346,61
2026-04-10,27.168032786885245,61
2026-04-11,27.22081967213115,61
2026-04-12,27.27606557377049,61
2026-04-13,27.468360655737705,61
2026-04-14,27.59934426229508,61
2026-04-15,27.59704918032787,61
2026-04-16,27.55262295081967,61
2026-04-17,27.512622950819672,61
2026-04-18,27.441803278688525,61
2026-04-19,27.436721311475413,61
2026-04-20,27.307540983606557,61
2026-04-21,27.072950819672133,61
2026-04-22,26.881475409836064,61
2026-04-23,26.73016393442623,61
2026-04-24,26.781475409836066,61
2026-04-25,26.931639344262294,61
2026-04-26,26.908524590163935,61
2026-04-27,26.939999999999998,61
2026-04-28,27.10065573770492,61
2026-04-29,27.23704918032787,61
2026-04-30,27.242622950819673,61
2026-05-01,27.102295081967213,61
2026-05-02,26.911475409836065,61
2026-05-03,26.822622950819675,61
2026-05-04,26.874918032786884,61
2026-05-05,26.9627868852459,61
2026-05-06,26.981475409836065,61
2026-05-07,26.877540983606558,61
2026-05-08,26.88295081967213,61
2026-05-09,26.869999999999997,61
2026-05-10,26.77344262295082,61
2026-05-11,26.68327868852459,61
2026-05-12,26.690983606557378,61
2026-05-13,26.85672131147541,61
2026-05-14,27.097704918032786,61
2026-05-15,26.998688524590165,61
2026-05-16,26.695409836065576,61
2026-05-17,26.408852459016394,61
2026-05-18,26.263934426229508,61
2026-05-19,26.162459016393445,61
2026-05-20,26.182950819672133,61
2026-05-21,26.281803278688525,61
2026-05-22,26.263934426229508,61
2026-05-23,26.20983606557377,61
2026-05-24,26.198196721311476,61
2026-05-25,26.10934426229508,61
2026-05-26,26.07360655737705,61
2026-05-27,26.130819672131146,61
2026-05-28,26.15672131147541,61
2026-05-29,26.182950819672133,61
2026-05-30,26.15377049180328,61
2026-05-31,26.052459016393442,61
2026-06-01,26.030327868852456,61
2026-06-02,26.01295081967213,61
2026-06-03,25.93737704918033,61
2026-06-04,25.825901639344263,61
2026-06-05,25.837377049180326,61
2026-06-06,25.92081967213115,61
2026-06-07,25.95262295081967,61
2026-06-08,25.869836065573768,61
2026-06-09,25.79295081967213,61
2026-06-10,25.81377049180328,61
2026-06-11,25.81032786885246,61
2026-06-12,25.704426229508197,61
2026-06-13,25.5,61
2026-06-14,25.38754098360656,61
2026-06-15,25.21655737704918,61
2026-06-16,25.02409836065574,61
2026-06-17,24.851803278688525,61
2026-06-18,24.66655737704918,61
2026-06-19,24.545573770491803,61
2026-06-20,24.44655737704918,61
2026-06-21,24.56049180327869,61
