date,hours_present,mean_mm,max_mm,feed
1984-01-01,24,722.5,1110.0,rqds
1984-01-02,24,673.3,1080.0,rqds
1984-01-03,24,676.7,1090.0,rqds
1984-01-04,24,655.8,1040.0,rqds
1984-01-05,24,577.1,930.0,rqds
1984-01-06,24,533.3,830.0,rqds
1984-01-07,24,562.1,840.0,rqds
1984-01-08,24,687.9,940.0,rqds
1984-01-09,24,877.1,1060.0,rqds
1984-01-10,24,924.6,1040.0,rqds
1984-01-11,24,804.6,940.0,rqds
1984-01-12,24,731.2,910.0,rqds
1984-01-13,24,689.2,950.0,rqds
1984-01-14,24,667.5,980.0,rqds
1984-01-15,24,557.7,960.0,rqds
1984-01-16,24,526.7,940.0,rqds
1984-01-17,24,548.3,980.0,rqds
1984-01-18,24,614.6,1060.0,rqds
1984-01-19,24,687.5,1120.0,rqds
1984-01-20,24,737.5,1120.0,rqds
1984-01-21,24,800.4,1120.0,rqds
1984-01-22,24,687.1,860.0,rqds
1984-01-23,24,612.9,740.0,rqds
1984-01-24,24,576.7,720.0,rqds
1984-01-25,24,569.2,730.0,rqds
1984-01-26,24,589.6,810.0,rqds
1984-01-27,24,608.3,900.0,rqds
1984-01-28,24,637.1,960.0,rqds
1984-01-29,24,670.8,1000.0,rqds
1984-01-30,24,778.3,1140.0,rqds
1984-01-31,24,861.7,1250.0,rqds
1984-02-01,24,770.4,1120.0,rqds
1984-02-02,24,723.8,1060.0,rqds
1984-02-03,24,677.1,990.0,rqds
1984-02-04,24,706.7,980.0,rqds
1984-02-05,24,650.4,860.0,rqds
1984-02-06,24,652.5,820.0,rqds
1984-02-07,24,670.0,770.0,rqds
1984-02-08,24,747.5,860.0,rqds
1984-02-09,24,838.8,990.0,rqds
1984-02-10,24,829.2,1040.0,rqds
1984-02-11,24,768.8,1020.0,rqds
1984-02-12,24,678.3,980.0,rqds
1984-02-13,24,697.5,1030.0,rqds
1984-02-14,24,711.2,1120.0,rqds
1984-02-15,24,652.9,1070.0,rqds
1984-02-16,24,692.9,1110.0,rqds
1984-02-17,24,697.9,1070.0,rqds
1984-02-18,24,575.0,820.0,rqds
1984-02-19,24,516.7,690.0,rqds
1984-02-20,24,520.0,600.0,rqds
1984-02-21,24,614.2,740.0,rqds
1984-02-22,24,583.8,780.0,rqds
1984-02-23,24,747.9,920.0,rqds
1984-02-24,24,880.8,1140.0,rqds
1984-02-25,24,865.5,1110.0,rqds
1984-02-26,24,702.1,1000.0,rqds
1984-02-27,24,605.0,880.0,rqds
1984-02-28,24,708.3,1010.0,rqds
1984-02-29,24,855.0,1200.0,rqds
1984-03-01,24,880.0,1150.0,rqds
1984-03-02,24,908.8,1160.0,rqds
1984-03-03,24,869.2,1070.0,rqds
1984-03-04,24,747.9,900.0,rqds
1984-03-05,24,709.6,860.0,rqds
1984-03-06,24,625.8,780.0,rqds
1984-03-07,24,675.8,820.0,rqds
1984-03-08,24,831.0,1000.0,rqds
1984-03-09,24,760.4,1060.0,rqds
1984-03-10,24,707.1,950.0,rqds
1984-03-11,24,658.3,960.0,rqds
1984-03-12,24,597.9,880.0,rqds
1984-03-13,24,631.2,930.0,rqds
1984-03-14,24,779.2,1100.0,rqds
1984-03-15,24,824.0,1160.0,rqds
1984-03-16,24,712.5,1020.0,rqds
1984-03-17,24,637.5,860.0,rqds
1984-03-18,24,620.0,780.0,rqds
1984-03-19,24,632.9,760.0,rqds
1984-03-20,24,764.2,940.0,rqds
1984-03-21,24,842.1,1080.0,rqds
1984-03-22,24,852.5,1120.0,rqds
1984-03-23,24,688.8,1060.0,rqds
1984-03-24,24,576.7,860.0,rqds
1984-03-25,24,552.9,790.0,rqds
1984-03-26,24,580.8,770.0,rqds
1984-03-27,24,700.8,880.0,rqds
1984-03-28,24,819.2,1020.0,rqds
1984-03-29,24,800.4,1000.0,rqds
1984-03-30,24,787.5,980.0,rqds
1984-03-31,24,811.2,960.0,rqds
1984-04-01,24,800.0,960.0,rqds
1984-04-02,24,752.5,930.0,rqds
1984-04-03,24,775.0,980.0,rqds
1984-04-04,24,812.1,1060.0,rqds
1984-04-05,24,797.9,1080.0,rqds
1984-04-06,24,818.8,1110.0,rqds
1984-04-07,24,852.9,1170.0,rqds
1984-04-08,24,847.9,1160.0,rqds
1984-04-09,24,855.4,1110.0,rqds
1984-04-10,24,1039.6,1280.0,rqds
1984-04-11,24,1048.3,1300.0,rqds
1984-04-12,24,1002.1,1220.0,rqds
1984-04-13,24,937.5,1120.0,rqds
1984-04-14,24,930.0,1060.0,rqds
1984-04-15,24,934.6,1080.0,rqds
1984-04-16,24,952.1,1180.0,rqds
1984-04-17,24,844.2,1180.0,rqds
1984-04-18,24,773.8,1100.0,rqds
1984-04-19,24,774.6,1120.0,rqds
1984-04-20,24,853.3,1180.0,rqds
1984-04-21,24,853.8,1230.0,rqds
1984-04-22,24,742.9,1000.0,rqds
1984-04-23,24,722.1,960.0,rqds
1984-04-24,24,759.2,920.0,rqds
1984-04-25,24,853.8,980.0,rqds
1984-04-26,24,823.2,910.0,rqds
1984-04-27,24,860.8,1010.0,rqds
1984-04-28,24,1067.5,1280.0,rqds
1984-04-29,24,1227.9,1400.0,rqds
1984-04-30,24,1074.6,1380.0,rqds
1984-05-01,24,934.2,1260.0,rqds
1984-05-02,24,847.5,1240.0,rqds
1984-05-03,24,739.3,1120.0,rqds
1984-05-04,24,770.4,1090.0,rqds
1984-05-05,24,937.6,1270.0,rqds
1984-05-06,24,1122.9,1380.0,rqds
1984-05-07,24,1224.2,1520.0,rqds
1984-05-08,24,1071.7,1380.0,rqds
1984-05-09,24,948.3,1240.0,rqds
1984-05-10,24,867.5,1000.0,rqds
1984-05-11,24,875.0,990.0,rqds
1984-05-12,24,900.8,1050.0,rqds
1984-05-13,24,930.8,1140.0,rqds
1984-05-14,24,991.2,1310.0,rqds
1984-05-15,24,1024.2,1420.0,rqds
1984-05-16,24,1117.9,1420.0,rqds
1984-05-17,24,1081.7,1550.0,rqds
1984-05-18,24,1106.2,1420.0,rqds
1984-05-19,24,1180.4,1560.0,rqds
1984-05-20,24,1086.2,1420.0,rqds
1984-05-21,24,915.0,1180.0,rqds
1984-05-22,24,905.8,1090.0,rqds
1984-05-23,24,984.6,1120.0,rqds
1984-05-24,24,1043.8,1200.0,rqds
1984-05-25,24,1073.3,1280.0,rqds
1984-05-26,24,1203.8,1480.0,rqds
1984-05-27,24,1336.4,1570.0,rqds
1984-05-28,24,1042.5,1390.0,rqds
1984-05-29,24,1022.5,1320.0,rqds
1984-05-30,24,910.4,1340.0,rqds
1984-05-31,24,858.3,1240.0,rqds
1984-06-01,24,896.7,1310.0,rqds
1984-06-02,24,943.3,1290.0,rqds
1984-06-03,24,1005.8,1350.0,rqds
1984-06-04,24,1148.8,1400.0,rqds
1984-06-05,24,1035.4,1380.0,rqds
1984-06-06,24,895.2,1100.0,rqds
1984-06-07,24,865.4,970.0,rqds
1984-06-08,24,918.8,1090.0,rqds
1984-06-09,24,972.1,1130.0,rqds
1984-06-10,24,940.4,1220.0,rqds
1984-06-11,24,1004.6,1350.0,rqds
1984-06-12,24,1007.5,1380.0,rqds
1984-06-13,24,897.5,1300.0,rqds
1984-06-14,24,877.5,1320.0,rqds
1984-06-15,24,805.8,1190.0,rqds
1984-06-16,24,842.2,1160.0,rqds
1984-06-17,24,893.8,1200.0,rqds
1984-06-18,24,955.8,1240.0,rqds
1984-06-19,24,1013.3,1200.0,rqds
1984-06-20,24,1125.8,1250.0,rqds
1984-06-21,24,1012.1,1270.0,rqds
1984-06-22,24,793.3,930.0,rqds
1984-06-23,24,846.2,1060.0,rqds
1984-06-24,24,941.7,1190.0,rqds
1984-06-25,24,883.3,1160.0,rqds
1984-06-26,24,811.2,1150.0,rqds
1984-06-27,24,827.5,1180.0,rqds
1984-06-28,24,807.1,1230.0,rqds
1984-06-29,24,865.0,1280.0,rqds
1984-06-30,24,743.8,1300.0,rqds
1984-07-01,24,672.5,1050.0,rqds
1984-07-02,24,893.3,1150.0,rqds
1984-07-03,24,1185.0,1380.0,rqds
1984-07-04,24,1232.1,1480.0,rqds
1984-07-05,24,1119.5,1270.0,rqds
1984-07-06,24,948.8,1100.0,rqds
1984-07-07,24,911.2,1090.0,rqds
1984-07-08,24,745.4,1000.0,rqds
1984-07-09,24,693.3,1060.0,rqds
1984-07-10,24,742.9,1100.0,rqds
1984-07-11,24,734.6,1140.0,rqds
1984-07-12,24,587.1,1060.0,rqds
1984-07-13,24,579.2,930.0,rqds
1984-07-14,24,825.0,1180.0,rqds
1984-07-15,24,949.6,1300.0,rqds
1984-07-16,24,812.5,1160.0,rqds
1984-07-17,24,758.8,1000.0,rqds
1984-07-18,24,712.9,900.0,rqds
1984-07-19,24,719.6,850.0,rqds
1984-07-20,24,746.2,860.0,rqds
1984-07-21,24,675.4,840.0,rqds
1984-07-22,24,675.4,880.0,rqds
1984-07-23,24,662.9,940.0,rqds
1984-07-24,24,790.4,1240.0,rqds
1984-07-25,24,960.8,1230.0,rqds
1984-07-26,24,858.5,1220.0,rqds
1984-07-27,24,826.2,1280.0,rqds
1984-07-28,24,760.0,1220.0,rqds
1984-07-29,24,701.8,1140.0,rqds
1984-07-30,24,670.0,1060.0,rqds
1984-07-31,24,708.3,960.0,rqds
1984-08-01,24,912.5,1050.0,rqds
1984-08-02,24,805.4,1060.0,rqds
1984-08-03,24,632.9,780.0,rqds
1984-08-04,24,761.2,1080.0,rqds
1984-08-05,24,938.3,1220.0,rqds
1984-08-06,24,955.0,1190.0,rqds
1984-08-07,24,849.5,1130.0,rqds
1984-08-08,24,704.6,1050.0,rqds
1984-08-09,24,621.2,970.0,rqds
1984-08-10,24,628.8,950.0,rqds
1984-08-11,24,679.2,990.0,rqds
1984-08-12,24,740.5,1050.0,rqds
1984-08-13,24,777.5,1010.0,rqds
1984-08-14,24,876.2,1120.0,rqds
1984-08-15,24,785.4,1080.0,rqds
1984-08-16,24,720.0,820.0,rqds
1984-08-17,24,755.8,880.0,rqds
1984-08-18,24,870.8,1090.0,rqds
1984-08-19,24,767.1,920.0,rqds
1984-08-20,24,772.5,1020.0,rqds
1984-08-21,24,758.3,980.0,rqds
1984-08-22,24,756.2,1080.0,rqds
1984-08-23,24,673.8,1010.0,rqds
1984-08-24,24,649.6,1020.0,rqds
1984-08-25,24,668.3,1070.0,rqds
1984-08-26,24,682.9,1080.0,rqds
1984-08-27,24,727.1,1060.0,rqds
1984-08-28,24,786.2,1020.0,rqds
1984-08-29,24,712.3,1000.0,rqds
1984-08-30,24,615.0,720.0,rqds
1984-08-31,24,692.9,870.0,rqds
1984-09-01,24,744.6,960.0,rqds
1984-09-02,24,774.2,1000.0,rqds
1984-09-03,24,731.7,1040.0,rqds
1984-09-04,24,915.0,1150.0,rqds
1984-09-05,24,815.0,1050.0,rqds
1984-09-06,24,771.2,1020.0,rqds
1984-09-07,24,771.7,1050.0,rqds
1984-09-08,24,855.0,1080.0,rqds
1984-09-09,24,710.8,1060.0,rqds
1984-09-10,24,625.8,870.0,rqds
1984-09-11,24,650.4,800.0,rqds
1984-09-12,24,741.2,860.0,rqds
1984-09-13,24,995.8,1240.0,rqds
1984-09-14,24,947.9,1110.0,rqds
1984-09-15,24,690.7,870.0,rqds
1984-09-16,24,592.5,800.0,rqds
1984-09-17,24,662.9,950.0,rqds
1984-09-18,24,677.7,860.0,rqds
1984-09-19,24,573.3,750.0,rqds
1984-09-20,24,554.6,840.0,rqds
1984-09-21,24,593.8,870.0,rqds
1984-09-22,24,579.2,870.0,rqds
1984-09-23,24,558.3,870.0,rqds
1984-09-24,24,545.0,820.0,rqds
1984-09-25,24,585.0,800.0,rqds
1984-09-26,24,616.7,770.0,rqds
1984-09-27,24,641.7,850.0,rqds
1984-09-28,24,672.1,930.0,rqds
1984-09-29,24,691.2,980.0,rqds
1984-09-30,24,772.1,1080.0,rqds
1984-10-01,24,781.2,1040.0,rqds
1984-10-02,24,717.1,960.0,rqds
1984-10-03,24,777.9,980.0,rqds
1984-10-04,24,798.8,960.0,rqds
1984-10-05,24,777.1,970.0,rqds
1984-10-06,24,887.1,1230.0,rqds
1984-10-07,24,1036.7,1270.0,rqds
1984-10-08,24,825.0,1040.0,rqds
1984-10-09,24,691.7,840.0,rqds
1984-10-10,24,710.8,900.0,rqds
1984-10-11,24,729.8,960.0,rqds
1984-10-12,24,703.3,960.0,rqds
1984-10-13,24,766.7,1050.0,rqds
1984-10-14,24,710.0,990.0,rqds
1984-10-15,24,617.5,880.0,rqds
1984-10-16,24,607.5,880.0,rqds
1984-10-17,24,626.7,880.0,rqds
1984-10-18,24,687.1,940.0,rqds
1984-10-19,24,808.8,1040.0,rqds
1984-10-20,24,775.4,980.0,rqds
1984-10-21,24,749.6,940.0,rqds
1984-10-22,24,781.2,980.0,rqds
1984-10-23,24,768.3,940.0,rqds
1984-10-24,24,729.2,960.0,rqds
1984-10-25,24,715.8,1000.0,rqds
1984-10-26,24,646.2,980.0,rqds
1984-10-27,24,616.7,970.0,rqds
1984-10-28,24,672.9,1030.0,rqds
1984-10-29,24,727.1,1050.0,rqds
1984-10-30,24,668.8,890.0,rqds
1984-10-31,24,599.6,820.0,rqds
1984-11-01,24,624.2,770.0,rqds
1984-11-02,24,558.3,650.0,rqds
1984-11-03,24,608.8,730.0,rqds
1984-11-04,24,747.5,880.0,rqds
1984-11-05,24,904.2,1080.0,rqds
1984-11-06,24,853.3,1040.0,rqds
1984-11-07,24,932.1,1230.0,rqds
1984-11-08,24,845.8,1080.0,rqds
1984-11-09,24,607.9,920.0,rqds
1984-11-10,24,552.5,890.0,rqds
1984-11-11,24,601.7,970.0,rqds
1984-11-12,24,637.5,1000.0,rqds
1984-11-13,24,658.8,980.0,rqds
1984-11-14,24,755.8,1080.0,rqds
1984-11-15,24,876.7,1150.0,rqds
1984-11-16,24,878.3,1060.0,rqds
1984-11-17,24,736.7,840.0,rqds
1984-11-18,24,686.0,803.0,rqds
1984-11-19,24,635.4,810.0,rqds
1984-11-20,24,506.7,760.0,rqds
1984-11-21,24,455.0,800.0,rqds
1984-11-22,24,503.3,920.0,rqds
1984-11-23,24,674.6,1080.0,rqds
1984-11-24,24,753.8,1180.0,rqds
1984-11-25,24,761.2,1180.0,rqds
1984-11-26,24,594.6,930.0,rqds
1984-11-27,24,572.1,880.0,rqds
1984-11-28,24,517.9,780.0,rqds
1984-11-29,24,500.4,690.0,rqds
1984-11-30,24,520.8,660.0,rqds
1984-12-01,24,540.0,660.0,rqds
1984-12-02,24,521.7,680.0,rqds
1984-12-03,24,589.2,820.0,rqds
1984-12-04,24,698.3,1000.0,rqds
1984-12-05,24,693.3,1000.0,rqds
1984-12-06,24,748.3,1120.0,rqds
1984-12-07,24,695.4,1080.0,rqds
1984-12-08,24,750.0,1180.0,rqds
1984-12-09,24,692.5,1100.0,rqds
1984-12-10,24,669.6,1080.0,rqds
1984-12-11,24,674.8,1080.0,rqds
1984-12-12,24,625.8,980.0,rqds
1984-12-13,24,649.6,920.0,rqds
1984-12-14,24,669.2,920.0,rqds
1984-12-15,24,639.2,770.0,rqds
1984-12-16,24,572.9,700.0,rqds
1984-12-17,24,502.1,700.0,rqds
1984-12-18,24,457.9,710.0,rqds
1984-12-19,24,455.4,800.0,rqds
1984-12-20,24,527.9,910.0,rqds
1984-12-21,24,628.8,1080.0,rqds
1984-12-22,24,715.0,1160.0,rqds
1984-12-23,24,659.2,1070.0,rqds
1984-12-24,24,620.8,1020.0,rqds
1984-12-25,24,666.2,1040.0,rqds
1984-12-26,24,725.0,1040.0,rqds
1984-12-27,24,848.0,1080.0,rqds
1984-12-28,24,738.8,910.0,rqds
1984-12-29,24,664.2,790.0,rqds
1984-12-30,24,607.1,740.0,rqds
1984-12-31,24,491.2,680.0,rqds
1985-01-01,24,429.6,640.0,rqds
1985-01-02,24,437.9,710.0,rqds
1985-01-03,24,499.6,840.0,rqds
1985-01-04,24,546.2,930.0,rqds
1985-01-05,24,632.9,1050.0,rqds
1985-01-06,24,605.0,1020.0,rqds
1985-01-07,24,519.2,940.0,rqds
1985-01-08,24,544.2,930.0,rqds
1985-01-09,24,663.8,1040.0,rqds
1985-01-10,24,645.4,950.0,rqds
1985-01-11,24,565.4,770.0,rqds
1985-01-12,24,544.6,690.0,rqds
1985-01-13,24,527.1,630.0,rqds
1985-01-14,24,522.5,700.0,rqds
1985-01-15,24,530.8,770.0,rqds
1985-01-16,24,555.0,870.0,rqds
1985-01-17,24,610.0,1000.0,rqds
1985-01-18,24,618.8,1010.0,rqds
1985-01-19,24,686.2,1100.0,rqds
1985-01-20,24,649.6,1060.0,rqds
1985-01-21,24,607.9,990.0,rqds
1985-01-22,24,557.9,890.0,rqds
1985-01-23,24,602.5,900.0,rqds
1985-01-24,24,639.6,880.0,rqds
1985-01-25,24,670.8,860.0,rqds
1985-01-26,24,590.0,690.0,rqds
1985-01-27,24,591.2,680.0,rqds
1985-01-28,24,579.2,700.0,rqds
1985-01-29,24,582.5,770.0,rqds
1985-01-30,24,593.8,820.0,rqds
1985-01-31,24,675.4,950.0,rqds
1985-02-01,24,731.7,1040.0,rqds
1985-02-02,24,698.3,1070.0,rqds
1985-02-03,24,705.8,1100.0,rqds
1985-02-04,24,697.9,1120.0,rqds
1985-02-05,24,670.4,1100.0,rqds
1985-02-06,24,730.0,1120.0,rqds
1985-02-07,24,795.8,1110.0,rqds
1985-02-08,24,858.8,1100.0,rqds
1985-02-09,24,887.9,1010.0,rqds
1985-02-10,24,857.5,980.0,rqds
1985-02-11,24,807.5,1010.0,rqds
1985-02-12,24,779.2,1010.0,rqds
1985-02-13,24,887.9,1140.0,rqds
1985-02-14,24,848.3,1210.0,rqds
1985-02-15,24,717.9,1060.0,rqds
1985-02-16,24,774.2,1100.0,rqds
1985-02-17,24,905.4,1300.0,rqds
1985-02-18,24,956.7,1290.0,rqds
1985-02-19,24,870.0,1160.0,rqds
1985-02-20,24,881.7,1140.0,rqds
1985-02-21,24,863.8,1090.0,rqds
1985-02-22,24,912.9,1100.0,rqds
1985-02-23,24,1023.3,1160.0,rqds
1985-02-24,24,1032.9,1190.0,rqds
1985-02-25,24,980.4,1150.0,rqds
1985-02-26,24,987.1,1180.0,rqds
1985-02-27,24,959.2,1190.0,rqds
1985-02-28,24,898.8,1170.0,rqds
1985-03-01,24,789.2,1060.0,rqds
1985-03-02,24,778.8,1070.0,rqds
1985-03-03,24,707.9,1040.0,rqds
1985-03-04,24,727.9,1060.0,rqds
1985-03-05,24,774.6,1120.0,rqds
1985-03-06,24,755.4,1080.0,rqds
1985-03-07,24,710.8,1000.0,rqds
1985-03-08,24,669.6,860.0,rqds
1985-03-09,24,658.3,780.0,rqds
1985-03-10,24,668.8,870.0,rqds
1985-03-11,24,661.2,940.0,rqds
1985-03-12,24,650.8,940.0,rqds
1985-03-13,24,683.3,980.0,rqds
1985-03-14,24,722.9,990.0,rqds
1985-03-15,24,748.3,980.0,rqds
1985-03-16,24,847.1,1110.0,rqds
1985-03-17,24,891.2,1120.0,rqds
1985-03-18,24,869.6,1100.0,rqds
1985-03-19,24,754.2,980.0,rqds
1985-03-20,24,707.9,900.0,rqds
1985-03-21,24,705.0,860.0,rqds
1985-03-22,24,625.8,740.0,rqds
1985-03-23,24,610.4,780.0,rqds
1985-03-24,24,669.6,840.0,rqds
1985-03-25,24,804.2,990.0,rqds
1985-03-26,24,830.4,1090.0,rqds
1985-03-27,24,816.2,1120.0,rqds
1985-03-28,24,805.8,1090.0,rqds
1985-03-29,24,856.2,1110.0,rqds
1985-03-30,24,752.5,1060.0,rqds
1985-03-31,24,605.4,880.0,rqds
1985-04-01,24,604.8,890.0,rqds
1985-04-02,24,683.8,970.0,rqds
1985-04-03,24,763.3,1030.0,rqds
1985-04-04,24,833.8,1040.0,rqds
1985-04-05,24,795.8,960.0,rqds
1985-04-06,24,842.1,1000.0,rqds
1985-04-07,24,885.8,1140.0,rqds
1985-04-08,24,965.8,1250.0,rqds
1985-04-09,24,1002.9,1480.0,rqds
1985-04-10,24,995.4,1310.0,rqds
1985-04-11,24,916.7,1260.0,rqds
1985-04-12,24,724.6,1020.0,rqds
1985-04-13,24,669.2,880.0,rqds
1985-04-14,24,704.2,880.0,rqds
1985-04-15,24,768.3,940.0,rqds
1985-04-16,24,792.5,940.0,rqds
1985-04-17,24,810.0,920.0,rqds
1985-04-18,24,855.8,970.0,rqds
1985-04-19,24,902.9,1050.0,rqds
1985-04-20,24,928.8,1140.0,rqds
1985-04-21,24,941.2,1220.0,rqds
1985-04-22,24,990.8,1280.0,rqds
1985-04-23,24,987.5,1340.0,rqds
1985-04-24,24,979.6,1310.0,rqds
1985-04-25,24,969.6,1290.0,rqds
1985-04-26,24,1012.9,1300.0,rqds
1985-04-27,24,1029.2,1340.0,rqds
1985-04-28,24,1011.7,1260.0,rqds
1985-04-29,24,976.2,1200.0,rqds
1985-04-30,24,852.9,1040.0,rqds
1985-05-01,24,853.8,1000.0,rqds
1985-05-02,24,892.9,1000.0,rqds
1985-05-03,24,816.7,1060.0,rqds
1985-05-04,24,684.6,1000.0,rqds
1985-05-05,24,578.8,940.0,rqds
1985-05-06,24,589.2,940.0,rqds
1985-05-07,24,644.6,1060.0,rqds
1985-05-08,24,659.6,1050.0,rqds
1985-05-09,24,678.8,1020.0,rqds
1985-05-10,24,723.8,990.0,rqds
1985-05-11,24,887.1,1080.0,rqds
1985-05-12,24,820.0,1040.0,rqds
1985-05-13,24,748.3,880.0,rqds
1985-05-14,24,735.0,820.0,rqds
1985-05-15,24,815.4,980.0,rqds
1985-05-16,24,820.4,1000.0,rqds
1985-05-17,24,810.8,1050.0,rqds
1985-05-18,24,914.6,1200.0,rqds
1985-05-19,24,975.8,1290.0,rqds
1985-05-20,24,945.0,1310.0,rqds
1985-05-21,24,950.0,1310.0,rqds
1985-05-22,24,966.7,1340.0,rqds
1985-05-23,24,962.9,1340.0,rqds
1985-05-24,24,956.2,1300.0,rqds
1985-05-25,24,1045.0,1300.0,rqds
1985-05-26,24,915.4,1270.0,rqds
1985-05-27,24,852.1,1100.0,rqds
1985-05-28,24,826.7,990.0,rqds
1985-05-29,24,767.1,890.0,rqds
1985-05-30,24,787.1,970.0,rqds
1985-05-31,24,800.8,1070.0,rqds
1985-06-01,24,763.8,1080.0,rqds
1985-06-02,24,735.8,1120.0,rqds
1985-06-03,24,856.7,1300.0,rqds
1985-06-04,24,1029.6,1460.0,rqds
1985-06-05,24,1152.5,1570.0,rqds
1985-06-06,24,1141.7,1520.0,rqds
1985-06-07,24,1046.2,1470.0,rqds
1985-06-08,24,888.3,1210.0,rqds
1985-06-09,24,825.0,1020.0,rqds
1985-06-10,24,868.3,970.0,rqds
1985-06-11,24,887.1,1020.0,rqds
1985-06-12,24,897.1,1050.0,rqds
1985-06-13,24,841.2,1080.0,rqds
1985-06-14,24,854.6,1140.0,rqds
1985-06-15,24,906.7,1300.0,rqds
1985-06-16,24,930.4,1320.0,rqds
1985-06-17,24,776.7,1200.0,rqds
1985-06-18,24,742.9,1130.0,rqds
1985-06-19,24,809.2,1140.0,rqds
1985-06-20,24,871.7,1260.0,rqds
1985-06-21,24,900.0,1280.0,rqds
1985-06-22,24,844.6,1180.0,rqds
1985-06-23,24,912.1,1200.0,rqds
1985-06-24,24,950.3,1210.0,rqds
1985-06-25,24,835.0,980.0,rqds
1985-06-26,24,832.9,960.0,rqds
1985-06-27,24,839.6,1060.0,rqds
1985-06-28,24,892.9,1220.0,rqds
1985-06-29,24,885.8,1220.0,rqds
1985-06-30,24,977.8,1430.0,rqds
1985-07-01,24,954.6,1480.0,rqds
1985-07-02,24,810.4,1300.0,rqds
1985-07-03,24,764.2,1260.0,rqds
1985-07-04,24,662.5,1100.0,rqds
1985-07-05,24,647.9,960.0,rqds
1985-07-06,24,747.9,1010.0,rqds
1985-07-07,24,795.0,980.0,rqds
1985-07-08,24,846.2,1010.0,rqds
1985-07-09,24,862.9,970.0,rqds
1985-07-10,24,1012.6,1160.0,rqds
1985-07-11,24,929.6,1120.0,rqds
1985-07-12,24,927.5,1220.0,rqds
1985-07-13,24,906.2,1200.0,rqds
1985-07-14,24,817.5,1160.0,rqds
1985-07-15,24,687.9,1070.0,rqds
1985-07-16,24,682.5,1080.0,rqds
1985-07-17,24,785.0,1160.0,rqds
1985-07-18,24,866.2,1240.0,rqds
1985-07-19,24,768.3,1290.0,rqds
1985-07-20,24,650.4,1010.0,rqds
1985-07-21,24,655.0,940.0,rqds
1985-07-22,24,714.2,880.0,rqds
1985-07-23,24,839.6,930.0,rqds
1985-07-24,24,842.9,940.0,rqds
1985-07-25,24,895.8,1150.0,rqds
1985-07-26,24,1019.2,1400.0,rqds
1985-07-27,24,805.0,1280.0,rqds
1985-07-28,24,657.5,1020.0,rqds
1985-07-29,24,640.8,1030.0,rqds
1985-07-30,24,665.8,1040.0,rqds
1985-07-31,24,700.4,1100.0,rqds
1985-08-01,24,760.4,1140.0,rqds
1985-08-02,24,1001.7,1330.0,rqds
1985-08-03,24,985.0,1400.0,rqds
1985-08-04,24,917.1,1140.0,rqds
1985-08-05,24,673.3,960.0,rqds
1985-08-06,24,628.8,720.0,rqds
1985-08-07,24,676.2,830.0,rqds
1985-08-08,24,767.1,1000.0,rqds
1985-08-09,24,668.3,850.0,rqds
1985-08-10,24,669.2,920.0,rqds
1985-08-11,24,712.9,1080.0,rqds
1985-08-12,24,626.7,940.0,rqds
1985-08-13,24,623.3,980.0,rqds
1985-08-14,24,652.9,990.0,rqds
1985-08-15,24,682.5,1050.0,rqds
1985-08-16,24,698.3,1050.0,rqds
1985-08-17,24,905.0,1160.0,rqds
1985-08-18,24,987.5,1440.0,rqds
1985-08-19,24,815.0,1100.0,rqds
1985-08-20,24,638.3,750.0,rqds
1985-08-21,24,690.8,850.0,rqds
1985-08-22,24,774.2,1040.0,rqds
1985-08-23,24,920.0,1180.0,rqds
1985-08-24,24,944.6,1150.0,rqds
1985-08-25,24,823.3,1180.0,rqds
1985-08-26,24,780.8,1110.0,rqds
1985-08-27,24,565.5,940.0,rqds
1985-08-28,24,567.1,870.0,rqds
1985-08-29,24,651.2,920.0,rqds
1985-08-30,24,696.2,990.0,rqds
1985-08-31,24,539.6,810.0,rqds
1985-09-01,24,612.5,730.0,rqds
1985-09-02,24,714.6,850.0,rqds
1985-09-03,24,745.0,890.0,rqds
1985-09-04,24,716.7,890.0,rqds
1985-09-05,24,682.6,880.0,rqds
1985-09-06,24,662.5,880.0,rqds
1985-09-07,24,680.0,900.0,rqds
1985-09-08,24,650.8,840.0,rqds
1985-09-09,24,665.0,920.0,rqds
1985-09-10,24,655.8,920.0,rqds
1985-09-11,24,658.3,980.0,rqds
1985-09-12,24,643.3,960.0,rqds
1985-09-13,24,704.2,980.0,rqds
1985-09-14,24,671.2,1010.0,rqds
1985-09-15,24,647.9,900.0,rqds
1985-09-16,24,665.4,820.0,rqds
1985-09-17,24,641.7,810.0,rqds
1985-09-18,24,614.6,850.0,rqds
1985-09-19,24,672.1,960.0,rqds
1985-09-20,24,777.5,1060.0,rqds
1985-09-21,24,810.0,1050.0,rqds
1985-09-22,24,597.9,800.0,rqds
1985-09-23,24,563.3,820.0,rqds
1985-09-24,24,561.7,780.0,rqds
1985-09-25,24,522.5,760.0,rqds
1985-09-26,24,524.6,760.0,rqds
1985-09-27,24,724.6,890.0,rqds
1985-09-28,24,835.0,1000.0,rqds
1985-09-29,24,753.3,900.0,rqds
1985-09-30,24,622.5,780.0,rqds
1985-10-01,24,621.2,850.0,rqds
1985-10-02,24,633.5,870.0,rqds
1985-10-03,24,629.2,880.0,rqds
1985-10-04,24,640.8,880.0,rqds
1985-10-05,24,582.5,820.0,rqds
1985-10-06,24,542.9,760.0,rqds
1985-10-07,24,580.0,830.0,rqds
1985-10-08,24,625.0,810.0,rqds
1985-10-09,24,532.1,730.0,rqds
1985-10-10,24,497.1,690.0,rqds
1985-10-11,24,545.0,780.0,rqds
1985-10-12,24,826.2,1000.0,rqds
1985-10-13,24,740.4,1000.0,rqds
1985-10-14,24,626.2,820.0,rqds
1985-10-15,24,642.5,920.0,rqds
1985-10-16,24,640.0,990.0,rqds
1985-10-17,24,556.7,860.0,rqds
1985-10-18,24,517.5,860.0,rqds
1985-10-19,24,550.7,870.0,rqds
1985-10-20,24,531.7,780.0,rqds
1985-10-21,24,360.0,510.0,rqds
1985-10-22,24,340.4,460.0,rqds
1985-10-23,24,375.8,480.0,rqds
1985-10-24,24,553.3,740.0,rqds
1985-10-25,24,685.0,800.0,rqds
1985-10-26,24,737.1,920.0,rqds
1985-10-27,24,865.0,1110.0,rqds
1985-10-28,24,745.0,1010.0,rqds
1985-10-29,24,622.9,910.0,rqds
1985-10-30,24,612.1,970.0,rqds
1985-10-31,24,593.8,920.0,rqds
1985-11-01,24,667.1,1010.0,rqds
1985-11-02,24,741.7,1070.0,rqds
1985-11-03,24,697.1,980.0,rqds
1985-11-04,24,646.7,910.0,rqds
1985-11-05,24,671.2,910.0,rqds
1985-11-06,24,840.4,1120.0,rqds
1985-11-07,24,968.8,1170.0,rqds
1985-11-08,24,851.2,1070.0,rqds
1985-11-09,24,730.1,890.0,rqds
1985-11-10,24,735.8,960.0,rqds
1985-11-11,24,724.3,1020.0,rqds
1985-11-12,24,700.8,1050.0,rqds
1985-11-13,24,600.8,990.0,rqds
1985-11-14,24,573.8,980.0,rqds
1985-11-15,24,487.1,880.0,rqds
1985-11-16,24,415.4,780.0,rqds
1985-11-17,24,402.5,710.0,rqds
1985-11-18,24,452.1,680.0,rqds
1985-11-19,24,539.6,710.0,rqds
1985-11-20,24,675.0,820.0,rqds
1985-11-21,24,711.2,830.0,rqds
1985-11-22,24,724.2,900.0,rqds
1985-11-23,24,665.8,880.0,rqds
1985-11-24,24,599.6,870.0,rqds
1985-11-25,24,576.2,870.0,rqds
1985-11-26,24,625.8,950.0,rqds
1985-11-27,24,696.2,1060.0,rqds
1985-11-28,24,719.2,1080.0,rqds
1985-11-29,24,755.4,1140.0,rqds
1985-11-30,24,758.8,1120.0,rqds
1985-12-01,24,753.8,1090.0,rqds
1985-12-02,24,716.7,1020.0,rqds
1985-12-03,24,686.7,980.0,rqds
1985-12-04,24,680.1,900.0,rqds
1985-12-05,24,555.8,640.0,rqds
1985-12-06,24,480.0,600.0,rqds
1985-12-07,24,500.0,680.0,rqds
1985-12-08,24,637.0,910.0,rqds
1985-12-09,24,782.9,1110.0,rqds
1985-12-10,24,745.8,1180.0,rqds
1985-12-11,24,692.1,1130.0,rqds
1985-12-12,24,695.4,1180.0,rqds
1985-12-13,24,764.8,1220.0,rqds
1985-12-14,24,692.9,1080.0,rqds
1985-12-15,24,617.9,940.0,rqds
1985-12-16,24,675.4,980.0,rqds
1985-12-17,24,662.5,870.0,rqds
1985-12-18,24,631.5,760.0,rqds
1985-12-19,24,602.1,730.0,rqds
1985-12-20,24,520.0,720.0,rqds
1985-12-21,24,464.6,680.0,rqds
1985-12-22,24,529.2,800.0,rqds
1985-12-23,24,619.3,930.0,rqds
1985-12-24,24,612.5,980.0,rqds
1985-12-25,24,552.1,930.0,rqds
1985-12-26,24,568.8,940.0,rqds
1985-12-27,24,652.5,1060.0,rqds
1985-12-28,24,683.8,1060.0,rqds
1985-12-29,24,620.4,990.0,rqds
1985-12-30,24,570.1,920.0,rqds
1985-12-31,24,605.8,920.0,rqds
1986-01-01,24,725.8,970.0,rqds
1986-01-02,24,728.0,880.0,rqds
1986-01-03,24,702.9,830.0,rqds
1986-01-04,24,721.0,870.0,rqds
1986-01-05,24,778.5,1035.0,rqds
1986-01-06,24,715.8,1080.0,rqds
1986-01-07,24,714.2,1130.0,rqds
1986-01-08,24,882.5,1320.0,rqds
1986-01-09,24,873.8,1300.0,rqds
1986-01-10,24,755.4,1210.0,rqds
1986-01-11,24,671.2,1080.0,rqds
1986-01-12,24,635.0,980.0,rqds
1986-01-13,24,582.9,860.0,rqds
1986-01-14,24,491.7,680.0,rqds
1986-01-15,24,465.8,630.0,rqds
1986-01-16,24,521.7,640.0,rqds
1986-01-17,24,701.7,870.0,rqds
1986-01-18,24,711.2,930.0,rqds
1986-01-19,24,686.7,910.0,rqds
1986-01-20,24,658.8,950.0,rqds
1986-01-21,24,710.4,1020.0,rqds
1986-01-22,24,778.3,1130.0,rqds
1986-01-23,24,813.3,1200.0,rqds
1986-01-24,24,854.9,1260.0,rqds
1986-01-25,24,802.5,1200.0,rqds
1986-01-26,24,718.8,1110.0,rqds
1986-01-27,24,649.8,980.0,rqds
1986-01-28,24,578.3,880.0,rqds
1986-01-29,24,586.2,800.0,rqds
1986-01-30,24,522.9,630.0,rqds
1986-01-31,24,485.8,600.0,rqds
1986-02-01,24,460.8,670.0,rqds
1986-02-02,24,489.8,720.0,rqds
1986-02-03,24,520.4,810.0,rqds
1986-02-04,24,567.9,920.0,rqds
1986-02-05,24,672.1,1060.0,rqds
1986-02-06,24,696.7,1090.0,rqds
1986-02-07,24,710.3,1120.0,rqds
1986-02-08,24,646.7,1010.0,rqds
1986-02-09,24,613.3,930.0,rqds
1986-02-10,24,673.3,960.0,rqds
1986-02-11,24,750.4,960.0,rqds
1986-02-12,24,767.5,920.0,rqds
1986-02-13,24,798.0,900.0,rqds
1986-02-14,24,673.3,820.0,rqds
1986-02-15,24,647.1,830.0,rqds
1986-02-16,24,610.4,850.0,rqds
1986-02-17,24,590.4,830.0,rqds
1986-02-18,24,691.7,920.0,rqds
1986-02-19,24,796.7,1070.0,rqds
1986-02-20,24,839.6,1160.0,rqds
1986-02-21,24,894.2,1230.0,rqds
1986-02-22,24,980.4,1330.0,rqds
1986-02-23,24,877.5,1190.0,rqds
1986-02-24,24,772.1,1130.0,rqds
1986-02-25,24,788.8,1090.0,rqds
1986-02-26,24,860.8,1090.0,rqds
1986-02-27,24,818.3,940.0,rqds
1986-02-28,24,755.4,920.0,rqds
1986-03-01,24,770.0,990.0,rqds
1986-03-02,24,780.8,1100.0,rqds
1986-03-03,24,702.9,1000.0,rqds
1986-03-04,24,767.5,1060.0,rqds
1986-03-05,24,767.5,1080.0,rqds
1986-03-06,24,576.2,930.0,rqds
1986-03-07,24,495.8,820.0,rqds
1986-03-08,24,625.0,980.0,rqds
1986-03-09,24,849.2,1160.0,rqds
1986-03-10,24,1040.4,1300.0,rqds
1986-03-11,24,819.6,940.0,rqds
1986-03-12,24,772.5,960.0,rqds
1986-03-13,24,700.8,900.0,rqds
1986-03-14,24,649.2,900.0,rqds
1986-03-15,24,709.2,910.0,rqds
1986-03-16,24,877.4,1100.0,rqds
1986-03-17,24,901.2,1180.0,rqds
1986-03-18,24,945.0,1170.0,rqds
1986-03-19,24,873.8,1200.0,rqds
1986-03-20,24,782.9,1010.0,rqds
1986-03-21,24,682.5,920.0,rqds
1986-03-22,24,634.2,900.0,rqds
1986-03-23,24,662.9,970.0,rqds
1986-03-24,24,792.5,1030.0,rqds
1986-03-25,24,792.1,1000.0,rqds
1986-03-26,24,772.9,910.0,rqds
1986-03-27,24,889.2,1050.0,rqds
1986-03-28,24,815.4,1230.0,rqds
1986-03-29,24,668.8,990.0,rqds
1986-03-30,24,704.2,1020.0,rqds
1986-03-31,24,778.8,1090.0,rqds
1986-04-01,24,781.7,1070.0,rqds
1986-04-02,24,834.2,1100.0,rqds
1986-04-03,24,762.9,1000.0,rqds
1986-04-04,24,684.2,900.0,rqds
1986-04-05,24,643.3,810.0,rqds
1986-04-06,24,691.2,870.0,rqds
1986-04-07,24,776.6,886.0,rqds
1986-04-08,24,837.9,980.0,rqds
1986-04-09,24,748.3,990.0,rqds
1986-04-10,24,657.1,910.0,rqds
1986-04-11,24,713.6,960.0,rqds
1986-04-12,24,813.8,1050.0,rqds
1986-04-13,24,785.4,1160.0,rqds
1986-04-14,24,645.8,1020.0,rqds
1986-04-15,24,599.2,900.0,rqds
1986-04-16,24,628.8,890.0,rqds
1986-04-17,24,749.6,980.0,rqds
1986-04-18,24,760.4,1000.0,rqds
1986-04-19,24,732.9,920.0,rqds
1986-04-20,24,738.8,920.0,rqds
1986-04-21,24,673.3,820.0,rqds
1986-04-22,24,645.8,780.0,rqds
1986-04-23,24,644.6,830.0,rqds
1986-04-24,24,624.2,880.0,rqds
1986-04-25,24,624.2,980.0,rqds
1986-04-26,24,647.1,1020.0,rqds
1986-04-27,24,622.2,1020.0,rqds
1986-04-28,24,711.2,1080.0,rqds
1986-04-29,24,787.5,1130.0,rqds
1986-04-30,24,835.4,1140.0,rqds
1986-05-01,24,831.2,1080.0,rqds
1986-05-02,24,851.7,1040.0,rqds
1986-05-03,24,932.5,1040.0,rqds
1986-05-04,24,1032.7,1140.0,rqds
1986-05-05,24,892.9,1070.0,rqds
1986-05-06,24,822.1,1040.0,rqds
1986-05-07,24,829.6,1080.0,rqds
1986-05-08,24,768.8,1100.0,rqds
1986-05-09,24,749.2,1080.0,rqds
1986-05-10,24,765.0,1130.0,rqds
1986-05-11,24,822.5,1140.0,rqds
1986-05-12,24,830.0,1210.0,rqds
1986-05-13,24,851.2,1180.0,rqds
1986-05-14,24,817.1,1120.0,rqds
1986-05-15,24,782.5,1100.0,rqds
1986-05-16,24,763.3,980.0,rqds
1986-05-17,24,827.9,1000.0,rqds
1986-05-18,24,917.5,1020.0,rqds
1986-05-19,24,1031.7,1160.0,rqds
1986-05-20,24,957.9,1190.0,rqds
1986-05-21,24,915.0,1240.0,rqds
1986-05-22,24,717.5,1080.0,rqds
1986-05-23,24,722.1,1120.0,rqds
1986-05-24,24,871.2,1310.0,rqds
1986-05-25,24,964.5,1560.0,rqds
1986-05-26,24,756.7,1280.0,rqds
1986-05-27,24,663.8,1100.0,rqds
1986-05-28,24,611.7,940.0,rqds
1986-05-29,24,670.8,880.0,rqds
1986-05-30,24,770.0,910.0,rqds
1986-05-31,24,716.2,850.0,rqds
1986-06-01,24,656.2,760.0,rqds
1986-06-02,24,655.4,840.0,rqds
1986-06-03,24,678.8,960.0,rqds
1986-06-04,24,777.5,1120.0,rqds
1986-06-05,24,859.2,1150.0,rqds
1986-06-06,24,833.8,1200.0,rqds
1986-06-07,24,701.2,1140.0,rqds
1986-06-08,24,661.7,1040.0,rqds
1986-06-09,24,716.7,1040.0,rqds
1986-06-10,24,791.2,1170.0,rqds
1986-06-11,24,757.9,1130.0,rqds
1986-06-12,24,740.0,1050.0,rqds
1986-06-13,24,764.2,960.0,rqds
1986-06-14,24,862.5,1050.0,rqds
1986-06-15,24,908.3,1060.0,rqds
1986-06-16,24,839.6,950.0,rqds
1986-06-17,24,742.9,910.0,rqds
1986-06-18,24,684.4,960.0,rqds
1986-06-19,24,674.2,1060.0,rqds
1986-06-20,24,719.2,1140.0,rqds
1986-06-21,24,797.5,1260.0,rqds
1986-06-22,24,840.8,1360.0,rqds
1986-06-23,24,802.1,1300.0,rqds
1986-06-24,24,905.8,1260.0,rqds
1986-06-25,24,1114.5,1480.0,rqds
1986-06-26,24,1132.1,1380.0,rqds
1986-06-27,24,1163.8,1380.0,rqds
1986-06-28,24,1103.2,1250.0,rqds
1986-06-29,24,930.0,1120.0,rqds
1986-06-30,24,722.5,890.0,rqds
1986-07-01,24,765.8,1150.0,rqds
1986-07-02,24,865.0,1120.0,rqds
1986-07-03,24,733.3,1080.0,rqds
1986-07-04,24,671.7,1040.0,rqds
1986-07-05,24,738.3,1090.0,rqds
1986-07-06,24,617.1,1050.0,rqds
1986-07-07,24,550.8,920.0,rqds
1986-07-08,24,533.8,880.0,rqds
1986-07-09,24,580.0,890.0,rqds
1986-07-10,24,679.2,990.0,rqds
1986-07-11,24,750.4,1010.0,rqds
1986-07-12,24,896.7,1050.0,rqds
1986-07-13,24,989.6,1100.0,rqds
1986-07-14,24,921.3,1120.0,rqds
1986-07-15,24,710.7,880.0,rqds
1986-07-16,24,720.4,1020.0,rqds
1986-07-17,24,804.2,1160.0,rqds
1986-07-18,24,847.5,1240.0,rqds
1986-07-19,24,883.3,1420.0,rqds
1986-07-20,24,950.0,1490.0,rqds
1986-07-21,24,1037.9,1540.0,rqds
1986-07-22,24,860.8,1370.0,rqds
1986-07-23,24,690.0,1130.0,rqds
1986-07-24,24,574.6,860.0,rqds
1986-07-25,24,545.8,700.0,rqds
1986-07-26,24,510.0,610.0,rqds
1986-07-27,24,558.8,700.0,rqds
1986-07-28,24,737.9,950.0,rqds
1986-07-29,24,923.2,1150.0,rqds
1986-07-30,24,1006.7,1220.0,rqds
1986-07-31,24,872.1,1190.0,rqds
1986-08-01,24,618.3,940.0,rqds
1986-08-02,24,545.0,850.0,rqds
1986-08-03,24,572.1,880.0,rqds
1986-08-04,24,745.0,1110.0,rqds
1986-08-05,24,860.8,1160.0,rqds
1986-08-06,24,868.3,1260.0,rqds
1986-08-07,24,913.8,1240.0,rqds
1986-08-08,24,886.7,1160.0,rqds
1986-08-09,24,828.3,1050.0,rqds
1986-08-10,24,820.0,930.0,rqds
1986-08-11,24,670.0,820.0,rqds
1986-08-12,24,570.0,780.0,rqds
1986-08-13,24,605.8,890.0,rqds
1986-08-14,24,675.8,900.0,rqds
1986-08-15,24,554.2,920.0,rqds
1986-08-16,24,627.1,1190.0,rqds
1986-08-17,24,756.2,1180.0,rqds
1986-08-18,24,656.7,1090.0,rqds
1986-08-19,24,648.5,984.0,rqds
1986-08-20,24,739.7,1000.0,rqds
1986-08-21,24,827.9,1130.0,rqds
1986-08-22,24,705.0,900.0,rqds
1986-08-23,24,681.2,790.0,rqds
1986-08-24,24,656.2,770.0,rqds
1986-08-25,24,594.6,780.0,rqds
1986-08-26,24,622.5,840.0,rqds
1986-08-27,24,708.7,880.0,rqds
1986-08-28,24,573.8,790.0,rqds
1986-08-29,24,577.1,820.0,rqds
1986-08-30,24,584.9,830.0,rqds
1986-08-31,24,529.2,800.0,rqds
1986-09-01,24,590.4,960.0,rqds
1986-09-02,24,722.9,1020.0,rqds
1986-09-03,24,767.5,1140.0,rqds
1986-09-04,24,670.0,980.0,rqds
1986-09-05,24,616.7,900.0,rqds
1986-09-06,24,643.3,790.0,rqds
1986-09-07,24,695.8,860.0,rqds
1986-09-08,24,722.5,930.0,rqds
1986-09-09,24,740.0,990.0,rqds
1986-09-10,24,782.5,1070.0,rqds
1986-09-11,24,676.2,920.0,rqds
1986-09-12,24,656.2,980.0,rqds
1986-09-13,24,724.2,1090.0,rqds
1986-09-14,24,783.3,1050.0,rqds
1986-09-15,24,585.0,960.0,rqds
1986-09-16,24,590.8,860.0,rqds
1986-09-17,24,689.6,880.0,rqds
1986-09-18,24,680.8,900.0,rqds
1986-09-19,24,593.8,720.0,rqds
1986-09-20,24,578.3,730.0,rqds
1986-09-21,24,584.2,840.0,rqds
1986-09-22,24,537.1,760.0,rqds
1986-09-23,24,466.7,720.0,rqds
1986-09-24,24,538.3,800.0,rqds
1986-09-25,24,582.9,820.0,rqds
1986-09-26,24,472.1,660.0,rqds
1986-09-27,24,491.7,720.0,rqds
1986-09-28,24,580.8,840.0,rqds
1986-09-29,24,652.5,820.0,rqds
1986-09-30,24,477.1,760.0,rqds
1986-10-01,24,475.8,660.0,rqds
1986-10-02,24,547.1,720.0,rqds
1986-10-03,24,678.3,820.0,rqds
1986-10-04,24,773.8,980.0,rqds
1986-10-05,24,732.1,960.0,rqds
1986-10-06,24,663.8,940.0,rqds
1986-10-07,24,659.6,980.0,rqds
1986-10-08,24,642.1,990.0,rqds
1986-10-09,24,657.5,960.0,rqds
1986-10-10,24,662.7,950.0,rqds
1986-10-11,24,820.4,1190.0,rqds
1986-10-12,24,860.4,1130.0,rqds
1986-10-13,24,594.6,830.0,rqds
1986-10-14,24,591.7,760.0,rqds
1986-10-15,24,642.5,760.0,rqds
1986-10-16,24,704.2,870.0,rqds
1986-10-17,24,574.2,780.0,rqds
1986-10-18,24,545.4,820.0,rqds
1986-10-19,24,540.8,830.0,rqds
1986-10-20,24,521.2,840.0,rqds
1986-10-21,24,414.6,700.0,rqds
1986-10-22,24,420.8,740.0,rqds
1986-10-23,24,485.8,780.0,rqds
1986-10-24,24,587.5,870.0,rqds
1986-10-25,24,556.2,760.0,rqds
1986-10-26,24,629.2,830.0,rqds
1986-10-27,24,564.6,700.0,rqds
1986-10-28,24,582.1,720.0,rqds
1986-10-29,24,515.4,700.0,rqds
1986-10-30,24,462.9,640.0,rqds
1986-10-31,24,472.9,680.0,rqds
1986-11-01,24,608.8,890.0,rqds
1986-11-02,24,710.0,1050.0,rqds
1986-11-03,24,735.8,1110.0,rqds
1986-11-04,24,707.9,1130.0,rqds
1986-11-05,24,583.3,960.0,rqds
1986-11-06,24,511.7,860.0,rqds
1986-11-07,24,532.5,860.0,rqds
1986-11-08,24,542.1,820.0,rqds
1986-11-09,24,554.2,660.0,rqds
1986-11-10,24,547.9,690.0,rqds
1986-11-11,24,670.0,820.0,rqds
1986-11-12,24,700.0,880.0,rqds
1986-11-13,24,654.6,900.0,rqds
1986-11-14,24,592.5,870.0,rqds
1986-11-15,24,599.6,910.0,rqds
1986-11-16,24,578.3,960.0,rqds
1986-11-17,24,481.2,840.0,rqds
1986-11-18,24,512.1,880.0,rqds
1986-11-19,24,601.2,990.0,rqds
1986-11-20,24,631.7,960.0,rqds
1986-11-21,24,535.4,850.0,rqds
1986-11-22,24,540.4,840.0,rqds
1986-11-23,24,597.1,860.0,rqds
1986-11-24,24,583.3,730.0,rqds
1986-11-25,24,537.9,650.0,rqds
1986-11-26,24,545.4,680.0,rqds
1986-11-27,24,618.3,810.0,rqds
1986-11-28,24,692.5,970.0,rqds
1986-11-29,24,715.0,1040.0,rqds
1986-11-30,24,692.9,1070.0,rqds
1986-12-01,24,625.8,1070.0,rqds
1986-12-02,24,575.8,1060.0,rqds
1986-12-03,24,498.3,940.0,rqds
1986-12-04,24,473.8,870.0,rqds
1986-12-05,24,442.9,770.0,rqds
1986-12-06,24,340.8,600.0,rqds
1986-12-07,24,409.6,600.0,rqds
1986-12-08,24,470.0,600.0,rqds
1986-12-09,24,341.2,510.0,rqds
1986-12-10,24,391.7,600.0,rqds
1986-12-11,24,477.5,740.0,rqds
1986-12-12,24,567.9,880.0,rqds
1986-12-13,24,619.2,960.0,rqds
1986-12-14,24,636.7,1020.0,rqds
1986-12-15,24,546.7,930.0,rqds
1986-12-16,24,516.2,900.0,rqds
1986-12-17,24,555.0,950.0,rqds
1986-12-18,24,579.2,950.0,rqds
1986-12-19,24,588.8,930.0,rqds
1986-12-20,24,658.3,960.0,rqds
1986-12-21,24,696.2,960.0,rqds
1986-12-22,24,659.2,880.0,rqds
1986-12-23,24,611.2,740.0,rqds
1986-12-24,24,568.8,690.0,rqds
1986-12-25,24,537.9,720.0,rqds
1986-12-26,24,518.3,760.0,rqds
1986-12-27,24,550.0,880.0,rqds
1986-12-28,24,629.2,1030.0,rqds
1986-12-29,24,600.0,1060.0,rqds
1986-12-30,24,524.6,1020.0,rqds
1986-12-31,22,566.4,1000.0,rqds
1987-01-01,21,479.4,860.0,rqds
1987-01-02,23,522.6,890.0,rqds
1987-01-03,24,592.5,900.0,rqds
1987-01-04,24,631.2,830.0,rqds
1987-01-05,24,605.4,740.0,rqds
1987-01-06,24,555.8,680.0,rqds
1987-01-07,24,640.8,810.0,rqds
1987-01-08,24,735.5,950.0,rqds
1987-01-09,24,717.5,1040.0,rqds
1987-01-10,24,599.2,940.0,rqds
1987-01-11,24,526.7,870.0,rqds
1987-01-12,24,511.2,870.0,rqds
1987-01-13,24,536.7,910.0,rqds
1987-01-14,24,679.6,1080.0,rqds
1987-01-15,24,661.7,1040.0,rqds
1987-01-16,24,571.2,920.0,rqds
1987-01-17,24,530.8,860.0,rqds
1987-01-18,24,502.1,770.0,rqds
1987-01-19,24,487.9,700.0,rqds
1987-01-20,24,493.3,650.0,rqds
1987-01-21,24,527.9,620.0,rqds
1987-01-22,24,642.9,790.0,rqds
1987-01-23,24,658.3,900.0,rqds
1987-01-24,24,654.2,930.0,rqds
1987-01-25,24,613.3,990.0,rqds
1987-01-26,24,506.2,900.0,rqds
1987-01-27,24,480.4,910.0,rqds
1987-01-28,24,545.0,1000.0,rqds
1987-01-29,24,640.8,1080.0,rqds
1987-01-30,24,580.8,960.0,rqds
1987-01-31,24,570.0,880.0,rqds
1987-02-01,24,477.9,650.0,rqds
1987-02-02,24,412.9,550.0,rqds
1987-02-03,24,462.5,570.0,rqds
1987-02-04,24,564.2,740.0,rqds
1987-02-05,24,557.9,780.0,rqds
1987-02-06,24,425.4,700.0,rqds
1987-02-07,24,372.1,620.0,rqds
1987-02-08,24,448.3,720.0,rqds
1987-02-09,24,487.1,800.0,rqds
1987-02-10,24,531.7,860.0,rqds
1987-02-11,24,636.2,990.0,rqds
1987-02-12,24,684.6,1010.0,rqds
1987-02-13,24,584.6,920.0,rqds
1987-02-14,24,537.5,840.0,rqds
1987-02-15,24,570.0,840.0,rqds
1987-02-16,24,685.4,900.0,rqds
1987-02-17,24,749.2,860.0,rqds
1987-02-18,24,600.4,780.0,rqds
1987-02-19,24,445.8,640.0,rqds
1987-02-20,24,432.9,670.0,rqds
1987-02-21,24,492.9,740.0,rqds
1987-02-22,24,601.2,910.0,rqds
1987-02-23,24,558.3,900.0,rqds
1987-02-24,24,566.7,920.0,rqds
1987-02-25,24,572.9,990.0,rqds
1987-02-26,24,432.5,800.0,rqds
1987-02-27,24,360.0,720.0,rqds
1987-02-28,24,373.3,640.0,rqds
1987-03-01,24,512.5,690.0,rqds
1987-03-02,24,648.3,740.0,rqds
1987-03-03,24,716.7,890.0,rqds
1987-03-04,24,647.5,920.0,rqds
1987-03-05,24,521.2,840.0,rqds
1987-03-06,24,492.9,750.0,rqds
1987-03-07,24,531.7,780.0,rqds
1987-03-08,24,603.3,820.0,rqds
1987-03-09,24,703.3,940.0,rqds
1987-03-10,24,732.7,980.0,rqds
1987-03-11,24,747.5,990.0,rqds
1987-03-12,24,734.0,1000.0,rqds
1987-03-13,24,818.8,1110.0,rqds
1987-03-14,24,883.3,1130.0,rqds
1987-03-15,24,868.8,1070.0,rqds
1987-03-16,24,955.2,1150.0,rqds
1987-03-17,24,758.8,1000.0,rqds
1987-03-18,24,605.8,860.0,rqds
1987-03-19,24,594.2,860.0,rqds
1987-03-20,24,652.1,930.0,rqds
1987-03-21,24,766.2,1050.0,rqds
1987-03-22,24,815.0,1110.0,rqds
1987-03-23,24,822.9,1120.0,rqds
1987-03-24,24,761.7,1060.0,rqds
1987-03-25,24,723.8,1010.0,rqds
1987-03-26,24,655.0,940.0,rqds
1987-03-27,24,584.6,830.0,rqds
1987-03-28,24,516.7,700.0,rqds
1987-03-29,24,575.0,740.0,rqds
1987-03-30,24,754.0,900.0,rqds
1987-03-31,24,780.4,1030.0,rqds
1987-04-01,24,713.3,1040.0,rqds
1987-04-02,24,667.5,980.0,rqds
1987-04-03,24,682.5,1000.0,rqds
1987-04-04,24,598.3,890.0,rqds
1987-04-05,24,652.9,880.0,rqds
1987-04-06,24,847.9,1040.0,rqds
1987-04-07,24,977.1,1220.0,rqds
1987-04-08,24,915.0,1110.0,rqds
1987-04-09,24,797.9,970.0,rqds
1987-04-10,24,808.3,980.0,rqds
1987-04-11,24,654.2,840.0,rqds
1987-04-12,24,536.7,670.0,rqds
1987-04-13,24,460.4,660.0,rqds
1987-04-14,24,436.7,670.0,rqds
1987-04-15,24,483.8,780.0,rqds
1987-04-16,24,637.5,930.0,rqds
1987-04-17,24,715.8,1100.0,rqds
1987-04-18,24,724.7,1110.0,rqds
1987-04-19,24,768.8,1100.0,rqds
1987-04-20,24,790.4,1080.0,rqds
1987-04-21,24,840.4,1070.0,rqds
1987-04-22,24,856.7,1070.0,rqds
1987-04-23,24,875.4,1020.0,rqds
1987-04-24,24,942.1,1110.0,rqds
1987-04-25,24,940.0,1090.0,rqds
1987-04-26,24,757.1,960.0,rqds
1987-04-27,24,700.8,950.0,rqds
1987-04-28,24,687.1,1020.0,rqds
1987-04-29,24,742.5,1060.0,rqds
1987-04-30,24,945.0,1250.0,rqds
1987-05-01,24,700.8,1200.0,rqds
1987-05-02,24,587.9,910.0,rqds
1987-05-03,24,625.0,940.0,rqds
1987-05-04,24,636.6,930.0,rqds
1987-05-05,24,643.3,870.0,rqds
1987-05-06,24,722.1,890.0,rqds
1987-05-07,24,815.4,960.0,rqds
1987-05-08,24,881.5,980.0,rqds
1987-05-09,24,897.1,1030.0,rqds
1987-05-10,24,671.7,900.0,rqds
1987-05-11,24,559.6,810.0,rqds
1987-05-12,24,549.6,800.0,rqds
1987-05-13,24,598.8,980.0,rqds
1987-05-14,24,582.1,1000.0,rqds
1987-05-15,24,592.9,1040.0,rqds
1987-05-16,24,652.9,1040.0,rqds
1987-05-17,24,703.8,1120.0,rqds
1987-05-18,24,727.9,1080.0,rqds
1987-05-19,24,734.6,1000.0,rqds
1987-05-20,24,683.3,880.0,rqds
1987-05-21,24,657.5,760.0,rqds
1987-05-22,24,653.3,790.0,rqds
1987-05-23,24,671.2,860.0,rqds
1987-05-24,24,655.0,960.0,rqds
1987-05-25,24,638.3,960.0,rqds
1987-05-26,24,595.8,940.0,rqds
1987-05-27,24,646.2,1000.0,rqds
1987-05-28,24,742.1,1100.0,rqds
1987-05-29,24,701.7,1100.0,rqds
1987-05-30,24,696.2,1040.0,rqds
1987-05-31,24,788.8,1100.0,rqds
1987-06-01,24,782.9,1120.0,rqds
1987-06-02,24,730.8,1020.0,rqds
1987-06-03,24,799.7,990.0,rqds
1987-06-04,24,884.6,1040.0,rqds
1987-06-05,24,923.3,1070.0,rqds
1987-06-06,24,1106.3,1200.0,rqds
1987-06-07,24,985.4,1180.0,rqds
1987-06-08,24,980.4,1250.0,rqds
1987-06-09,24,897.9,1280.0,rqds
1987-06-10,24,757.1,1160.0,rqds
1987-06-11,24,701.7,1160.0,rqds
1987-06-12,24,679.6,1170.0,rqds
1987-06-13,24,752.9,1180.0,rqds
1987-06-14,24,846.2,1280.0,rqds
1987-06-15,24,885.8,1240.0,rqds
1987-06-16,24,1021.2,1220.0,rqds
1987-06-17,24,1085.4,1300.0,rqds
1987-06-18,24,1070.0,1210.0,rqds
1987-06-19,24,938.8,1100.0,rqds
1987-06-20,24,780.4,1030.0,rqds
1987-06-21,24,790.8,1080.0,rqds
1987-06-22,24,716.4,1080.0,rqds
1987-06-23,24,705.4,1050.0,rqds
1987-06-24,24,710.4,1090.0,rqds
1987-06-25,24,761.7,1100.0,rqds
1987-06-26,24,780.4,1140.0,rqds
1987-06-27,24,794.2,1190.0,rqds
1987-06-28,24,819.2,1140.0,rqds
1987-06-29,24,736.2,1080.0,rqds
1987-06-30,24,788.3,1060.0,rqds
1987-07-01,24,795.4,1020.0,rqds
1987-07-02,24,854.6,1000.0,rqds
1987-07-03,24,928.3,1100.0,rqds
1987-07-04,24,821.7,920.0,rqds
1987-07-05,24,772.9,940.0,rqds
1987-07-06,24,817.9,1140.0,rqds
1987-07-07,24,963.3,1220.0,rqds
1987-07-08,24,778.3,1180.0,rqds
1987-07-09,24,699.0,1160.0,rqds
1987-07-10,24,700.0,1180.0,rqds
1987-07-11,24,741.2,1190.0,rqds
1987-07-12,24,738.8,1230.0,rqds
1987-07-13,24,729.2,1130.0,rqds
1987-07-14,24,665.0,960.0,rqds
1987-07-15,24,672.5,840.0,rqds
1987-07-16,24,672.1,760.0,rqds
1987-07-17,24,682.9,800.0,rqds
1987-07-18,24,624.2,810.0,rqds
1987-07-19,24,608.3,850.0,rqds
1987-07-20,24,691.2,1060.0,rqds
1987-07-21,24,836.2,1220.0,rqds
1987-07-22,24,872.8,1260.0,rqds
1987-07-23,24,796.5,1280.0,rqds
1987-07-24,24,675.0,1040.0,rqds
1987-07-25,24,653.8,1020.0,rqds
1987-07-26,24,692.9,980.0,rqds
1987-07-27,24,820.8,1130.0,rqds
1987-07-28,24,1039.2,1200.0,rqds
1987-07-29,24,1001.0,1370.0,rqds
1987-07-30,24,915.0,1040.0,rqds
1987-07-31,24,719.6,940.0,rqds
1987-08-01,24,669.2,790.0,rqds
1987-08-02,24,641.2,810.0,rqds
1987-08-03,24,649.6,880.0,rqds
1987-08-04,24,619.6,910.0,rqds
1987-08-05,24,607.5,960.0,rqds
1987-08-06,24,647.1,1100.0,rqds
1987-08-07,24,657.1,1060.0,rqds
1987-08-08,24,615.4,1060.0,rqds
1987-08-09,24,683.3,1080.0,rqds
1987-08-10,24,750.4,1100.0,rqds
1987-08-11,24,872.9,1100.0,rqds
1987-08-12,24,952.8,1140.0,rqds
1987-08-13,24,772.9,880.0,rqds
1987-08-14,24,647.9,780.0,rqds
1987-08-15,24,561.2,740.0,rqds
1987-08-16,24,572.5,820.0,rqds
1987-08-17,24,652.1,910.0,rqds
1987-08-18,24,702.1,980.0,rqds
1987-08-19,24,785.0,1120.0,rqds
1987-08-20,24,833.3,1140.0,rqds
1987-08-21,24,712.9,1060.0,rqds
1987-08-22,24,634.2,940.0,rqds
1987-08-23,24,697.1,960.0,rqds
1987-08-24,24,826.7,1060.0,rqds
1987-08-25,24,718.3,1120.0,rqds
1987-08-26,24,523.3,780.0,rqds
1987-08-27,24,523.6,680.0,rqds
1987-08-28,24,605.8,780.0,rqds
1987-08-29,24,596.2,740.0,rqds
1987-08-30,24,540.4,760.0,rqds
1987-08-31,24,636.7,890.0,rqds
1987-09-01,24,582.5,810.0,rqds
1987-09-02,24,485.8,760.0,rqds
1987-09-03,24,495.0,850.0,rqds
1987-09-04,24,512.1,870.0,rqds
1987-09-05,24,491.7,880.0,rqds
1987-09-06,24,392.1,810.0,rqds
1987-09-07,24,378.3,680.0,rqds
1987-09-08,24,480.4,670.0,rqds
1987-09-09,24,630.8,770.0,rqds
1987-09-10,24,634.2,780.0,rqds
1987-09-11,24,552.5,770.0,rqds
1987-09-12,24,519.6,770.0,rqds
1987-09-13,24,536.7,830.0,rqds
1987-09-14,24,641.2,920.0,rqds
1987-09-15,24,700.0,910.0,rqds
1987-09-16,24,726.2,940.0,rqds
1987-09-17,24,806.7,1050.0,rqds
1987-09-18,24,754.2,1000.0,rqds
1987-09-19,24,650.8,880.0,rqds
1987-09-20,24,648.8,870.0,rqds
1987-09-21,24,707.9,910.0,rqds
1987-09-22,24,811.7,960.0,rqds
1987-09-23,24,776.3,1060.0,rqds
1987-09-24,24,697.5,870.0,rqds
1987-09-25,24,838.3,1060.0,rqds
1987-09-26,24,706.8,880.0,rqds
1987-09-27,24,561.7,830.0,rqds
1987-09-28,24,516.0,790.0,rqds
1987-09-29,24,460.8,760.0,rqds
1987-09-30,24,473.3,760.0,rqds
1987-10-01,24,554.6,870.0,rqds
1987-10-02,24,682.9,940.0,rqds
1987-10-03,24,631.2,940.0,rqds
1987-10-04,24,651.7,850.0,rqds
1987-10-05,24,729.2,970.0,rqds
1987-10-06,24,705.4,860.0,rqds
1987-10-07,24,689.6,880.0,rqds
1987-10-08,24,635.0,880.0,rqds
1987-10-09,24,533.8,820.0,rqds
1987-10-10,24,445.0,760.0,rqds
1987-10-11,24,557.9,900.0,rqds
1987-10-12,24,663.3,970.0,rqds
1987-10-13,24,650.0,960.0,rqds
1987-10-14,24,588.3,790.0,rqds
1987-10-15,24,540.8,720.0,rqds
1987-10-16,24,532.9,640.0,rqds
1987-10-17,24,455.4,570.0,rqds
1987-10-18,24,513.8,640.0,rqds
1987-10-19,24,516.2,640.0,rqds
1987-10-20,24,507.5,680.0,rqds
1987-10-21,24,455.8,660.0,rqds
1987-10-22,24,437.1,700.0,rqds
1987-10-23,24,447.5,740.0,rqds
1987-10-24,24,483.3,810.0,rqds
1987-10-25,24,470.4,820.0,rqds
1987-10-26,24,441.7,810.0,rqds
1987-10-27,24,430.8,770.0,rqds
1987-10-28,24,542.5,900.0,rqds
1987-10-29,24,652.1,930.0,rqds
1987-10-30,24,664.2,900.0,rqds
1987-10-31,24,661.2,800.0,rqds
1987-11-01,24,565.0,730.0,rqds
1987-11-02,24,484.4,660.0,rqds
1987-11-03,24,430.4,660.0,rqds
1987-11-04,24,465.8,770.0,rqds
1987-11-05,24,552.5,900.0,rqds
1987-11-06,24,634.2,1000.0,rqds
1987-11-07,24,601.2,990.0,rqds
1987-11-08,24,543.3,900.0,rqds
1987-11-09,24,548.8,890.0,rqds
1987-11-10,24,615.0,960.0,rqds
1987-11-11,24,674.2,970.0,rqds
1987-11-12,24,677.1,890.0,rqds
1987-11-13,24,735.0,980.0,rqds
1987-11-14,24,721.0,820.0,rqds
1987-11-15,24,743.3,860.0,rqds
1987-11-16,24,745.4,880.0,rqds
1987-11-17,24,761.4,950.0,rqds
1987-11-18,24,620.8,850.0,rqds
1987-11-19,24,600.4,900.0,rqds
1987-11-20,24,568.8,940.0,rqds
1987-11-21,24,572.1,980.0,rqds
1987-11-22,24,522.9,940.0,rqds
1987-11-23,24,432.1,860.0,rqds
1987-11-24,24,416.7,810.0,rqds
1987-11-25,24,380.8,740.0,rqds
1987-11-26,24,441.7,740.0,rqds
1987-11-27,24,559.2,820.0,rqds
1987-11-28,24,647.1,870.0,rqds
1987-11-29,24,687.1,860.0,rqds
1987-11-30,24,517.1,720.0,rqds
1987-12-01,24,497.9,760.0,rqds
1987-12-02,24,559.2,900.0,rqds
1987-12-03,24,554.6,960.0,rqds
1987-12-04,24,611.2,981.0,rqds
1987-12-05,24,726.2,1160.0,rqds
1987-12-06,24,682.1,1040.0,rqds
1987-12-07,24,627.9,1000.0,rqds
1987-12-08,24,625.4,960.0,rqds
1987-12-09,24,605.4,900.0,rqds
1987-12-10,24,576.2,860.0,rqds
1987-12-11,24,599.6,850.0,rqds
1987-12-12,24,590.8,760.0,rqds
1987-12-13,24,617.9,730.0,rqds
1987-12-14,24,621.2,770.0,rqds
1987-12-15,24,583.3,780.0,rqds
1987-12-16,24,540.4,780.0,rqds
1987-12-17,24,541.2,860.0,rqds
1987-12-18,24,691.2,1100.0,rqds
1987-12-19,24,748.3,1180.0,rqds
1987-12-20,24,704.2,1180.0,rqds
1987-12-21,24,681.2,1150.0,rqds
1987-12-22,24,650.8,1080.0,rqds
1987-12-23,24,698.0,1080.0,rqds
1987-12-24,24,725.8,1020.0,rqds
1987-12-25,24,703.3,900.0,rqds
1987-12-26,24,525.4,660.0,rqds
1987-12-27,24,455.8,570.0,rqds
1987-12-28,24,517.1,740.0,rqds
1987-12-29,24,611.0,900.0,rqds
1987-12-30,24,569.6,880.0,rqds
1987-12-31,24,557.1,920.0,rqds
1988-01-01,24,520.8,900.0,rqds
1988-01-02,24,482.1,880.0,rqds
1988-01-03,24,511.7,900.0,rqds
1988-01-04,24,635.0,1040.0,rqds
1988-01-05,24,672.9,1000.0,rqds
1988-01-06,24,623.8,960.0,rqds
1988-01-07,24,546.7,820.0,rqds
1988-01-08,24,534.2,780.0,rqds
1988-01-09,24,575.0,780.0,rqds
1988-01-10,24,607.5,720.0,rqds
1988-01-11,24,610.4,720.0,rqds
1988-01-12,24,600.4,760.0,rqds
1988-01-13,24,547.5,790.0,rqds
1988-01-14,24,519.2,810.0,rqds
1988-01-15,24,531.7,860.0,rqds
1988-01-16,24,556.7,980.0,rqds
1988-01-17,24,627.1,1080.0,rqds
1988-01-18,24,639.6,1110.0,rqds
1988-01-19,24,536.2,980.0,rqds
1988-01-20,24,488.5,890.0,rqds
1988-01-21,24,463.3,780.0,rqds
1988-01-22,24,447.1,660.0,rqds
1988-01-23,24,487.9,600.0,rqds
1988-01-24,24,582.9,710.0,rqds
1988-01-25,24,729.2,920.0,rqds
1988-01-26,24,775.4,1000.0,rqds
1988-01-27,24,727.5,1010.0,rqds
1988-01-28,24,646.2,950.0,rqds
1988-01-29,24,615.4,960.0,rqds
1988-01-30,24,630.8,980.0,rqds
1988-01-31,24,658.3,1030.0,rqds
1988-02-01,24,691.7,1060.0,rqds
1988-02-02,24,707.9,1050.0,rqds
1988-02-03,24,770.8,1100.0,rqds
1988-02-04,24,797.9,1100.0,rqds
1988-02-05,24,695.4,920.0,rqds
1988-02-06,24,687.5,900.0,rqds
1988-02-07,24,754.6,880.0,rqds
1988-02-08,24,842.9,980.0,rqds
1988-02-09,24,735.4,960.0,rqds
1988-02-10,24,662.9,900.0,rqds
1988-02-11,24,638.3,910.0,rqds
1988-02-12,24,651.7,960.0,rqds
1988-02-13,24,692.1,1060.0,rqds
1988-02-14,24,736.2,1120.0,rqds
1988-02-15,24,747.5,1160.0,rqds
1988-02-16,24,742.1,1150.0,rqds
1988-02-17,24,704.6,1090.0,rqds
1988-02-18,24,669.2,970.0,rqds
1988-02-19,24,688.8,880.0,rqds
1988-02-20,24,708.8,820.0,rqds
1988-02-21,24,731.2,920.0,rqds
1988-02-22,24,697.9,910.0,rqds
1988-02-23,24,666.2,940.0,rqds
1988-02-24,24,609.6,880.0,rqds
1988-02-25,24,581.7,860.0,rqds
1988-02-26,24,589.2,820.0,rqds
1988-02-27,24,699.2,930.0,rqds
1988-02-28,24,743.8,1010.0,rqds
1988-02-29,24,720.0,1000.0,rqds
1988-03-01,24,682.1,990.0,rqds
1988-03-02,24,495.0,760.0,rqds
1988-03-03,24,487.1,740.0,rqds
1988-03-04,24,532.9,750.0,rqds
1988-03-05,24,689.5,830.0,rqds
1988-03-06,24,782.9,888.0,rqds
1988-03-07,24,701.2,910.0,rqds
1988-03-08,24,647.1,860.0,rqds
1988-03-09,24,693.8,980.0,rqds
1988-03-10,24,562.3,910.0,rqds
1988-03-11,24,518.3,800.0,rqds
1988-03-12,24,645.0,910.0,rqds
1988-03-13,24,752.1,1070.0,rqds
1988-03-14,24,777.1,1120.0,rqds
1988-03-15,24,795.0,1140.0,rqds
1988-03-16,24,830.0,1140.0,rqds
1988-03-17,24,825.8,1060.0,rqds
1988-03-18,24,843.8,980.0,rqds
1988-03-19,24,875.0,1040.0,rqds
1988-03-20,24,882.9,1140.0,rqds
1988-03-21,24,898.3,1190.0,rqds
1988-03-22,24,844.6,1200.0,rqds
1988-03-23,24,875.8,1140.0,rqds
1988-03-24,24,855.8,1160.0,rqds
1988-03-25,24,798.3,1050.0,rqds
1988-03-26,24,808.8,1030.0,rqds
1988-03-27,24,797.5,1010.0,rqds
1988-03-28,24,774.6,980.0,rqds
1988-03-29,24,710.4,940.0,rqds
1988-03-30,24,687.5,930.0,rqds
1988-03-31,24,787.1,970.0,rqds
1988-04-01,24,807.9,940.0,rqds
1988-04-02,24,812.1,970.0,rqds
1988-04-03,24,767.9,1000.0,rqds
1988-04-04,24,751.2,1020.0,rqds
1988-04-05,24,803.8,1080.0,rqds
1988-04-06,24,816.7,1180.0,rqds
1988-04-07,24,810.0,1160.0,rqds
1988-04-08,24,854.2,1180.0,rqds
1988-04-09,24,829.2,1160.0,rqds
1988-04-10,24,734.2,1040.0,rqds
1988-04-11,24,667.5,880.0,rqds
1988-04-12,24,662.9,860.0,rqds
1988-04-13,24,647.1,820.0,rqds
1988-04-14,24,587.5,720.0,rqds
1988-04-15,24,631.2,840.0,rqds
1988-04-16,24,780.8,1020.0,rqds
1988-04-17,24,826.7,1130.0,rqds
1988-04-18,24,882.9,1220.0,rqds
1988-04-19,24,884.2,1300.0,rqds
1988-04-20,24,898.3,1280.0,rqds
1988-04-21,24,749.2,1120.0,rqds
1988-04-22,24,750.8,1020.0,rqds
1988-04-23,24,787.1,1050.0,rqds
1988-04-24,24,790.0,1030.0,rqds
1988-04-25,24,759.2,920.0,rqds
1988-04-26,24,767.9,870.0,rqds
1988-04-27,24,903.8,1070.0,rqds
1988-04-28,24,1061.3,1200.0,rqds
1988-04-29,24,963.3,1280.0,rqds
1988-04-30,24,860.8,1090.0,rqds
1988-05-01,24,812.5,1120.0,rqds
1988-05-02,24,747.5,1110.0,rqds
1988-05-03,24,752.1,1100.0,rqds
1988-05-04,24,736.7,1120.0,rqds
1988-05-05,24,777.9,1150.0,rqds
1988-05-06,24,831.7,1210.0,rqds
1988-05-07,24,796.2,1160.0,rqds
1988-05-08,24,737.5,1020.0,rqds
1988-05-09,24,720.0,960.0,rqds
1988-05-10,24,783.3,920.0,rqds
1988-05-11,24,942.1,1180.0,rqds
1988-05-12,24,1221.2,1360.0,rqds
1988-05-13,24,1171.2,1420.0,rqds
1988-05-14,24,1017.9,1380.0,rqds
1988-05-15,24,955.4,1340.0,rqds
1988-05-16,24,943.8,1340.0,rqds
1988-05-17,24,1058.8,1410.0,rqds
1988-05-18,24,955.0,1410.0,rqds
1988-05-19,24,945.0,1300.0,rqds
1988-05-20,24,1023.3,1380.0,rqds
1988-05-21,24,943.8,1280.0,rqds
1988-05-22,24,772.5,1000.0,rqds
1988-05-23,24,787.5,960.0,rqds
1988-05-24,24,831.7,920.0,rqds
1988-05-25,24,825.5,960.0,rqds
1988-05-26,24,826.2,980.0,rqds
1988-05-27,24,837.1,1070.0,rqds
1988-05-28,24,854.1,1150.0,rqds
1988-05-29,24,964.6,1330.0,rqds
1988-05-30,24,1117.9,1560.0,rqds
1988-05-31,24,1215.4,1650.0,rqds
1988-06-01,24,1241.2,1620.0,rqds
1988-06-02,24,1043.3,1680.0,rqds
1988-06-03,24,820.0,1300.0,rqds
1988-06-04,24,860.2,1160.0,rqds
1988-06-05,24,1067.5,1380.0,rqds
1988-06-06,24,987.1,1200.0,rqds
1988-06-07,24,1014.2,1180.0,rqds
1988-06-08,24,928.8,1090.0,rqds
1988-06-09,24,1060.0,1340.0,rqds
1988-06-10,24,1063.3,1340.0,rqds
1988-06-11,24,1044.2,1420.0,rqds
1988-06-12,24,1005.1,1440.0,rqds
1988-06-13,24,914.2,1380.0,rqds
1988-06-14,24,826.2,1260.0,rqds
1988-06-15,24,894.6,1260.0,rqds
1988-06-16,24,899.6,1230.0,rqds
1988-06-17,24,878.8,1310.0,rqds
1988-06-18,24,847.9,1110.0,rqds
1988-06-19,24,855.4,1200.0,rqds
1988-06-20,24,741.2,950.0,rqds
1988-06-21,24,742.5,860.0,rqds
1988-06-22,24,858.8,1010.0,rqds
1988-06-23,24,995.0,1180.0,rqds
1988-06-24,24,1053.3,1330.0,rqds
1988-06-25,24,1053.6,1350.0,rqds
1988-06-26,24,855.2,1150.0,rqds
1988-06-27,24,813.5,1180.0,rqds
1988-06-28,24,805.0,1200.0,rqds
1988-06-29,24,796.7,1280.0,rqds
1988-06-30,24,759.6,1250.0,rqds
1988-07-01,24,753.8,1190.0,rqds
1988-07-02,24,774.2,1140.0,rqds
1988-07-03,24,925.7,1200.0,rqds
1988-07-04,24,1090.8,1290.0,rqds
1988-07-05,24,942.9,1070.0,rqds
1988-07-06,24,978.3,1220.0,rqds
1988-07-07,24,893.8,1080.0,rqds
1988-07-08,24,755.8,1020.0,rqds
1988-07-09,24,657.9,1000.0,rqds
1988-07-10,24,726.7,1120.0,rqds
1988-07-11,24,856.2,1260.0,rqds
1988-07-12,24,1059.2,1400.0,rqds
1988-07-13,24,940.0,1430.0,rqds
1988-07-14,24,900.4,1260.0,rqds
1988-07-15,24,780.4,1180.0,rqds
1988-07-16,24,830.8,1070.0,rqds
1988-07-17,24,866.6,1310.0,rqds
1988-07-18,24,741.7,1000.0,rqds
1988-07-19,24,670.8,820.0,rqds
1988-07-20,24,707.9,780.0,rqds
1988-07-21,24,824.6,980.0,rqds
1988-07-22,24,899.6,1120.0,rqds
1988-07-23,24,1027.9,1380.0,rqds
1988-07-24,24,1017.5,1350.0,rqds
1988-07-25,24,727.5,1040.0,rqds
1988-07-26,24,695.0,1100.0,rqds
1988-07-27,24,761.2,1140.0,rqds
1988-07-28,24,672.5,1150.0,rqds
1988-07-29,24,643.3,1080.0,rqds
1988-07-30,24,677.5,1060.0,rqds
1988-07-31,24,772.1,1050.0,rqds
1988-08-01,24,771.0,990.0,rqds
1988-08-02,24,711.2,780.0,rqds
1988-08-03,24,711.7,860.0,rqds
1988-08-04,24,615.4,780.0,rqds
1988-08-05,24,577.9,900.0,rqds
1988-08-06,24,657.9,900.0,rqds
1988-08-07,24,749.2,1100.0,rqds
1988-08-08,24,825.4,1180.0,rqds
1988-08-09,24,933.8,1210.0,rqds
1988-08-10,24,837.9,1160.0,rqds
1988-08-11,24,1134.6,1420.0,rqds
1988-08-12,24,1051.2,1540.0,rqds
1988-08-13,24,909.2,1200.0,rqds
1988-08-14,24,1144.7,1350.0,rqds
1988-08-15,24,1066.2,1380.0,rqds
1988-08-16,24,866.8,1090.0,rqds
1988-08-17,24,802.5,920.0,rqds
1988-08-18,24,823.3,980.0,rqds
1988-08-19,24,856.7,1060.0,rqds
1988-08-20,24,827.9,960.0,rqds
1988-08-21,24,699.2,930.0,rqds
1988-08-22,24,728.1,1060.0,rqds
1988-08-23,24,793.2,1160.0,rqds
1988-08-24,24,876.9,1270.0,rqds
1988-08-25,24,741.2,1280.0,rqds
1988-08-26,24,666.2,1060.0,rqds
1988-08-27,24,728.8,1060.0,rqds
1988-08-28,24,857.5,1040.0,rqds
1988-08-29,24,759.2,1040.0,rqds
1988-08-30,24,658.5,830.0,rqds
1988-08-31,24,644.6,860.0,rqds
1988-09-01,24,709.6,1000.0,rqds
1988-09-02,24,758.3,980.0,rqds
1988-09-03,24,721.2,960.0,rqds
1988-09-04,24,804.6,1140.0,rqds
1988-09-05,24,1005.3,1200.0,rqds
1988-09-06,24,945.4,1160.0,rqds
1988-09-07,24,816.7,1080.0,rqds
1988-09-08,24,890.8,1110.0,rqds
1988-09-09,24,828.8,1140.0,rqds
1988-09-10,24,738.8,1000.0,rqds
1988-09-11,24,717.1,920.0,rqds
1988-09-12,24,804.6,920.0,rqds
1988-09-13,24,814.2,960.0,rqds
1988-09-14,24,820.0,1040.0,rqds
1988-09-15,24,750.0,1000.0,rqds
1988-09-16,24,756.7,1020.0,rqds
1988-09-17,24,750.4,1000.0,rqds
1988-09-18,24,875.8,1200.0,rqds
1988-09-19,24,890.4,1190.0,rqds
1988-09-20,24,962.5,1200.0,rqds
1988-09-21,24,1160.8,1700.0,rqds
1988-09-22,24,922.9,1400.0,rqds
1988-09-23,24,760.5,1160.0,rqds
1988-09-24,24,825.4,1040.0,rqds
1988-09-25,24,856.7,1130.0,rqds
1988-09-26,24,850.8,1030.0,rqds
1988-09-27,24,930.8,1210.0,rqds
1988-09-28,24,923.3,1270.0,rqds
1988-09-29,24,922.5,1170.0,rqds
1988-09-30,24,849.2,1180.0,rqds
1988-10-01,24,870.4,1170.0,rqds
1988-10-02,24,963.3,1200.0,rqds
1988-10-03,24,898.3,1090.0,rqds
1988-10-04,24,799.6,950.0,rqds
1988-10-05,24,802.1,1040.0,rqds
1988-10-06,24,803.3,1030.0,rqds
1988-10-07,24,682.1,880.0,rqds
1988-10-08,24,673.8,800.0,rqds
1988-10-09,24,714.6,860.0,rqds
1988-10-10,24,757.9,950.0,rqds
1988-10-11,24,780.8,1050.0,rqds
1988-10-12,24,799.6,1070.0,rqds
1988-10-13,24,773.8,1050.0,rqds
1988-10-14,24,744.6,1050.0,rqds
1988-10-15,24,743.3,1050.0,rqds
1988-10-16,24,768.8,1080.0,rqds
1988-10-17,24,818.8,1120.0,rqds
1988-10-18,24,905.0,1160.0,rqds
1988-10-19,24,971.7,1180.0,rqds
1988-10-20,24,773.3,1020.0,rqds
1988-10-21,24,655.4,800.0,rqds
1988-10-22,24,635.4,780.0,rqds
1988-10-23,24,612.9,800.0,rqds
1988-10-24,24,748.8,1050.0,rqds
1988-10-25,24,854.6,1190.0,rqds
1988-10-26,24,817.9,1190.0,rqds
1988-10-27,24,757.1,1120.0,rqds
1988-10-28,24,677.5,1020.0,rqds
1988-10-29,24,663.8,990.0,rqds
1988-10-30,24,758.8,1040.0,rqds
1988-10-31,24,975.4,1260.0,rqds
1988-11-01,24,957.1,1070.0,rqds
1988-11-02,24,764.6,880.0,rqds
1988-11-03,24,657.5,740.0,rqds
1988-11-04,24,633.3,740.0,rqds
1988-11-05,24,699.2,840.0,rqds
1988-11-06,24,834.2,1080.0,rqds
1988-11-07,24,669.2,920.0,rqds
1988-11-08,24,562.1,850.0,rqds
1988-11-09,24,554.2,860.0,rqds
1988-11-10,24,698.8,1110.0,rqds
1988-11-11,24,740.0,1180.0,rqds
1988-11-12,24,620.4,970.0,rqds
1988-11-13,24,517.9,870.0,rqds
1988-11-14,24,487.5,820.0,rqds
1988-11-15,24,608.3,940.0,rqds
1988-11-16,24,790.3,1030.0,rqds
1988-11-17,24,711.2,800.0,rqds
1988-11-18,24,629.2,770.0,rqds
1988-11-19,24,586.2,780.0,rqds
1988-11-20,24,640.8,940.0,rqds
1988-11-21,24,790.8,1140.0,rqds
1988-11-22,24,892.1,1300.0,rqds
1988-11-23,24,820.0,1240.0,rqds
1988-11-24,24,712.1,1160.0,rqds
1988-11-25,24,637.5,1040.0,rqds
1988-11-26,24,630.4,1000.0,rqds
1988-11-27,24,644.2,990.0,rqds
1988-11-28,24,703.8,1010.0,rqds
1988-11-29,24,819.8,1080.0,rqds
1988-11-30,24,905.8,1100.0,rqds
1988-12-01,24,913.8,1040.0,rqds
1988-12-02,24,920.0,1080.0,rqds
1988-12-03,24,790.4,980.0,rqds
1988-12-04,24,658.8,880.0,rqds
1988-12-05,24,614.6,900.0,rqds
1988-12-06,24,642.9,990.0,rqds
1988-12-07,24,766.2,1160.0,rqds
1988-12-08,24,729.6,1160.0,rqds
1988-12-09,24,716.2,1150.0,rqds
1988-12-10,24,693.8,1120.0,rqds
1988-12-11,24,660.0,1040.0,rqds
1988-12-12,24,707.7,1080.0,rqds
1988-12-13,24,736.2,1060.0,rqds
1988-12-14,24,736.7,950.0,rqds
1988-12-15,24,628.8,760.0,rqds
1988-12-16,24,591.7,730.0,rqds
1988-12-17,24,600.4,810.0,rqds
1988-12-18,24,747.9,1050.0,rqds
1988-12-19,24,832.1,1200.0,rqds
1988-12-20,24,810.4,1220.0,rqds
1988-12-21,24,787.5,1210.0,rqds
1988-12-22,24,762.1,1180.0,rqds
1988-12-23,24,749.2,1170.0,rqds
1988-12-24,24,685.4,1100.0,rqds
1988-12-25,24,600.4,960.0,rqds
1988-12-26,24,557.5,860.0,rqds
1988-12-27,24,607.5,880.0,rqds
1988-12-28,24,733.3,960.0,rqds
1988-12-29,24,810.8,960.0,rqds
1988-12-30,24,741.0,860.0,rqds
1988-12-31,24,794.6,950.0,rqds
1989-01-01,24,657.9,880.0,rqds
1989-01-02,24,548.3,840.0,rqds
1989-01-03,24,556.7,880.0,rqds
1989-01-04,24,713.3,1080.0,rqds
1989-01-05,24,902.9,1300.0,rqds
1989-01-06,24,815.0,1250.0,rqds
1989-01-07,24,744.2,1170.0,rqds
1989-01-08,24,677.1,1110.0,rqds
1989-01-09,24,618.3,1040.0,rqds
1989-01-10,24,687.1,1020.0,rqds
1989-01-11,24,865.8,1120.0,rqds
1989-01-12,24,922.9,1060.0,rqds
1989-01-13,24,841.4,960.0,rqds
1989-01-14,24,826.3,1050.0,rqds
1989-01-15,24,725.4,1000.0,rqds
1989-01-16,24,733.3,1060.0,rqds
1989-01-17,24,744.6,1110.0,rqds
1989-01-18,24,830.4,1220.0,rqds
1989-01-19,24,914.2,1280.0,rqds
1989-01-20,24,910.8,1250.0,rqds
1989-01-21,24,928.8,1280.0,rqds
1989-01-22,24,918.3,1250.0,rqds
1989-01-23,24,909.4,1250.0,rqds
1989-01-24,24,822.9,1100.0,rqds
1989-01-25,24,805.4,1000.0,rqds
1989-01-26,24,718.3,860.0,rqds
1989-01-27,24,636.7,740.0,rqds
1989-01-28,24,586.2,720.0,rqds
1989-01-29,24,577.5,750.0,rqds
1989-01-30,24,680.0,870.0,rqds
1989-01-31,24,794.2,1040.0,rqds
1989-02-01,24,861.7,1160.0,rqds
1989-02-02,24,849.2,1180.0,rqds
1989-02-03,24,851.2,1230.0,rqds
1989-02-04,24,850.0,1250.0,rqds
1989-02-05,24,878.8,1290.0,rqds
1989-02-06,24,798.3,1180.0,rqds
1989-02-07,24,681.7,990.0,rqds
1989-02-08,24,571.2,770.0,rqds
1989-02-09,24,543.3,630.0,rqds
1989-02-10,24,687.9,810.0,rqds
1989-02-11,24,765.8,1010.0,rqds
1989-02-12,24,747.5,1020.0,rqds
1989-02-13,24,810.0,1060.0,rqds
1989-02-14,24,892.9,1160.0,rqds
1989-02-15,24,884.6,1160.0,rqds
1989-02-16,24,909.2,1240.0,rqds
1989-02-17,24,800.0,1140.0,rqds
1989-02-18,24,702.5,1070.0,rqds
1989-02-19,24,673.3,990.0,rqds
1989-02-20,24,698.8,980.0,rqds
1989-02-21,24,822.4,1080.0,rqds
1989-02-22,24,928.3,1130.0,rqds
1989-02-23,24,824.7,970.0,rqds
1989-02-24,24,792.9,880.0,rqds
1989-02-25,24,968.3,1030.0,rqds
1989-02-26,24,1099.2,1350.0,rqds
1989-02-27,24,1231.2,1330.0,rqds
1989-02-28,24,1074.2,1380.0,rqds
1989-03-01,24,911.2,1170.0,rqds
1989-03-02,24,867.5,1160.0,rqds
1989-03-03,24,846.2,1160.0,rqds
1989-03-04,24,831.7,1160.0,rqds
1989-03-05,24,852.9,1210.0,rqds
1989-03-06,24,816.7,1140.0,rqds
1989-03-07,24,838.3,1110.0,rqds
1989-03-08,24,816.8,980.0,rqds
1989-03-09,24,774.1,960.0,rqds
1989-03-10,24,712.1,990.0,rqds
1989-03-11,24,667.5,950.0,rqds
1989-03-12,24,680.6,1000.0,rqds
1989-03-13,24,645.8,990.0,rqds
1989-03-14,24,632.8,930.0,rqds
1989-03-15,24,682.9,940.0,rqds
1989-03-16,24,772.9,1020.0,rqds
1989-03-17,24,838.3,1080.0,rqds
1989-03-18,24,887.1,1120.0,rqds
1989-03-19,24,923.3,1140.0,rqds
1989-03-20,24,930.4,1150.0,rqds
1989-03-21,24,772.1,920.0,rqds
1989-03-22,24,676.7,830.0,rqds
1989-03-23,24,625.0,790.0,rqds
1989-03-24,24,627.5,800.0,rqds
1989-03-25,24,733.3,940.0,rqds
1989-03-26,24,785.8,1080.0,rqds
1989-03-27,24,831.2,1120.0,rqds
1989-03-28,24,917.0,1210.0,rqds
1989-03-29,24,962.5,1250.0,rqds
1989-03-30,24,977.1,1250.0,rqds
1989-03-31,24,1040.4,1260.0,rqds
1989-04-01,24,1155.8,1360.0,rqds
1989-04-02,24,1210.4,1480.0,rqds
1989-04-03,24,942.5,1140.0,rqds
1989-04-04,24,762.5,930.0,rqds
1989-04-05,24,741.2,870.0,rqds
1989-04-06,24,850.4,1080.0,rqds
1989-04-07,24,935.0,1220.0,rqds
1989-04-08,24,1030.7,1380.0,rqds
1989-04-09,24,959.2,1420.0,rqds
1989-04-10,24,806.2,1210.0,rqds
1989-04-11,24,767.1,1080.0,rqds
1989-04-12,24,842.5,1110.0,rqds
1989-04-13,24,904.6,1110.0,rqds
1989-04-14,24,877.9,1080.0,rqds
1989-04-15,24,830.4,990.0,rqds
1989-04-16,24,775.4,890.0,rqds
1989-04-17,24,780.4,860.0,rqds
1989-04-18,24,822.9,940.0,rqds
1989-04-19,24,786.7,950.0,rqds
1989-04-20,24,797.5,1030.0,rqds
1989-04-21,24,910.4,1160.0,rqds
1989-04-22,24,1039.2,1320.0,rqds
1989-04-23,24,1101.7,1500.0,rqds
1989-04-24,24,934.2,1330.0,rqds
1989-04-25,24,895.0,1260.0,rqds
1989-04-26,24,907.1,1280.0,rqds
1989-04-27,24,840.8,1200.0,rqds
1989-04-28,24,820.8,1060.0,rqds
1989-04-29,24,1027.9,1200.0,rqds
1989-04-30,24,1158.3,1320.0,rqds
1989-05-01,24,995.8,1150.0,rqds
1989-05-02,24,788.8,970.0,rqds
1989-05-03,24,769.6,980.0,rqds
1989-05-04,24,735.8,1030.0,rqds
1989-05-05,24,748.3,1090.0,rqds
1989-05-06,24,824.6,1200.0,rqds
1989-05-07,24,902.5,1320.0,rqds
1989-05-08,24,962.8,1360.0,rqds
1989-05-09,24,954.2,1340.0,rqds
1989-05-10,24,894.6,1240.0,rqds
1989-05-11,24,866.2,1120.0,rqds
1989-05-12,24,903.3,1090.0,rqds
1989-05-13,24,963.3,1080.0,rqds
1989-05-14,24,1062.5,1180.0,rqds
1989-05-15,24,1114.6,1260.0,rqds
1989-05-16,24,1035.8,1260.0,rqds
1989-05-17,24,861.5,1100.0,rqds
1989-05-18,24,852.1,1160.0,rqds
1989-05-19,24,963.8,1290.0,rqds
1989-05-20,24,966.6,1370.0,rqds
1989-05-21,24,795.4,1220.0,rqds
1989-05-22,24,838.3,1200.0,rqds
1989-05-23,24,888.6,1350.0,rqds
1989-05-24,24,773.3,1180.0,rqds
1989-05-25,24,862.1,1140.0,rqds
1989-05-26,24,1149.6,1370.0,rqds
1989-05-27,24,1207.9,1510.0,rqds
1989-05-28,24,899.9,1070.0,rqds
1989-05-29,24,895.4,1140.0,rqds
1989-05-30,24,974.6,1160.0,rqds
1989-05-31,24,877.5,1140.0,rqds
1989-06-01,24,814.6,1210.0,rqds
1989-06-02,24,820.0,1240.0,rqds
1989-06-03,24,757.9,1230.0,rqds
1989-06-04,24,780.3,1190.0,rqds
1989-06-05,24,892.9,1300.0,rqds
1989-06-06,24,910.4,1300.0,rqds
1989-06-07,24,836.2,1250.0,rqds
1989-06-08,24,682.9,1000.0,rqds
1989-06-09,24,628.8,842.0,rqds
1989-06-10,24,729.6,910.0,rqds
1989-06-11,24,1016.7,1210.0,rqds
1989-06-12,24,1053.3,1190.0,rqds
1989-06-13,24,968.8,1140.0,rqds
1989-06-14,24,830.4,1080.0,rqds
1989-06-15,24,801.2,1130.0,rqds
1989-06-16,24,831.7,1150.0,rqds
1989-06-17,24,806.7,1170.0,rqds
1989-06-18,24,762.9,1190.0,rqds
1989-06-19,24,759.6,1150.0,rqds
1989-06-20,24,793.3,1190.0,rqds
1989-06-21,24,798.8,1210.0,rqds
1989-06-22,24,798.8,1160.0,rqds
1989-06-23,24,840.4,1130.0,rqds
1989-06-24,24,892.9,1110.0,rqds
1989-06-25,24,912.5,1030.0,rqds
1989-06-26,24,907.5,1080.0,rqds
1989-06-27,24,1025.0,1250.0,rqds
1989-06-28,24,928.8,1220.0,rqds
1989-06-29,24,1049.6,1320.0,rqds
1989-06-30,24,848.3,1310.0,rqds
1989-07-01,24,833.3,1260.0,rqds
1989-07-02,24,809.2,1270.0,rqds
1989-07-03,24,713.8,1170.0,rqds
1989-07-04,24,626.2,1060.0,rqds
1989-07-05,24,640.8,960.0,rqds
1989-07-06,24,737.9,980.0,rqds
1989-07-07,24,820.4,1100.0,rqds
1989-07-08,24,688.8,860.0,rqds
1989-07-09,24,709.2,800.0,rqds
1989-07-10,24,766.7,900.0,rqds
1989-07-11,24,902.5,1080.0,rqds
1989-07-12,24,909.2,1150.0,rqds
1989-07-13,24,984.2,1160.0,rqds
1989-07-14,24,751.2,1050.0,rqds
1989-07-15,24,705.8,1040.0,rqds
1989-07-16,24,725.6,1140.0,rqds
1989-07-17,24,752.9,1140.0,rqds
1989-07-18,24,854.6,1200.0,rqds
1989-07-19,24,1074.8,1340.0,rqds
1989-07-20,24,1016.7,1450.0,rqds
1989-07-21,24,865.0,1190.0,rqds
1989-07-22,24,866.7,1100.0,rqds
1989-07-23,24,989.6,1080.0,rqds
1989-07-24,24,924.2,1020.0,rqds
1989-07-25,24,867.9,1100.0,rqds
1989-07-26,24,976.7,1330.0,rqds
1989-07-27,24,1069.6,1260.0,rqds
1989-07-28,24,857.5,1180.0,rqds
1989-07-29,24,760.4,1120.0,rqds
1989-07-30,24,726.2,1100.0,rqds
1989-07-31,24,705.2,1090.0,rqds
1989-08-01,24,769.6,1080.0,rqds
1989-08-02,24,774.9,1190.0,rqds
1989-08-03,24,712.9,1000.0,rqds
1989-08-04,24,725.4,940.0,rqds
1989-08-05,24,751.2,940.0,rqds
1989-08-06,24,665.4,790.0,rqds
1989-08-07,24,628.8,770.0,rqds
1989-08-08,24,757.5,960.0,rqds
1989-08-09,24,793.7,960.0,rqds
1989-08-10,24,778.0,980.0,rqds
1989-08-11,24,751.7,1040.0,rqds
1989-08-12,24,805.0,1080.0,rqds
1989-08-13,24,742.5,1080.0,rqds
1989-08-14,24,712.1,1050.0,rqds
1989-08-15,24,705.7,1070.0,rqds
1989-08-16,24,791.2,1120.0,rqds
1989-08-17,24,1020.5,1250.0,rqds
1989-08-18,24,812.9,1230.0,rqds
1989-08-19,24,753.9,940.0,rqds
1989-08-20,24,695.4,800.0,rqds
1989-08-21,24,594.6,770.0,rqds
1989-08-22,24,654.2,910.0,rqds
1989-08-23,24,850.0,1120.0,rqds
1989-08-24,24,743.7,990.0,rqds
1989-08-25,24,705.8,1010.0,rqds
1989-08-26,24,817.1,1180.0,rqds
1989-08-27,24,783.3,1160.0,rqds
1989-08-28,24,788.8,1200.0,rqds
1989-08-29,24,906.2,1230.0,rqds
1989-08-30,21,721.4,1020.0,rqds
1989-09-01,18,770.0,870.0,rqds
1989-09-02,24,706.2,840.0,rqds
1989-09-03,24,692.1,820.0,rqds
1989-09-04,24,694.2,910.0,rqds
1989-09-05,24,676.2,910.0,rqds
1989-09-06,24,736.7,960.0,rqds
1989-09-07,24,779.6,1030.0,rqds
1989-09-08,24,685.0,880.0,rqds
1989-09-09,24,635.8,860.0,rqds
1989-09-10,24,545.0,800.0,rqds
1989-09-11,24,535.8,850.0,rqds
1989-09-12,24,609.0,950.0,rqds
1989-09-13,24,736.7,1020.0,rqds
1989-09-14,24,824.9,1140.0,rqds
1989-09-15,24,760.7,1000.0,rqds
1989-09-16,24,855.4,1020.0,rqds
1989-09-17,24,923.4,1118.0,rqds
1989-09-18,24,860.2,1140.0,rqds
1989-09-19,24,881.5,1160.0,rqds
1989-09-20,24,820.8,1120.0,rqds
1989-09-21,24,720.1,980.0,rqds
1989-09-22,24,720.4,1010.0,rqds
1989-09-23,24,690.4,820.0,rqds
1989-09-24,24,511.0,700.0,rqds
1989-09-25,24,525.0,760.0,rqds
1989-09-26,24,654.6,880.0,rqds
1989-09-27,24,773.3,880.0,rqds
1989-09-28,24,717.9,890.0,rqds
1989-09-29,24,705.8,870.0,rqds
1989-09-30,24,700.4,890.0,rqds
1989-10-01,24,836.8,1120.0,rqds
1989-10-02,24,770.7,980.0,rqds
1989-10-03,24,730.4,990.0,rqds
1989-10-04,24,777.5,1030.0,rqds
1989-10-05,24,828.0,1130.0,rqds
1989-10-06,24,720.8,940.0,rqds
1989-10-07,24,628.3,880.0,rqds
1989-10-08,24,662.9,860.0,rqds
1989-10-09,24,663.3,880.0,rqds
1989-10-10,24,678.3,890.0,rqds
1989-10-11,24,689.2,920.0,rqds
1989-10-12,24,713.8,910.0,rqds
1989-10-13,24,734.2,930.0,rqds
1989-10-14,24,652.1,880.0,rqds
1989-10-15,24,666.7,990.0,rqds
1989-10-16,24,822.5,1200.0,rqds
1989-10-17,24,910.3,1260.0,rqds
1989-10-18,24,822.1,1140.0,rqds
1989-10-19,24,715.4,1040.0,rqds
1989-10-20,24,713.8,1020.0,rqds
1989-10-21,24,589.2,780.0,rqds
1989-10-22,24,551.2,690.0,rqds
1989-10-23,24,577.9,680.0,rqds
1989-10-24,24,619.6,720.0,rqds
1989-10-25,24,545.8,670.0,rqds
1989-10-26,24,532.9,700.0,rqds
1989-10-27,24,624.6,840.0,rqds
1989-10-28,24,706.2,970.0,rqds
1989-10-29,24,635.8,920.0,rqds
1989-10-30,24,599.2,920.0,rqds
1989-10-31,24,566.7,890.0,rqds
1989-11-01,24,568.8,900.0,rqds
1989-11-02,24,627.1,960.0,rqds
1989-11-03,24,556.2,840.0,rqds
1989-11-04,24,496.7,740.0,rqds
1989-11-05,24,524.6,770.0,rqds
1989-11-06,24,596.2,810.0,rqds
1989-11-07,24,760.8,910.0,rqds
1989-11-08,24,843.3,960.0,rqds
1989-11-09,24,870.0,1040.0,rqds
1989-11-10,24,869.6,1130.0,rqds
1989-11-11,24,839.6,1180.0,rqds
1989-11-12,24,803.8,1180.0,rqds
1989-11-13,24,796.7,1230.0,rqds
1989-11-14,24,739.2,1180.0,rqds
1989-11-15,24,673.3,1100.0,rqds
1989-11-16,24,617.1,960.0,rqds
1989-11-17,24,608.3,920.0,rqds
1989-11-18,24,668.4,950.0,rqds
1989-11-19,24,735.3,900.0,rqds
1989-11-20,24,780.8,920.0,rqds
1989-11-21,24,763.3,880.0,rqds
1989-11-22,24,670.0,830.0,rqds
1989-11-23,24,626.2,830.0,rqds
1989-11-24,24,706.7,970.0,rqds
1989-11-25,24,742.5,1040.0,rqds
1989-11-26,24,735.8,1080.0,rqds
1989-11-27,24,674.2,1040.0,rqds
1989-11-28,24,609.6,980.0,rqds
1989-11-29,24,553.7,940.0,rqds
1989-11-30,24,511.2,880.0,rqds
1989-12-01,24,457.9,820.0,rqds
1989-12-02,24,505.0,840.0,rqds
1989-12-03,24,537.9,840.0,rqds
1989-12-04,24,491.2,700.0,rqds
1989-12-05,24,502.1,640.0,rqds
1989-12-06,24,517.1,640.0,rqds
1989-12-07,24,562.1,740.0,rqds
1989-12-08,24,578.8,860.0,rqds
1989-12-09,24,591.7,960.0,rqds
1989-12-10,24,601.2,1020.0,rqds
1989-12-11,24,618.3,1060.0,rqds
1989-12-12,24,622.1,1110.0,rqds
1989-12-13,24,683.8,1150.0,rqds
1989-12-14,24,805.0,1200.0,rqds
1989-12-15,24,889.2,1260.0,rqds
1989-12-16,24,635.4,880.0,rqds
1989-12-17,24,523.8,710.0,rqds
1989-12-18,24,493.3,620.0,rqds
1989-12-19,24,511.2,640.0,rqds
1989-12-20,24,647.1,780.0,rqds
1989-12-21,24,712.1,900.0,rqds
1989-12-22,24,732.5,960.0,rqds
1989-12-23,24,796.2,1100.0,rqds
1989-12-24,24,697.1,1010.0,rqds
1989-12-25,24,627.5,990.0,rqds
1989-12-26,24,683.8,1070.0,rqds
1989-12-27,24,769.0,1200.0,rqds
1989-12-28,24,700.4,1110.0,rqds
1989-12-29,24,708.8,1110.0,rqds
1989-12-30,24,697.5,1040.0,rqds
1989-12-31,24,681.5,980.0,rqds
1990-01-01,9,515.6,590.0,rqds
1990-01-05,19,529.5,800.0,rqds
1990-01-06,24,551.9,880.0,rqds
1990-01-07,24,646.7,1030.0,rqds
1990-01-08,24,824.2,1260.0,rqds
1990-01-09,24,783.6,1210.0,rqds
1990-01-10,24,649.6,1100.0,rqds
1990-01-11,24,558.9,980.0,rqds
1990-01-12,24,558.8,920.0,rqds
1990-01-13,24,620.0,950.0,rqds
1990-01-14,24,787.5,1060.0,rqds
1990-01-15,24,699.2,880.0,rqds
1990-01-16,24,567.1,680.0,rqds
1990-01-17,24,528.9,650.0,rqds
1990-01-18,24,581.1,720.0,rqds
1990-01-19,24,780.8,950.0,rqds
1990-01-20,24,848.8,1100.0,rqds
1990-01-21,24,859.6,1110.0,rqds
1990-01-22,24,872.1,1210.0,rqds
1990-01-23,24,622.3,980.0,rqds
1990-01-24,24,577.5,940.0,rqds
1990-01-25,24,625.0,1030.0,rqds
1990-01-26,24,683.3,1100.0,rqds
1990-01-27,24,718.2,1100.0,rqds
1990-01-28,24,775.8,1140.0,rqds
1990-01-29,24,541.2,700.0,rqds
1990-01-30,24,532.1,680.0,rqds
1990-01-31,24,483.8,650.0,rqds
1990-02-01,24,531.7,680.0,rqds
1990-02-02,24,676.2,960.0,rqds
1990-02-03,24,713.8,1010.0,rqds
1990-02-04,24,730.0,1060.0,rqds
1990-02-05,24,800.4,1140.0,rqds
1990-02-06,24,813.8,1180.0,rqds
1990-02-07,24,807.1,1180.0,rqds
1990-02-08,24,812.1,1150.0,rqds
1990-02-09,24,757.1,1080.0,rqds
1990-02-10,24,802.5,1060.0,rqds
1990-02-11,24,843.3,1060.0,rqds
1990-02-12,24,803.3,940.0,rqds
1990-02-13,24,818.8,900.0,rqds
1990-02-14,24,868.8,1110.0,rqds
1990-02-15,24,706.2,900.0,rqds
1990-02-16,24,664.2,850.0,rqds
1990-02-17,24,665.8,860.0,rqds
1990-02-18,24,635.4,860.0,rqds
1990-02-19,24,597.9,840.0,rqds
1990-02-20,24,655.4,910.0,rqds
1990-02-21,24,711.7,1000.0,rqds
1990-02-22,24,743.8,1080.0,rqds
1990-02-23,24,810.5,1150.0,rqds
1990-02-24,24,865.0,1180.0,rqds
1990-02-25,24,855.0,1120.0,rqds
1990-02-26,24,875.8,1070.0,rqds
1990-02-27,24,900.6,1050.0,rqds
1990-02-28,24,865.0,1060.0,rqds
1990-03-01,24,795.0,1060.0,rqds
1990-03-02,24,747.9,1080.0,rqds
1990-03-03,24,747.0,1030.0,rqds
1990-03-04,24,857.1,1100.0,rqds
1990-03-05,24,1101.7,1340.0,rqds
1990-03-06,24,1225.4,1510.0,rqds
1990-03-07,24,943.8,1220.0,rqds
1990-03-08,24,770.8,1050.0,rqds
1990-03-09,24,716.2,940.0,rqds
1990-03-10,24,704.6,910.0,rqds
1990-03-11,24,781.1,960.0,rqds
1990-03-12,24,808.8,960.0,rqds
1990-03-13,24,684.6,890.0,rqds
1990-03-14,24,601.5,820.0,rqds
1990-03-15,24,623.3,850.0,rqds
1990-03-16,24,575.4,880.0,rqds
1990-03-17,24,593.3,820.0,rqds
1990-03-18,24,704.0,940.0,rqds
1990-03-19,24,725.4,970.0,rqds
1990-03-20,24,712.1,940.0,rqds
1990-03-21,24,737.1,960.0,rqds
1990-03-22,24,701.7,940.0,rqds
1990-03-23,24,671.7,900.0,rqds
1990-03-24,24,730.0,940.0,rqds
1990-03-25,24,790.8,940.0,rqds
1990-03-26,24,608.3,780.0,rqds
1990-03-27,24,530.0,760.0,rqds
1990-03-28,24,528.8,780.0,rqds
1990-03-29,24,638.8,940.0,rqds
1990-03-30,24,742.1,1080.0,rqds
1990-03-31,24,741.2,1080.0,rqds
1990-04-01,24,683.8,1040.0,rqds
1990-04-02,24,739.6,1020.0,rqds
1990-04-03,24,718.8,940.0,rqds
1990-04-04,24,650.0,840.0,rqds
1990-04-05,24,577.1,740.0,rqds
1990-04-06,24,520.4,650.0,rqds
1990-04-07,24,506.2,630.0,rqds
1990-04-08,24,631.7,820.0,rqds
1990-04-09,24,750.4,930.0,rqds
1990-04-10,24,845.0,1040.0,rqds
1990-04-11,24,806.2,1100.0,rqds
1990-04-12,24,675.0,1030.0,rqds
1990-04-13,24,609.6,960.0,rqds
1990-04-14,24,565.4,920.0,rqds
1990-04-15,24,535.4,840.0,rqds
1990-04-16,24,548.5,830.0,rqds
1990-04-17,24,668.3,890.0,rqds
1990-04-18,24,826.7,1000.0,rqds
1990-04-19,24,977.1,1230.0,rqds
1990-04-20,24,875.0,1000.0,rqds
1990-04-21,24,1052.1,1300.0,rqds
1990-04-22,24,1107.9,1370.0,rqds
1990-04-23,24,977.5,1160.0,rqds
1990-04-24,24,833.3,1160.0,rqds
1990-04-25,24,895.0,1220.0,rqds
1990-04-26,24,880.7,1340.0,rqds
1990-04-27,24,797.9,1260.0,rqds
1990-04-28,24,768.8,1160.0,rqds
1990-04-29,24,774.6,1150.0,rqds
1990-04-30,24,780.8,1080.0,rqds
1990-05-01,24,732.9,960.0,rqds
1990-05-02,24,763.3,890.0,rqds
1990-05-03,24,861.2,950.0,rqds
1990-05-04,24,777.5,890.0,rqds
1990-05-05,24,695.0,840.0,rqds
1990-05-06,24,684.6,880.0,rqds
1990-05-07,24,739.5,1030.0,rqds
1990-05-08,24,763.3,1040.0,rqds
1990-05-09,24,700.4,1030.0,rqds
1990-05-10,24,679.6,1010.0,rqds
1990-05-11,24,673.8,1040.0,rqds
1990-05-12,24,759.4,1080.0,rqds
1990-05-13,24,858.7,1190.0,rqds
1990-05-14,24,830.0,1170.0,rqds
1990-05-15,24,799.6,1100.0,rqds
1990-05-16,24,763.3,1010.0,rqds
1990-05-17,24,786.2,950.0,rqds
1990-05-18,24,784.1,910.0,rqds
1990-05-19,24,704.6,820.0,rqds
1990-05-20,24,656.2,860.0,rqds
1990-05-21,24,644.6,900.0,rqds
1990-05-22,24,651.1,1010.0,rqds
1990-05-23,24,679.6,1070.0,rqds
1990-05-24,24,744.6,1160.0,rqds
1990-05-25,24,920.4,1380.0,rqds
1990-05-26,24,1075.4,1580.0,rqds
1990-05-27,24,1045.0,1550.0,rqds
1990-05-28,24,885.0,1280.0,rqds
1990-05-29,24,772.9,1060.0,rqds
1990-05-30,24,795.4,960.0,rqds
1990-05-31,24,826.2,940.0,rqds
1990-06-01,24,825.4,920.0,rqds
1990-06-02,24,797.9,950.0,rqds
1990-06-03,24,796.7,990.0,rqds
1990-06-04,24,811.2,1130.0,rqds
1990-06-05,24,947.0,1220.0,rqds
1990-06-06,24,854.6,1210.0,rqds
1990-06-07,24,1002.1,1320.0,rqds
1990-06-08,24,892.1,1420.0,rqds
1990-06-09,24,904.6,1260.0,rqds
1990-06-10,24,937.9,1400.0,rqds
1990-06-11,24,747.5,1120.0,rqds
1990-06-12,24,810.8,1090.0,rqds
1990-06-13,24,906.2,1190.0,rqds
1990-06-14,24,754.2,1060.0,rqds
1990-06-15,24,573.3,730.0,rqds
1990-06-16,24,589.3,760.0,rqds
1990-06-17,24,680.8,920.0,rqds
1990-06-18,24,807.4,1130.0,rqds
1990-06-19,24,822.9,1160.0,rqds
1990-06-20,24,726.2,1140.0,rqds
1990-06-21,24,684.6,1130.0,rqds
1990-06-22,24,719.2,1190.0,rqds
1990-06-23,24,577.5,1120.0,rqds
1990-06-24,24,625.8,1000.0,rqds
1990-06-25,24,735.4,1060.0,rqds
1990-06-26,24,722.1,1040.0,rqds
1990-06-27,24,658.8,880.0,rqds
1990-06-28,24,712.1,820.0,rqds
1990-06-29,24,683.2,850.0,rqds
1990-06-30,24,614.2,760.0,rqds
1990-07-01,24,622.5,800.0,rqds
1990-07-02,24,570.4,810.0,rqds
1990-07-03,24,590.8,920.0,rqds
1990-07-04,24,643.0,980.0,rqds
1990-07-05,24,654.2,1020.0,rqds
1990-07-06,24,705.0,1100.0,rqds
1990-07-07,24,800.8,1150.0,rqds
1990-07-08,24,843.8,1210.0,rqds
1990-07-09,24,963.8,1260.0,rqds
1990-07-10,24,944.6,1340.0,rqds
1990-07-11,24,909.0,1160.0,rqds
1990-07-12,24,1022.9,1290.0,rqds
1990-07-13,24,905.4,1030.0,rqds
1990-07-14,24,1001.7,1150.0,rqds
1990-07-15,24,1003.0,1320.0,rqds
1990-07-16,24,934.6,1160.0,rqds
1990-07-17,24,633.3,930.0,rqds
1990-07-18,24,612.9,1100.0,rqds
1990-07-19,24,674.2,1130.0,rqds
1990-07-20,24,811.2,1430.0,rqds
1990-07-21,24,855.8,1480.0,rqds
1990-07-22,24,946.9,1430.0,rqds
1990-07-23,24,719.6,1220.0,rqds
1990-07-24,24,608.8,940.0,rqds
1990-07-25,24,525.0,700.0,rqds
1990-07-26,24,554.6,660.0,rqds
1990-07-27,24,611.7,700.0,rqds
1990-07-28,24,656.7,810.0,rqds
1990-07-29,24,649.6,820.0,rqds
1990-07-30,24,659.6,860.0,rqds
1990-07-31,24,760.4,1100.0,rqds
1990-08-01,24,970.8,1340.0,rqds
1990-08-02,24,970.8,1280.0,rqds
1990-08-03,24,890.4,1210.0,rqds
1990-08-04,24,711.2,1130.0,rqds
1990-08-05,24,705.0,1020.0,rqds
1990-08-06,24,756.2,1100.0,rqds
1990-08-07,24,662.9,1040.0,rqds
1990-08-08,24,582.9,860.0,rqds
1990-08-09,24,765.0,940.0,rqds
1990-08-10,24,698.8,830.0,rqds
1990-08-11,24,638.3,780.0,rqds
1990-08-12,24,686.7,920.0,rqds
1990-08-13,24,613.3,850.0,rqds
1990-08-14,24,511.7,780.0,rqds
1990-08-15,24,527.1,900.0,rqds
1990-08-16,24,673.8,1090.0,rqds
1990-08-17,24,825.8,1310.0,rqds
1990-08-18,24,845.0,1320.0,rqds
1990-08-19,24,670.0,1080.0,rqds
1990-08-20,24,607.5,970.0,rqds
1990-08-21,24,532.1,800.0,rqds
1990-08-22,24,455.4,640.0,rqds
1990-08-23,24,410.0,520.0,rqds
1990-08-24,24,411.3,560.0,rqds
1990-08-25,24,465.0,640.0,rqds
1990-08-26,24,576.7,800.0,rqds
1990-08-27,24,744.2,950.0,rqds
1990-08-28,24,647.1,880.0,rqds
1990-08-29,23,641.7,870.0,rqds
1990-08-31,20,557.0,780.0,rqds
1990-09-01,24,505.4,770.0,rqds
1990-09-02,24,473.3,740.0,rqds
1990-09-03,24,549.6,850.0,rqds
1990-09-04,24,691.2,920.0,rqds
1990-09-05,24,784.2,980.0,rqds
1990-09-06,24,866.7,1020.0,rqds
1990-09-07,24,823.3,990.0,rqds
1990-09-08,24,797.9,1040.0,rqds
1990-09-09,24,723.3,960.0,rqds
1990-09-10,24,500.8,760.0,rqds
1990-09-11,24,434.5,690.0,rqds
1990-09-12,24,441.2,710.0,rqds
1990-09-13,24,547.9,870.0,rqds
1990-09-14,24,700.4,1030.0,rqds
1990-09-15,24,769.2,1030.0,rqds
1990-09-16,24,788.3,1060.0,rqds
1990-09-17,24,788.8,1020.0,rqds
1990-09-18,24,722.9,880.0,rqds
1990-09-19,24,726.2,940.0,rqds
1990-09-20,24,672.5,860.0,rqds
1990-09-21,24,771.2,1000.0,rqds
1990-09-22,24,865.8,1070.0,rqds
1990-09-23,24,909.4,1220.0,rqds
1990-09-24,24,706.2,920.0,rqds
1990-09-25,24,567.9,780.0,rqds
1990-09-26,24,479.6,680.0,rqds
1990-09-27,24,487.7,700.0,rqds
1990-09-28,24,551.7,770.0,rqds
1990-09-29,24,662.1,860.0,rqds
1990-09-30,24,626.7,820.0,rqds
1990-10-01,24,582.1,760.0,rqds
1990-10-02,24,638.5,800.0,rqds
1990-10-03,24,641.3,810.0,rqds
1990-10-04,24,638.3,860.0,rqds
1990-10-05,24,658.8,950.0,rqds
1990-10-06,24,694.6,1020.0,rqds
1990-10-07,24,710.8,1050.0,rqds
1990-10-08,24,793.2,1140.0,rqds
1990-10-09,24,902.1,1180.0,rqds
1990-10-10,24,643.4,890.0,rqds
1990-10-11,24,651.9,880.0,rqds
1990-10-12,24,734.7,930.0,rqds
1990-10-13,24,568.3,770.0,rqds
1990-10-14,24,466.2,610.0,rqds
1990-10-15,24,501.7,610.0,rqds
1990-10-16,24,522.3,680.0,rqds
1990-10-17,24,436.3,640.0,rqds
1990-10-18,24,403.3,650.0,rqds
1990-10-19,24,399.6,700.0,rqds
1990-10-20,24,372.2,670.0,rqds
1990-10-21,24,464.6,790.0,rqds
1990-10-22,24,574.6,900.0,rqds
1990-10-23,24,710.4,1020.0,rqds
1990-10-24,24,679.6,930.0,rqds
1990-10-25,24,699.2,940.0,rqds
1990-10-26,24,612.1,810.0,rqds
1990-10-27,24,564.2,720.0,rqds
1990-10-28,24,650.0,850.0,rqds
1990-10-29,24,696.2,790.0,rqds
1990-10-30,24,611.2,800.0,rqds
1990-10-31,24,643.8,890.0,rqds
1990-11-01,24,645.0,940.0,rqds
1990-11-02,24,644.2,1010.0,rqds
1990-11-03,24,681.4,1090.0,rqds
1990-11-04,24,681.6,1120.0,rqds
1990-11-05,24,632.5,1020.0,rqds
1990-11-06,24,620.4,1000.0,rqds
1990-11-07,24,549.6,850.0,rqds
1990-11-08,24,444.6,680.0,rqds
1990-11-09,24,420.8,620.0,rqds
1990-11-10,24,520.8,660.0,rqds
1990-11-11,24,675.4,830.0,rqds
1990-11-12,24,620.8,760.0,rqds
1990-11-13,24,565.8,790.0,rqds
1990-11-14,24,570.8,820.0,rqds
1990-11-15,24,657.8,960.0,rqds
1990-11-16,24,738.3,1080.0,rqds
1990-11-17,24,760.0,1110.0,rqds
1990-11-18,24,805.5,1220.0,rqds
1990-11-19,24,742.9,1090.0,rqds
1990-11-20,24,659.6,1000.0,rqds
1990-11-21,24,597.1,910.0,rqds
1990-11-22,24,511.7,770.0,rqds
1990-11-23,24,468.8,700.0,rqds
1990-11-24,24,494.6,680.0,rqds
1990-11-25,24,661.2,850.0,rqds
1990-11-26,24,623.3,760.0,rqds
1990-11-27,24,541.2,740.0,rqds
1990-11-28,24,544.2,810.0,rqds
1990-11-29,24,612.3,950.0,rqds
1990-11-30,24,624.2,1040.0,rqds
1990-12-01,24,576.7,1020.0,rqds
1990-12-02,24,629.6,1110.0,rqds
1990-12-03,24,673.8,1120.0,rqds
1990-12-04,24,640.4,1030.0,rqds
1990-12-05,24,552.9,900.0,rqds
1990-12-06,24,520.8,790.0,rqds
1990-12-07,24,517.1,710.0,rqds
1990-12-08,24,477.9,630.0,rqds
1990-12-09,24,551.2,700.0,rqds
1990-12-10,24,695.0,870.0,rqds
1990-12-11,24,685.8,890.0,rqds
1990-12-12,24,768.3,1030.0,rqds
1990-12-13,24,817.5,1120.0,rqds
1990-12-14,24,782.9,1130.0,rqds
1990-12-15,24,726.2,1100.0,rqds
1990-12-16,24,693.3,1060.0,rqds
1990-12-17,24,649.2,1040.0,rqds
1990-12-18,24,613.8,990.0,rqds
1990-12-19,24,642.1,990.0,rqds
1990-12-20,24,678.8,990.0,rqds
1990-12-21,15,634.7,780.0,rqds
1990-12-24,17,622.9,710.0,rqds
1990-12-25,24,594.6,760.0,rqds
1990-12-26,24,565.8,820.0,rqds
1990-12-27,24,547.9,860.0,rqds
1990-12-28,24,582.9,970.0,rqds
1990-12-29,24,584.2,1020.0,rqds
1990-12-30,24,657.1,1120.0,rqds
1990-12-31,24,738.8,1230.0,rqds
1991-01-01,24,738.1,1240.0,rqds
1991-01-02,24,679.2,1020.0,rqds
1991-01-03,24,534.6,810.0,rqds
1991-01-04,24,444.6,660.0,rqds
1991-01-05,24,458.3,590.0,rqds
1991-01-06,24,547.1,660.0,rqds
1991-01-07,24,698.8,820.0,rqds
1991-01-08,24,690.4,930.0,rqds
1991-01-09,24,557.5,830.0,rqds
1991-01-10,24,495.8,810.0,rqds
1991-01-11,24,494.6,800.0,rqds
1991-01-12,24,512.5,860.0,rqds
1991-01-13,24,472.1,880.0,rqds
1991-01-14,24,456.7,830.0,rqds
1991-01-15,24,520.8,920.0,rqds
1991-01-16,24,638.8,990.0,rqds
1991-01-17,24,717.5,1050.0,rqds
1991-01-18,24,729.2,980.0,rqds
1991-01-19,24,751.5,980.0,rqds
1991-01-20,24,800.0,940.0,rqds
1991-01-21,24,707.9,840.0,rqds
1991-01-22,24,653.8,830.0,rqds
1991-01-23,24,631.7,860.0,rqds
1991-01-24,24,603.3,900.0,rqds
1991-01-25,24,577.9,930.0,rqds
1991-01-26,24,542.1,930.0,rqds
1991-01-27,24,510.8,940.0,rqds
1991-01-28,24,501.2,940.0,rqds
1991-01-29,24,607.5,1030.0,rqds
1991-01-30,24,723.8,1100.0,rqds
1991-01-31,24,779.2,1080.0,rqds
1991-02-01,24,664.2,870.0,rqds
1991-02-02,24,522.5,640.0,rqds
1991-02-03,24,513.3,650.0,rqds
1991-02-04,24,462.2,640.0,rqds
1991-02-05,24,459.2,670.0,rqds
1991-02-06,24,487.5,720.0,rqds
1991-02-07,24,484.2,700.0,rqds
1991-02-08,24,447.5,700.0,rqds
1991-02-09,24,491.2,750.0,rqds
1991-02-10,24,550.4,850.0,rqds
1991-02-11,24,590.8,920.0,rqds
1991-02-12,24,552.9,890.0,rqds
1991-02-13,24,530.3,880.0,rqds
1991-02-14,24,498.3,810.0,rqds
1991-02-15,24,586.7,840.0,rqds
1991-02-16,24,656.7,880.0,rqds
1991-02-17,24,578.3,750.0,rqds
1991-02-18,24,478.3,660.0,rqds
1991-02-19,24,539.9,740.0,rqds
1991-02-20,24,584.2,820.0,rqds
1991-02-21,24,655.0,920.0,rqds
1991-02-22,24,730.0,990.0,rqds
1991-02-23,24,832.1,1150.0,rqds
1991-02-24,24,662.5,970.0,rqds
1991-02-25,24,521.7,860.0,rqds
1991-02-26,24,515.0,880.0,rqds
1991-02-27,24,642.1,960.0,rqds
1991-02-28,24,783.0,1070.0,rqds
1991-03-01,24,831.7,1050.0,rqds
1991-03-02,24,796.7,940.0,rqds
1991-03-03,24,736.7,910.0,rqds
1991-03-04,24,732.9,980.0,rqds
1991-03-05,24,701.2,980.0,rqds
1991-03-06,24,634.6,940.0,rqds
1991-03-07,24,585.0,860.0,rqds
1991-03-08,24,540.0,780.0,rqds
1991-03-09,24,518.3,740.0,rqds
1991-03-10,24,565.8,760.0,rqds
1991-03-11,24,645.5,880.0,rqds
1991-03-12,24,638.3,870.0,rqds
1991-03-13,24,685.4,920.0,rqds
1991-03-14,24,771.2,970.0,rqds
1991-03-15,24,852.9,1040.0,rqds
1991-03-16,24,824.6,960.0,rqds
1991-03-17,24,756.2,970.0,rqds
1991-03-18,24,657.5,940.0,rqds
1991-03-19,24,634.6,910.0,rqds
1991-03-20,24,744.4,1010.0,rqds
1991-03-21,24,860.4,1170.0,rqds
1991-03-22,24,877.5,1180.0,rqds
1991-03-23,24,863.3,1140.0,rqds
1991-03-24,24,750.4,1030.0,rqds
1991-03-25,24,670.4,910.0,rqds
1991-03-26,24,646.7,870.0,rqds
1991-03-27,24,688.8,890.0,rqds
1991-03-28,24,747.1,940.0,rqds
1991-03-29,24,753.8,860.0,rqds
1991-03-30,24,730.4,900.0,rqds
1991-03-31,24,699.6,940.0,rqds
1991-04-01,24,670.4,950.0,rqds
1991-04-02,24,714.6,980.0,rqds
1991-04-03,24,782.9,1070.0,rqds
1991-04-04,24,842.9,1120.0,rqds
1991-04-30,18,626.1,880.0,rqds
1991-05-01,24,662.1,1000.0,rqds
1991-05-02,24,746.2,1030.0,rqds
1991-05-03,24,923.2,1230.0,rqds
1991-05-04,24,867.9,1170.0,rqds
1991-05-05,24,722.1,1010.0,rqds
1991-05-06,24,648.8,880.0,rqds
1991-05-07,24,603.8,770.0,rqds
1991-05-08,24,647.5,760.0,rqds
1991-05-09,24,692.9,830.0,rqds
1991-05-10,24,716.2,960.0,rqds
1991-05-11,24,771.2,1020.0,rqds
1991-05-12,24,814.6,1130.0,rqds
1991-05-13,24,848.8,1220.0,rqds
1991-05-14,24,936.4,1304.0,rqds
1991-05-15,24,914.6,1380.0,rqds
1991-05-16,24,866.7,1340.0,rqds
1991-05-17,24,858.3,1290.0,rqds
1991-05-18,24,926.2,1240.0,rqds
1991-05-19,24,962.5,1260.0,rqds
1991-05-20,24,1000.0,1160.0,rqds
1991-05-21,24,976.7,1140.0,rqds
1991-05-22,24,918.3,1020.0,rqds
1991-05-23,24,736.7,990.0,rqds
1991-05-24,24,668.3,900.0,rqds
1991-05-25,24,677.9,980.0,rqds
1991-05-26,24,699.6,1070.0,rqds
1991-05-27,24,888.3,1400.0,rqds
1991-05-28,24,983.8,1400.0,rqds
1991-05-29,24,1019.2,1380.0,rqds
1991-05-30,24,953.3,1360.0,rqds
1991-05-31,24,857.9,1280.0,rqds
1991-06-01,24,826.2,1160.0,rqds
1991-06-02,24,867.5,1100.0,rqds
1991-06-03,24,1028.8,1200.0,rqds
1991-06-04,24,996.7,1220.0,rqds
1991-06-05,24,884.6,1000.0,rqds
1991-06-06,24,810.0,920.0,rqds
1991-06-07,24,788.8,1020.0,rqds
1991-06-08,24,841.2,1140.0,rqds
1991-06-09,24,931.9,1430.0,rqds
1991-06-10,24,989.1,1400.0,rqds
1991-06-11,24,972.9,1450.0,rqds
1991-06-12,24,958.3,1500.0,rqds
1991-06-13,24,1004.0,1420.0,rqds
1991-06-14,24,1028.3,1460.0,rqds
1991-06-15,24,1002.1,1370.0,rqds
1991-06-16,24,894.2,1270.0,rqds
1991-06-17,24,701.2,940.0,rqds
1991-06-18,24,690.8,800.0,rqds
1991-06-19,24,756.2,880.0,rqds
1991-06-20,24,761.2,960.0,rqds
1991-06-21,24,865.8,1140.0,rqds
1991-06-22,24,920.0,1220.0,rqds
1991-06-23,24,932.5,1280.0,rqds
1991-06-24,24,963.8,1280.0,rqds
1991-06-25,24,943.3,1350.0,rqds
1991-06-26,24,1149.2,1460.0,rqds
1991-06-27,24,997.5,1500.0,rqds
1991-06-28,24,758.3,1190.0,rqds
1991-06-29,24,740.0,1080.0,rqds
1991-06-30,24,792.5,1060.0,rqds
1991-07-01,24,1021.7,1160.0,rqds
1991-07-02,24,1069.6,1260.0,rqds
1991-07-03,24,917.5,1280.0,rqds
1991-07-04,24,773.8,900.0,rqds
1991-07-05,24,793.3,910.0,rqds
1991-07-06,24,675.4,920.0,rqds
1991-07-07,24,686.2,1030.0,rqds
1991-07-08,24,797.5,1260.0,rqds
1991-07-09,24,812.9,1240.0,rqds
1991-07-10,24,746.2,1200.0,rqds
1991-07-11,24,754.6,1210.0,rqds
1991-07-12,24,880.4,1280.0,rqds
1991-07-13,24,831.2,1200.0,rqds
1991-07-14,24,888.3,1170.0,rqds
1991-07-15,24,1013.3,1240.0,rqds
1991-07-16,24,1032.9,1120.0,rqds
1991-07-17,24,984.2,1120.0,rqds
1991-07-18,24,930.4,1080.0,rqds
1991-07-19,24,911.7,1080.0,rqds
1991-07-20,24,899.2,1140.0,rqds
1991-07-21,24,815.4,1040.0,rqds
1991-07-22,24,752.1,1100.0,rqds
1991-07-23,24,869.6,1100.0,rqds
1991-07-24,24,747.9,1080.0,rqds
1991-07-25,24,785.4,1180.0,rqds
1991-07-26,24,808.8,1210.0,rqds
1991-07-27,24,730.4,1080.0,rqds
1991-07-28,24,837.5,1200.0,rqds
1991-07-29,24,1000.4,1350.0,rqds
1991-07-30,24,855.0,1100.0,rqds
1991-07-31,24,1048.8,1270.0,rqds
1991-08-01,24,1165.4,1510.0,rqds
1991-08-02,24,1010.4,1240.0,rqds
1991-08-03,24,957.9,1140.0,rqds
1991-08-04,24,820.8,980.0,rqds
1991-08-05,24,641.7,940.0,rqds
1991-08-06,24,613.8,980.0,rqds
1991-08-07,24,574.6,960.0,rqds
1991-08-08,24,588.8,960.0,rqds
1991-08-09,24,693.8,1030.0,rqds
1991-08-10,24,732.1,1100.0,rqds
1991-08-11,24,604.6,970.0,rqds
1991-08-12,24,522.5,720.0,rqds
1991-08-13,24,503.3,580.0,rqds
1991-08-14,24,550.4,680.0,rqds
1991-08-15,24,710.8,920.0,rqds
1991-08-16,24,803.0,980.0,rqds
1991-08-17,24,812.5,1020.0,rqds
1991-08-18,24,771.2,1060.0,rqds
1991-08-19,24,724.2,960.0,rqds
1991-08-20,24,651.9,920.0,rqds
1991-08-21,24,671.7,970.0,rqds
1991-08-22,24,576.7,940.0,rqds
1991-08-23,24,527.5,790.0,rqds
1991-08-24,24,576.2,820.0,rqds
1991-08-25,24,787.9,1020.0,rqds
1991-08-26,24,804.2,1070.0,rqds
1991-08-27,24,744.2,940.0,rqds
1991-08-28,24,654.6,790.0,rqds
1991-08-29,24,595.0,750.0,rqds
1991-08-30,24,650.0,900.0,rqds
1991-08-31,24,652.5,870.0,rqds
1991-09-01,24,630.0,900.0,rqds
1991-09-02,24,689.2,980.0,rqds
1991-09-03,24,691.7,940.0,rqds
1991-09-04,24,625.0,950.0,rqds
1991-09-05,24,672.1,1050.0,rqds
1991-09-06,24,777.9,1090.0,rqds
1991-09-07,24,815.8,1060.0,rqds
1991-09-08,24,751.2,1150.0,rqds
1991-09-09,24,594.6,720.0,rqds
1991-09-10,24,627.1,800.0,rqds
1991-09-11,24,782.5,1070.0,rqds
1991-09-12,24,744.6,980.0,rqds
1991-09-13,24,829.8,1120.0,rqds
1991-09-14,24,750.5,1080.0,rqds
1991-09-15,24,505.4,680.0,rqds
1991-09-16,24,486.7,700.0,rqds
1991-09-17,24,494.6,660.0,rqds
1991-09-18,24,537.1,710.0,rqds
1991-09-19,24,526.4,720.0,rqds
1991-09-20,24,569.6,720.0,rqds
1991-09-21,24,608.8,780.0,rqds
1991-09-22,24,587.9,760.0,rqds
1991-09-23,24,605.8,730.0,rqds
1991-09-24,24,634.2,790.0,rqds
1991-09-25,24,637.9,840.0,rqds
1991-09-26,24,582.1,810.0,rqds
1991-09-27,24,539.6,810.0,rqds
1991-09-28,24,562.5,860.0,rqds
1991-09-29,24,676.2,1020.0,rqds
1991-09-30,24,655.8,830.0,rqds
1991-10-01,24,525.8,780.0,rqds
1991-10-02,24,562.1,800.0,rqds
1991-10-03,24,647.5,940.0,rqds
1991-10-04,24,718.8,920.0,rqds
1991-10-05,24,602.1,800.0,rqds
1991-10-06,24,552.1,700.0,rqds
1991-10-07,24,541.2,700.0,rqds
1991-10-08,24,515.4,720.0,rqds
1991-10-09,24,557.1,830.0,rqds
1991-10-10,24,630.0,920.0,rqds
1991-10-11,24,641.2,970.0,rqds
1991-10-12,24,619.2,900.0,rqds
1991-10-13,24,742.1,1020.0,rqds
1991-10-14,24,713.3,920.0,rqds
1991-10-15,24,602.5,800.0,rqds
1991-10-16,24,635.8,780.0,rqds
1991-10-17,24,712.5,880.0,rqds
1991-10-18,24,936.7,1080.0,rqds
1991-10-19,24,838.3,960.0,rqds
1991-10-20,24,648.8,860.0,rqds
1991-10-21,24,602.9,790.0,rqds
1991-10-22,24,547.0,810.0,rqds
1991-10-23,24,490.0,790.0,rqds
1991-10-24,24,507.9,840.0,rqds
1991-10-25,24,541.2,910.0,rqds
1991-10-26,24,590.8,950.0,rqds
1991-10-27,24,641.7,970.0,rqds
1991-10-28,24,646.2,930.0,rqds
1991-10-29,24,542.1,740.0,rqds
1991-10-30,24,530.4,700.0,rqds
1991-10-31,24,557.5,660.0,rqds
1991-11-01,24,527.5,630.0,rqds
1991-11-02,24,520.8,680.0,rqds
1991-11-03,24,640.8,860.0,rqds
1991-11-04,24,731.2,1000.0,rqds
1991-11-05,24,563.8,840.0,rqds
1991-11-06,24,519.2,840.0,rqds
1991-11-07,24,521.2,860.0,rqds
1991-11-08,24,551.2,910.0,rqds
1991-11-09,24,517.5,850.0,rqds
1991-11-10,24,545.0,870.0,rqds
1991-11-11,24,619.6,900.0,rqds
1991-11-12,24,681.7,960.0,rqds
1991-11-13,24,680.4,840.0,rqds
1991-11-14,24,606.7,700.0,rqds
1991-11-15,24,584.6,680.0,rqds
1991-11-16,24,611.9,740.0,rqds
1991-11-17,24,559.2,740.0,rqds
1991-11-18,24,510.8,780.0,rqds
1991-11-19,24,485.8,800.0,rqds
1991-11-20,24,506.2,880.0,rqds
1991-11-21,24,548.7,960.0,rqds
1991-11-22,24,638.8,1080.0,rqds
1991-11-23,24,664.6,1080.0,rqds
1991-11-24,24,710.4,1110.0,rqds
1991-11-25,24,610.0,930.0,rqds
1991-11-26,24,537.1,780.0,rqds
1991-11-27,24,564.6,760.0,rqds
1991-11-28,24,665.0,800.0,rqds
1991-11-29,24,693.3,810.0,rqds
1991-11-30,24,670.4,860.0,rqds
1991-12-01,24,595.0,820.0,rqds
1991-12-02,24,552.5,830.0,rqds
1991-12-03,24,589.6,910.0,rqds
1991-12-04,24,591.7,940.0,rqds
1991-12-05,24,582.9,960.0,rqds
1991-12-06,24,533.3,900.0,rqds
1991-12-07,24,491.2,820.0,rqds
1991-12-08,24,493.3,850.0,rqds
1991-12-09,24,499.2,810.0,rqds
1991-12-10,24,609.6,900.0,rqds
1991-12-11,24,618.3,820.0,rqds
1991-12-12,24,593.8,780.0,rqds
1991-12-13,24,526.2,620.0,rqds
1991-12-14,24,485.4,600.0,rqds
1991-12-15,24,503.8,670.0,rqds
1991-12-16,24,587.9,820.0,rqds
1991-12-17,24,749.6,1050.0,rqds
1991-12-18,21,774.8,1060.0,rqds
1991-12-23,21,771.9,1100.0,rqds
1991-12-24,24,787.1,1100.0,rqds
1991-12-25,24,764.6,940.0,rqds
1991-12-26,24,709.2,820.0,rqds
1991-12-27,24,655.0,780.0,rqds
1991-12-28,24,578.8,760.0,rqds
1991-12-29,24,570.4,780.0,rqds
1991-12-30,24,615.4,870.0,rqds
1991-12-31,24,633.8,950.0,rqds
1992-01-01,24,566.7,920.0,rqds
1992-01-02,24,505.8,870.0,rqds
1992-01-03,24,552.1,940.0,rqds
1992-01-04,24,625.0,1020.0,rqds
1992-01-05,24,567.9,940.0,rqds
1992-01-06,24,538.3,870.0,rqds
1992-01-07,24,524.6,840.0,rqds
1992-01-08,24,619.2,880.0,rqds
1992-01-09,24,638.3,830.0,rqds
1992-01-10,24,581.2,710.0,rqds
1992-01-11,24,550.4,660.0,rqds
1992-01-12,24,568.8,730.0,rqds
1992-01-13,24,550.0,760.0,rqds
1992-01-14,24,533.8,800.0,rqds
1992-01-15,24,589.6,930.0,rqds
1992-01-16,24,690.0,1040.0,rqds
1992-01-17,24,780.8,1230.0,rqds
1992-01-18,24,673.8,1120.0,rqds
1992-01-19,24,609.6,1050.0,rqds
1992-01-20,24,603.3,1000.0,rqds
1992-01-21,24,587.5,900.0,rqds
1992-01-22,24,465.0,670.0,rqds
1992-01-23,24,417.5,530.0,rqds
1992-01-24,24,447.9,560.0,rqds
1992-01-25,24,548.3,670.0,rqds
1992-01-26,24,641.2,820.0,rqds
1992-01-27,24,702.9,920.0,rqds
1992-01-28,24,730.4,980.0,rqds
1992-01-29,24,735.8,1000.0,rqds
1992-01-30,24,769.6,1080.0,rqds
1992-01-31,24,800.8,1100.0,rqds
1992-02-01,24,769.6,1080.0,rqds
1992-02-02,24,723.3,1050.0,rqds
1992-02-03,24,712.9,1020.0,rqds
1992-02-04,24,646.2,920.0,rqds
1992-02-05,24,636.7,850.0,rqds
1992-02-06,24,672.9,880.0,rqds
1992-02-07,24,664.6,780.0,rqds
1992-02-08,24,606.2,720.0,rqds
1992-02-09,24,697.5,860.0,rqds
1992-02-10,24,670.0,900.0,rqds
1992-02-11,24,680.0,920.0,rqds
1992-02-12,24,763.8,1060.0,rqds
1992-02-13,24,742.9,1050.0,rqds
1992-02-14,24,753.3,1100.0,rqds
1992-02-15,24,773.3,1150.0,rqds
1992-02-16,24,708.3,1080.0,rqds
1992-02-17,24,637.5,980.0,rqds
1992-02-18,24,603.3,900.0,rqds
1992-02-19,24,586.7,820.0,rqds
1992-02-20,24,574.6,760.0,rqds
1992-02-21,24,490.0,660.0,rqds
1992-02-22,24,449.6,680.0,rqds
1992-02-23,24,507.1,740.0,rqds
1992-02-24,24,531.7,770.0,rqds
1992-02-25,24,576.7,800.0,rqds
1992-02-26,24,702.9,900.0,rqds
1992-02-27,24,790.4,1010.0,rqds
1992-02-28,24,722.5,960.0,rqds
1992-02-29,24,599.2,860.0,rqds
1992-03-01,24,634.6,880.0,rqds
1992-03-02,24,727.9,980.0,rqds
1992-03-03,24,696.7,890.0,rqds
1992-03-04,24,609.6,790.0,rqds
1992-03-05,24,589.6,720.0,rqds
1992-03-06,24,645.0,770.0,rqds
1992-03-07,24,661.2,840.0,rqds
1992-03-08,24,667.9,890.0,rqds
1992-03-09,24,664.6,920.0,rqds
1992-03-10,24,492.1,800.0,rqds
1992-03-11,24,517.9,800.0,rqds
1992-03-12,24,519.2,810.0,rqds
1992-03-13,24,526.7,790.0,rqds
1992-03-14,24,541.7,810.0,rqds
1992-03-15,24,599.6,900.0,rqds
1992-03-16,24,655.0,920.0,rqds
1992-03-17,24,754.6,980.0,rqds
1992-03-18,24,888.8,1040.0,rqds
1992-03-19,24,897.1,1080.0,rqds
1992-03-20,24,839.6,1070.0,rqds
1992-03-21,24,757.5,1020.0,rqds
1992-03-22,24,706.7,1000.0,rqds
1992-03-23,24,720.0,1010.0,rqds
1992-03-24,24,782.9,1020.0,rqds
1992-03-25,24,740.0,1040.0,rqds
1992-03-26,24,598.8,860.0,rqds
1992-03-27,24,563.3,740.0,rqds
1992-03-28,24,642.5,810.0,rqds
1992-03-29,24,789.2,940.0,rqds
1992-03-30,24,745.0,890.0,rqds
1992-03-31,24,757.1,880.0,rqds
1992-04-01,24,845.4,940.0,rqds
1992-04-02,24,852.1,1020.0,rqds
1992-04-03,24,781.7,1020.0,rqds
1992-04-04,24,698.3,1000.0,rqds
1992-04-05,24,654.6,980.0,rqds
1992-04-06,24,607.9,980.0,rqds
1992-04-07,24,675.0,960.0,rqds
1992-04-08,24,790.8,1080.0,rqds
1992-04-09,24,824.6,1140.0,rqds
1992-04-10,24,766.7,1040.0,rqds
1992-04-11,24,720.0,920.0,rqds
1992-04-12,24,719.6,900.0,rqds
1992-04-13,24,772.1,940.0,rqds
1992-04-14,24,705.4,820.0,rqds
1992-04-15,24,684.2,870.0,rqds
1992-04-16,24,807.1,1060.0,rqds
1992-04-17,24,912.9,1160.0,rqds
1992-04-18,24,914.6,1280.0,rqds
1992-04-19,24,711.2,1120.0,rqds
1992-04-20,24,653.3,1010.0,rqds
1992-04-21,24,720.4,1010.0,rqds
1992-04-22,24,759.6,1060.0,rqds
1992-04-23,24,748.3,1020.0,rqds
1992-04-24,24,720.4,920.0,rqds
1992-04-25,24,793.8,940.0,rqds
1992-04-26,24,938.3,1060.0,rqds
1992-04-27,24,919.2,1020.0,rqds
1992-04-28,24,790.8,950.0,rqds
1992-04-29,24,760.4,930.0,rqds
1992-04-30,24,745.4,1000.0,rqds
1992-05-01,24,751.2,1000.0,rqds
1992-05-02,24,842.1,1120.0,rqds
1992-05-03,24,880.0,1260.0,rqds
1992-05-04,24,879.2,1250.0,rqds
1992-05-05,24,962.9,1310.0,rqds
1992-05-06,24,886.7,1310.0,rqds
1992-05-07,24,762.1,1120.0,rqds
1992-05-08,24,742.9,1020.0,rqds
1992-05-09,24,712.5,920.0,rqds
1992-05-10,24,744.2,860.0,rqds
1992-05-11,24,759.6,890.0,rqds
1992-05-12,24,857.5,1080.0,rqds
1992-05-13,24,887.5,1100.0,rqds
1992-05-14,24,741.2,1060.0,rqds
1992-05-15,24,676.2,1010.0,rqds
1992-05-16,24,630.0,1020.0,rqds
1992-05-17,24,585.4,940.0,rqds
1992-05-18,24,652.5,980.0,rqds
1992-05-19,24,746.7,1110.0,rqds
1992-05-20,24,821.7,1140.0,rqds
1992-05-21,24,824.6,1120.0,rqds
1992-05-22,24,846.7,1040.0,rqds
1992-05-23,24,849.2,1120.0,rqds
1992-05-24,24,670.8,830.0,rqds
1992-05-25,24,617.9,710.0,rqds
1992-05-26,24,652.9,840.0,rqds
1992-05-27,24,843.8,1200.0,rqds
1992-05-28,24,1027.1,1240.0,rqds
1992-05-29,24,952.9,1270.0,rqds
1992-05-30,24,907.1,1260.0,rqds
1992-05-31,24,869.6,1320.0,rqds
1992-06-01,24,751.7,1200.0,rqds
1992-06-02,24,765.4,1160.0,rqds
1992-06-03,24,777.5,1200.0,rqds
1992-06-04,24,717.9,1120.0,rqds
1992-06-05,24,650.8,960.0,rqds
1992-06-06,24,643.8,860.0,rqds
1992-06-07,24,667.9,790.0,rqds
1992-06-08,24,722.5,840.0,rqds
1992-06-09,24,747.1,1030.0,rqds
1992-06-10,24,1032.1,1420.0,rqds
1992-06-11,24,1246.7,1560.0,rqds
1992-06-12,24,1139.2,1560.0,rqds
1992-06-13,24,987.9,1350.0,rqds
1992-06-14,24,1086.2,1440.0,rqds
1992-06-15,24,1058.8,1460.0,rqds
1992-06-16,24,948.3,1310.0,rqds
1992-06-17,24,931.2,1360.0,rqds
1992-06-18,24,874.2,1200.0,rqds
1992-06-19,24,973.3,1160.0,rqds
1992-06-20,24,1076.7,1250.0,rqds
1992-06-21,24,847.9,1070.0,rqds
1992-06-22,24,812.9,910.0,rqds
1992-06-23,24,904.6,1020.0,rqds
1992-06-24,24,836.7,1060.0,rqds
1992-06-25,24,1025.0,1220.0,rqds
1992-06-26,24,960.0,1390.0,rqds
1992-06-27,24,1139.6,1440.0,rqds
1992-06-28,24,942.1,1500.0,rqds
1992-06-29,24,860.0,1440.0,rqds
1992-06-30,24,872.5,1540.0,rqds
1992-07-01,24,825.8,1260.0,rqds
1992-07-02,24,752.1,1140.0,rqds
1992-07-03,24,687.5,960.0,rqds
1992-07-04,24,757.1,980.0,rqds
1992-07-05,24,630.4,750.0,rqds
1992-07-06,24,662.9,790.0,rqds
1992-07-07,24,717.5,900.0,rqds
1992-07-08,24,771.7,1050.0,rqds
1992-07-09,24,846.2,1170.0,rqds
1992-07-10,24,820.8,1140.0,rqds
1992-07-11,24,797.1,1150.0,rqds
1992-07-12,24,862.1,1420.0,rqds
1992-07-13,24,825.8,1320.0,rqds
1992-07-14,24,705.0,1070.0,rqds
1992-07-15,24,770.8,1060.0,rqds
1992-07-16,24,884.6,1210.0,rqds
1992-07-17,24,790.0,1070.0,rqds
1992-07-18,24,906.2,1050.0,rqds
1992-07-19,24,905.0,1150.0,rqds
1992-07-20,24,768.8,910.0,rqds
1992-07-21,24,668.8,770.0,rqds
1992-07-22,24,622.5,780.0,rqds
1992-07-23,24,677.1,940.0,rqds
1992-07-24,24,831.7,1150.0,rqds
1992-07-25,24,845.8,1110.0,rqds
1992-07-26,24,804.6,1200.0,rqds
1992-07-27,24,844.6,1330.0,rqds
1992-07-28,24,780.0,1290.0,rqds
1992-07-29,24,708.8,1160.0,rqds
1992-07-30,24,698.8,1090.0,rqds
1992-07-31,24,757.1,1060.0,rqds
1992-08-01,24,835.0,1000.0,rqds
1992-08-02,24,951.7,1080.0,rqds
1992-08-03,24,911.2,990.0,rqds
1992-08-04,24,905.8,1160.0,rqds
1992-08-05,24,822.5,1060.0,rqds
1992-08-06,24,791.2,980.0,rqds
1992-08-07,24,699.6,1020.0,rqds
1992-08-08,24,959.2,1360.0,rqds
1992-08-09,24,969.2,1280.0,rqds
1992-08-10,24,881.7,1140.0,rqds
1992-08-11,24,693.3,1100.0,rqds
1992-08-12,24,667.1,920.0,rqds
1992-08-13,24,675.0,960.0,rqds
1992-08-14,24,725.4,920.0,rqds
1992-08-15,24,723.3,980.0,rqds
1992-08-16,24,542.1,700.0,rqds
1992-08-17,24,512.1,640.0,rqds
1992-08-18,24,510.0,660.0,rqds
1992-08-19,24,527.1,720.0,rqds
1992-08-20,24,610.8,840.0,rqds
1992-08-21,24,661.2,880.0,rqds
1992-08-22,24,664.2,930.0,rqds
1992-08-23,24,781.2,1130.0,rqds
1992-08-24,24,908.3,1300.0,rqds
1992-08-25,24,919.6,1260.0,rqds
1992-08-26,24,767.5,1180.0,rqds
1992-08-27,24,917.9,1240.0,rqds
1992-08-28,24,653.8,1050.0,rqds
1992-08-29,24,652.1,810.0,rqds
1992-08-30,8,775.0,810.0,rqds
1992-09-01,16,678.8,820.0,rqds
1992-09-02,24,751.7,1060.0,rqds
1992-09-03,24,768.8,1010.0,rqds
1992-09-04,24,807.9,1040.0,rqds
1992-09-05,24,727.9,870.0,rqds
1992-09-06,24,642.9,800.0,rqds
1992-09-07,24,668.3,950.0,rqds
1992-09-08,24,777.5,950.0,rqds
1992-09-09,24,674.6,920.0,rqds
1992-09-10,24,599.2,800.0,rqds
1992-09-11,24,602.5,750.0,rqds
1992-09-12,24,666.2,780.0,rqds
1992-09-13,24,570.4,750.0,rqds
1992-09-14,24,518.8,720.0,rqds
1992-09-15,24,521.7,750.0,rqds
1992-09-16,24,527.1,780.0,rqds
1992-09-17,24,440.8,640.0,rqds
1992-09-18,24,394.2,650.0,rqds
1992-09-19,24,450.0,720.0,rqds
1992-09-20,24,538.8,790.0,rqds
1992-09-21,24,630.8,870.0,rqds
1992-09-22,24,632.5,870.0,rqds
1992-09-23,24,558.3,780.0,rqds
1992-09-24,24,591.2,810.0,rqds
1992-09-25,24,655.4,800.0,rqds
1992-09-26,24,675.8,860.0,rqds
1992-09-27,24,572.1,760.0,rqds
1992-09-28,24,550.0,810.0,rqds
1992-09-29,24,515.0,810.0,rqds
1992-09-30,24,520.8,840.0,rqds
1992-10-01,24,601.7,880.0,rqds
1992-10-02,24,615.0,800.0,rqds
1992-10-03,24,559.2,760.0,rqds
1992-10-04,24,582.9,740.0,rqds
1992-10-05,24,540.0,630.0,rqds
1992-10-06,24,431.7,580.0,rqds
1992-10-07,24,425.0,540.0,rqds
1992-10-08,24,473.3,600.0,rqds
1992-10-09,24,469.2,620.0,rqds
1992-10-10,24,560.4,760.0,rqds
1992-10-11,24,778.3,1040.0,rqds
1992-10-12,24,827.1,1090.0,rqds
1992-10-13,24,757.5,1040.0,rqds
1992-10-14,24,694.2,980.0,rqds
1992-10-15,24,647.1,970.0,rqds
1992-10-16,24,560.8,830.0,rqds
1992-10-17,24,517.9,770.0,rqds
1992-10-18,24,487.5,720.0,rqds
1992-10-19,24,545.0,760.0,rqds
1992-10-20,24,655.0,830.0,rqds
1992-10-21,24,697.9,820.0,rqds
1992-10-22,24,674.6,800.0,rqds
1992-10-23,24,675.0,880.0,rqds
1992-10-24,24,702.5,960.0,rqds
1992-10-25,24,656.2,950.0,rqds
1992-10-26,24,637.5,960.0,rqds
1992-10-27,24,607.1,940.0,rqds
1992-10-28,24,552.1,870.0,rqds
1992-10-29,24,543.3,860.0,rqds
1992-10-30,24,529.2,790.0,rqds
1992-10-31,24,566.7,810.0,rqds
1992-11-01,24,600.8,790.0,rqds
1992-11-02,24,567.9,700.0,rqds
1992-11-03,24,619.2,740.0,rqds
1992-11-04,24,770.8,900.0,rqds
1992-11-05,24,833.8,970.0,rqds
1992-11-06,24,925.4,1120.0,rqds
1992-11-07,24,739.2,940.0,rqds
1992-11-08,24,566.7,850.0,rqds
1992-11-09,24,485.0,810.0,rqds
1992-11-10,24,494.2,820.0,rqds
1992-11-11,24,636.2,1020.0,rqds
1992-11-12,24,783.8,1170.0,rqds
1992-11-13,24,817.1,1170.0,rqds
1992-11-14,24,800.4,1090.0,rqds
1992-11-15,24,715.0,960.0,rqds
1992-11-16,24,631.7,830.0,rqds
1992-11-17,24,641.2,850.0,rqds
1992-11-18,24,716.7,990.0,rqds
1992-11-19,24,655.4,820.0,rqds
1992-11-20,24,551.2,770.0,rqds
1992-11-21,24,602.9,910.0,rqds
1992-11-22,24,608.3,940.0,rqds
1992-11-23,24,525.8,900.0,rqds
1992-11-24,24,517.9,900.0,rqds
1992-11-25,24,546.2,920.0,rqds
1992-11-26,24,554.2,910.0,rqds
1992-11-27,24,595.8,900.0,rqds
1992-11-28,24,770.4,1050.0,rqds
1992-11-29,24,844.6,1080.0,rqds
1992-11-30,24,752.5,910.0,rqds
1992-12-01,24,615.0,710.0,rqds
1992-12-02,24,574.2,670.0,rqds
1992-12-03,24,612.5,770.0,rqds
1992-12-04,24,672.5,890.0,rqds
1992-12-05,24,718.8,1010.0,rqds
1992-12-06,24,795.0,1100.0,rqds
1992-12-07,24,853.8,1190.0,rqds
1992-12-08,24,885.8,1290.0,rqds
1992-12-09,24,720.0,1120.0,rqds
1992-12-10,24,590.8,1010.0,rqds
1992-12-11,24,576.7,960.0,rqds
1992-12-12,24,581.7,960.0,rqds
1992-12-13,24,525.4,810.0,rqds
1992-12-14,24,427.9,620.0,rqds
1992-12-15,24,456.7,620.0,rqds
1992-12-16,24,571.2,720.0,rqds
1992-12-17,24,716.7,910.0,rqds
1992-12-18,24,683.3,910.0,rqds
1992-12-19,24,567.5,870.0,rqds
1992-12-20,24,563.3,890.0,rqds
1992-12-21,24,568.8,920.0,rqds
1992-12-22,24,540.0,940.0,rqds
1992-12-23,24,533.3,910.0,rqds
1992-12-24,24,533.8,900.0,rqds
1992-12-25,24,478.8,800.0,rqds
1992-12-26,24,442.5,740.0,rqds
1992-12-27,24,445.4,680.0,rqds
1992-12-28,24,559.2,820.0,rqds
1992-12-29,24,677.5,840.0,rqds
1992-12-30,24,627.1,750.0,rqds
1992-12-31,24,562.1,670.0,rqds
1993-01-01,24,562.9,740.0,rqds
1993-01-02,24,467.1,690.0,rqds
1993-01-03,24,422.1,690.0,rqds
1993-01-04,24,419.2,740.0,rqds
1993-01-05,24,430.8,800.0,rqds
1993-01-06,24,518.3,930.0,rqds
1993-01-07,24,635.0,1060.0,rqds
1993-01-08,24,665.8,1090.0,rqds
1993-01-09,24,685.4,1060.0,rqds
1993-01-10,24,656.2,970.0,rqds
1993-01-11,24,571.7,790.0,rqds
1993-01-12,24,580.8,720.0,rqds
1993-01-13,24,626.7,730.0,rqds
1993-01-14,24,707.9,840.0,rqds
1993-01-15,24,712.1,920.0,rqds
1993-01-16,24,636.7,890.0,rqds
1993-01-17,24,634.2,940.0,rqds
1993-01-18,24,621.2,940.0,rqds
1993-01-19,24,542.1,910.0,rqds
1993-01-20,24,521.7,870.0,rqds
1993-01-21,24,592.9,950.0,rqds
1993-01-22,24,662.9,1000.0,rqds
1993-01-23,24,664.6,980.0,rqds
1993-01-24,24,682.5,930.0,rqds
1993-01-25,24,667.9,860.0,rqds
1993-01-26,24,584.6,740.0,rqds
1993-01-27,24,556.7,660.0,rqds
1993-01-28,24,550.0,680.0,rqds
1993-01-29,24,717.1,810.0,rqds
1993-01-30,24,845.8,1030.0,rqds
1993-01-31,24,871.2,1100.0,rqds
1993-02-01,24,793.8,1050.0,rqds
1993-02-02,24,645.8,980.0,rqds
1993-02-03,24,566.7,930.0,rqds
1993-02-04,24,575.8,960.0,rqds
1993-02-05,24,556.7,970.0,rqds
1993-02-06,21,425.7,730.0,rqds
1993-02-07,24,300.0,640.0,rqds
1993-02-08,24,478.8,760.0,rqds
1993-02-09,24,604.2,720.0,rqds
1993-02-10,24,514.2,660.0,rqds
1993-02-11,24,494.2,690.0,rqds
1993-02-12,24,512.5,720.0,rqds
1993-02-13,24,457.1,690.0,rqds
1993-02-14,24,449.6,700.0,rqds
1993-02-15,24,527.5,750.0,rqds
1993-02-16,24,665.4,900.0,rqds
1993-02-17,24,677.5,930.0,rqds
1993-02-18,24,598.8,880.0,rqds
1993-02-19,24,482.5,740.0,rqds
1993-02-20,24,478.8,730.0,rqds
1993-02-21,24,567.5,790.0,rqds
1993-02-22,24,707.9,890.0,rqds
1993-02-23,24,634.2,780.0,rqds
1993-02-24,24,502.5,670.0,rqds
1993-02-25,24,481.2,660.0,rqds
1993-02-26,24,415.4,660.0,rqds
1993-02-27,24,372.9,600.0,rqds
1993-02-28,24,397.9,630.0,rqds
1993-03-01,24,535.0,740.0,rqds
1993-03-02,24,635.4,890.0,rqds
1993-03-03,24,592.1,850.0,rqds
1993-03-04,24,569.6,870.0,rqds
1993-03-05,24,637.1,930.0,rqds
1993-03-06,24,698.3,980.0,rqds
1993-03-07,24,618.3,850.0,rqds
1993-03-08,24,607.1,790.0,rqds
1993-03-09,24,576.7,720.0,rqds
1993-03-10,24,617.9,780.0,rqds
1993-03-11,24,684.2,930.0,rqds
1993-03-12,24,643.3,910.0,rqds
1993-03-13,24,657.9,930.0,rqds
1993-03-14,24,654.2,940.0,rqds
1993-03-15,24,626.2,860.0,rqds
1993-03-16,24,640.8,840.0,rqds
1993-03-17,24,682.5,880.0,rqds
1993-03-18,24,642.9,820.0,rqds
1993-03-19,24,685.0,850.0,rqds
1993-03-20,24,676.2,830.0,rqds
1993-03-21,24,586.7,720.0,rqds
1993-03-22,24,573.3,730.0,rqds
1993-03-23,24,596.7,730.0,rqds
1993-03-24,24,694.6,880.0,rqds
1993-03-25,24,636.2,900.0,rqds
1993-03-26,24,589.6,880.0,rqds
1993-03-27,24,568.3,870.0,rqds
1993-03-28,24,592.9,870.0,rqds
1993-03-29,24,655.8,920.0,rqds
1993-03-30,24,617.5,910.0,rqds
1993-03-31,24,586.2,830.0,rqds
1993-04-01,24,619.2,800.0,rqds
1993-04-02,24,737.9,910.0,rqds
1993-04-03,24,680.8,890.0,rqds
1993-04-04,24,625.4,780.0,rqds
1993-04-05,24,602.5,740.0,rqds
1993-04-06,24,574.2,770.0,rqds
1993-04-07,24,620.0,870.0,rqds
1993-04-08,24,703.3,980.0,rqds
1993-04-09,24,757.1,1110.0,rqds
1993-04-10,24,734.2,1040.0,rqds
1993-04-11,24,767.9,1050.0,rqds
1993-04-12,24,662.1,940.0,rqds
1993-04-13,24,618.3,840.0,rqds
1993-04-14,24,685.4,820.0,rqds
1993-04-15,24,782.5,880.0,rqds
1993-04-16,24,807.5,880.0,rqds
1993-04-17,24,820.8,940.0,rqds
1993-04-18,24,752.5,880.0,rqds
1993-04-19,24,681.7,870.0,rqds
1993-04-20,24,646.7,860.0,rqds
1993-04-21,24,697.9,930.0,rqds
1993-04-22,24,749.6,1040.0,rqds
1993-04-23,24,642.5,1020.0,rqds
1993-04-24,24,628.3,980.0,rqds
1993-04-25,24,572.5,950.0,rqds
1993-04-26,24,509.6,860.0,rqds
1993-04-27,24,546.7,810.0,rqds
1993-04-28,24,617.1,860.0,rqds
1993-04-29,24,665.4,860.0,rqds
1993-04-30,24,650.0,800.0,rqds
1993-05-01,24,746.7,870.0,rqds
1993-05-02,24,827.1,960.0,rqds
1993-05-03,24,784.6,990.0,rqds
1993-05-04,24,769.6,990.0,rqds
1993-05-05,24,752.9,1050.0,rqds
1993-05-06,24,695.4,1090.0,rqds
1993-05-07,24,649.2,1070.0,rqds
1993-05-08,24,697.5,1030.0,rqds
1993-05-09,24,744.2,1120.0,rqds
1993-05-10,24,639.2,940.0,rqds
1993-05-11,24,627.9,870.0,rqds
1993-05-12,24,629.2,820.0,rqds
1993-05-13,24,623.3,770.0,rqds
1993-05-14,24,672.1,770.0,rqds
1993-05-15,24,739.2,860.0,rqds
1993-05-16,24,822.5,1000.0,rqds
1993-05-17,24,873.3,1080.0,rqds
1993-05-18,24,942.5,1200.0,rqds
1993-05-19,24,973.8,1240.0,rqds
1993-05-20,24,770.4,1210.0,rqds
1993-05-21,24,691.2,1040.0,rqds
1993-05-22,24,667.1,1060.0,rqds
1993-05-23,24,645.8,1020.0,rqds
1993-05-24,24,611.2,1010.0,rqds
1993-05-25,24,608.3,920.0,rqds
1993-05-26,24,720.8,960.0,rqds
1993-05-27,24,876.7,1060.0,rqds
1993-05-28,24,743.8,1020.0,rqds
1993-05-29,24,690.0,800.0,rqds
1993-05-30,24,686.2,890.0,rqds
1993-05-31,24,776.7,1090.0,rqds
1993-06-01,24,857.5,1140.0,rqds
1993-06-02,24,797.1,1160.0,rqds
1993-06-03,24,730.0,1130.0,rqds
1993-06-04,24,745.4,1110.0,rqds
1993-06-05,24,737.1,1130.0,rqds
1993-06-06,24,693.3,1090.0,rqds
1993-06-07,24,710.4,1020.0,rqds
1993-06-08,24,880.0,1100.0,rqds
1993-06-09,24,840.8,1140.0,rqds
1993-06-10,24,685.8,890.0,rqds
1993-06-11,24,660.0,770.0,rqds
1993-06-12,24,602.1,700.0,rqds
1993-06-13,24,661.2,900.0,rqds
1993-06-14,24,830.4,1120.0,rqds
1993-06-15,24,980.0,1180.0,rqds
1993-06-16,24,859.2,1180.0,rqds
1993-06-17,24,885.4,1200.0,rqds
1993-06-18,24,735.0,1170.0,rqds
1993-06-19,24,714.2,1110.0,rqds
1993-06-20,24,668.8,1070.0,rqds
1993-06-21,24,712.5,1070.0,rqds
1993-06-22,24,737.9,1080.0,rqds
1993-06-23,24,721.2,1030.0,rqds
1993-06-24,24,769.2,980.0,rqds
1993-06-25,24,928.8,1080.0,rqds
1993-06-26,24,1022.5,1140.0,rqds
1993-06-27,24,872.9,1100.0,rqds
1993-06-28,24,814.2,1040.0,rqds
1993-06-29,24,676.2,950.0,rqds
1993-06-30,24,706.7,1120.0,rqds
1993-07-01,24,820.8,1110.0,rqds
1993-07-02,24,634.6,1070.0,rqds
1993-07-03,24,627.5,1010.0,rqds
1993-07-04,24,542.5,960.0,rqds
1993-07-05,24,509.2,840.0,rqds
1993-07-06,24,526.2,800.0,rqds
1993-07-07,24,631.2,810.0,rqds
1993-07-08,24,805.0,930.0,rqds
1993-07-09,24,877.1,1000.0,rqds
1993-07-10,24,965.0,1150.0,rqds
1993-07-11,24,956.2,1120.0,rqds
1993-07-12,24,832.9,980.0,rqds
1993-07-13,24,796.7,1040.0,rqds
1993-07-14,24,817.9,1120.0,rqds
1993-07-15,24,838.3,1100.0,rqds
1993-07-16,24,544.6,940.0,rqds
1993-07-17,24,472.9,840.0,rqds
1993-07-18,24,452.5,860.0,rqds
1993-07-19,24,527.1,860.0,rqds
1993-07-20,24,689.6,980.0,rqds
1993-07-21,24,921.7,1140.0,rqds
1993-07-22,24,828.3,1130.0,rqds
1993-07-23,24,777.5,940.0,rqds
1993-07-24,24,810.4,920.0,rqds
1993-07-25,24,921.2,1140.0,rqds
1993-07-26,24,922.9,1160.0,rqds
1993-07-27,24,850.0,1160.0,rqds
1993-07-28,24,995.0,1280.0,rqds
1993-07-29,24,796.2,1210.0,rqds
1993-07-30,24,691.2,1000.0,rqds
1993-07-31,24,533.3,940.0,rqds
1993-08-01,24,533.3,830.0,rqds
1993-08-02,24,583.8,840.0,rqds
1993-08-03,24,845.4,1060.0,rqds
1993-08-04,24,805.8,1130.0,rqds
1993-08-05,24,878.8,1100.0,rqds
1993-08-06,24,887.9,1040.0,rqds
1993-08-07,24,792.9,950.0,rqds
1993-08-08,24,743.3,840.0,rqds
1993-08-09,24,603.8,770.0,rqds
1993-08-10,24,685.0,900.0,rqds
1993-08-11,24,852.5,1070.0,rqds
1993-08-12,24,700.4,920.0,rqds
1993-08-13,24,603.3,900.0,rqds
1993-08-14,24,643.8,960.0,rqds
1993-08-15,24,595.8,940.0,rqds
1993-08-16,24,553.8,890.0,rqds
1993-08-17,24,571.7,890.0,rqds
1993-08-18,24,595.8,880.0,rqds
1993-08-19,24,591.7,820.0,rqds
1993-08-20,24,569.2,700.0,rqds
1993-08-21,24,582.1,700.0,rqds
1993-08-22,24,583.3,770.0,rqds
1993-08-23,24,609.2,830.0,rqds
1993-08-24,24,745.4,1040.0,rqds
1993-08-25,24,562.1,750.0,rqds
1993-08-26,24,546.2,800.0,rqds
1993-08-27,24,602.5,900.0,rqds
1993-08-28,24,767.9,1040.0,rqds
1993-08-29,24,697.9,1050.0,rqds
1993-08-30,24,532.5,940.0,rqds
1993-08-31,24,453.8,660.0,rqds
1993-09-01,24,459.2,630.0,rqds
1993-09-02,24,575.0,710.0,rqds
1993-09-03,24,895.4,1200.0,rqds
1993-09-04,24,780.4,920.0,rqds
1993-09-05,24,799.2,990.0,rqds
1993-09-06,24,820.8,990.0,rqds
1993-09-07,24,712.1,820.0,rqds
1993-09-08,24,550.8,760.0,rqds
1993-09-09,24,570.8,780.0,rqds
1993-09-10,24,599.2,840.0,rqds
1993-09-11,24,722.9,1010.0,rqds
1993-09-12,24,717.1,960.0,rqds
1993-09-13,24,661.2,950.0,rqds
1993-09-14,24,696.7,940.0,rqds
1993-09-15,24,805.4,1000.0,rqds
1993-09-16,24,794.2,940.0,rqds
1993-09-17,24,771.2,920.0,rqds
1993-09-18,24,659.6,790.0,rqds
1993-09-19,24,570.8,780.0,rqds
1993-09-20,24,525.8,760.0,rqds
1993-09-21,24,565.8,820.0,rqds
1993-09-22,24,737.9,980.0,rqds
1993-09-23,24,569.2,710.0,rqds
1993-09-24,24,511.2,640.0,rqds
1993-09-25,24,532.5,690.0,rqds
1993-09-26,24,620.4,760.0,rqds
1993-09-27,24,617.9,760.0,rqds
1993-09-28,24,688.3,770.0,rqds
1993-09-29,24,736.2,880.0,rqds
1993-09-30,24,607.1,760.0,rqds
1993-10-01,24,644.6,810.0,rqds
1993-10-02,24,464.6,680.0,rqds
1993-10-03,24,437.9,690.0,rqds
1993-10-04,24,444.2,680.0,rqds
1993-10-05,24,537.1,790.0,rqds
1993-10-06,24,620.4,880.0,rqds
1993-10-07,24,660.8,900.0,rqds
1993-10-08,24,500.0,640.0,rqds
1993-10-09,24,415.0,580.0,rqds
1993-10-10,24,448.3,610.0,rqds
1993-10-11,24,473.8,640.0,rqds
1993-10-12,24,481.2,620.0,rqds
1993-10-13,24,557.9,730.0,rqds
1993-10-14,24,678.3,910.0,rqds
1993-10-15,24,688.8,960.0,rqds
1993-10-16,24,571.2,840.0,rqds
1993-10-17,24,521.2,840.0,rqds
1993-10-18,24,479.2,770.0,rqds
1993-10-19,24,470.0,760.0,rqds
1993-10-20,24,527.9,840.0,rqds
1993-10-21,24,572.9,810.0,rqds
1993-10-22,24,712.5,880.0,rqds
1993-10-23,24,657.1,790.0,rqds
1993-10-24,24,641.2,690.0,rqds
1993-10-25,24,619.2,730.0,rqds
1993-10-26,24,715.8,900.0,rqds
1993-10-27,24,555.0,750.0,rqds
1993-10-28,24,503.3,740.0,rqds
1993-10-29,24,536.7,800.0,rqds
1993-10-30,24,643.8,920.0,rqds
1993-10-31,24,587.9,870.0,rqds
1993-11-01,24,532.5,840.0,rqds
1993-11-02,24,476.2,780.0,rqds
1993-11-03,24,484.6,780.0,rqds
1993-11-04,24,558.3,830.0,rqds
1993-11-05,24,673.8,920.0,rqds
1993-11-06,24,662.9,840.0,rqds
1993-11-07,24,658.3,800.0,rqds
1993-11-08,24,706.7,820.0,rqds
1993-11-09,24,735.4,880.0,rqds
1993-11-10,24,653.8,860.0,rqds
1993-11-11,24,676.7,940.0,rqds
1993-11-12,24,706.2,1050.0,rqds
1993-11-13,24,683.8,1070.0,rqds
1993-11-14,24,722.1,1100.0,rqds
1993-11-15,24,712.1,1060.0,rqds
1993-11-16,24,671.2,1020.0,rqds
1993-11-17,24,640.0,940.0,rqds
1993-11-18,24,546.2,780.0,rqds
1993-11-19,24,481.2,660.0,rqds
1993-11-20,24,426.7,580.0,rqds
1993-11-21,24,424.6,520.0,rqds
1993-11-22,24,446.7,560.0,rqds
1993-11-23,24,503.3,670.0,rqds
1993-11-24,24,639.6,880.0,rqds
1993-11-25,24,655.4,910.0,rqds
1993-11-26,24,605.8,920.0,rqds
1993-11-27,24,546.7,870.0,rqds
1993-11-28,24,589.6,940.0,rqds
1993-11-29,24,694.6,1080.0,rqds
1993-11-30,24,564.2,920.0,rqds
1993-12-01,24,538.3,900.0,rqds
1993-12-02,24,553.3,900.0,rqds
1993-12-03,24,533.3,820.0,rqds
1993-12-04,24,581.2,820.0,rqds
1993-12-05,24,557.5,680.0,rqds
1993-12-06,24,577.5,700.0,rqds
1993-12-07,24,681.7,840.0,rqds
1993-12-08,24,788.3,1000.0,rqds
1993-12-09,24,667.9,960.0,rqds
1993-12-10,24,522.5,880.0,rqds
1993-12-11,24,502.5,870.0,rqds
1993-12-12,24,492.1,900.0,rqds
1993-12-13,23,398.3,760.0,rqds
1993-12-14,23,404.3,760.0,rqds
1993-12-15,24,450.0,800.0,rqds
1993-12-16,24,582.9,880.0,rqds
1993-12-17,24,768.3,1020.0,rqds
1993-12-18,24,798.3,980.0,rqds
1993-12-19,24,755.0,880.0,rqds
1993-12-20,24,634.2,770.0,rqds
1993-12-21,24,577.9,740.0,rqds
1993-12-22,24,547.1,750.0,rqds
1993-12-23,24,560.0,800.0,rqds
1993-12-24,24,544.2,830.0,rqds
1993-12-25,24,576.7,940.0,rqds
1993-12-26,24,656.2,1020.0,rqds
1993-12-27,24,801.2,1200.0,rqds
1993-12-28,24,682.5,1060.0,rqds
1993-12-29,24,587.1,960.0,rqds
1993-12-30,24,595.0,940.0,rqds
1993-12-31,24,623.3,950.0,rqds
1994-01-01,24,560.8,820.0,rqds
1994-01-02,24,519.2,670.0,rqds
1994-01-03,24,524.6,640.0,rqds
1994-01-04,24,508.3,630.0,rqds
1994-01-05,24,492.9,700.0,rqds
1994-01-06,24,495.0,750.0,rqds
1994-01-07,24,502.1,840.0,rqds
1994-01-08,24,551.2,900.0,rqds
1994-01-09,24,634.6,1040.0,rqds
1994-01-10,24,636.7,1010.0,rqds
1994-01-11,24,616.7,1000.0,rqds
1994-01-12,24,611.7,960.0,rqds
1994-01-13,24,642.5,950.0,rqds
1994-01-14,24,706.7,950.0,rqds
1994-01-15,24,672.5,860.0,rqds
1994-01-16,24,607.5,740.0,rqds
1994-01-17,24,568.8,670.0,rqds
1994-01-18,24,549.2,680.0,rqds
1994-01-19,24,560.0,720.0,rqds
1994-01-20,24,696.7,870.0,rqds
1994-01-21,24,814.2,1070.0,rqds
1994-01-22,24,789.6,1060.0,rqds
1994-01-23,24,787.5,1090.0,rqds
1994-01-24,24,815.8,1190.0,rqds
1994-01-25,24,682.5,1040.0,rqds
1994-01-26,24,558.8,930.0,rqds
1994-01-27,24,508.3,860.0,rqds
1994-01-28,24,551.2,890.0,rqds
1994-01-29,24,622.5,890.0,rqds
1994-01-30,24,704.2,890.0,rqds
1994-01-31,24,821.2,930.0,rqds
1994-02-01,24,805.0,980.0,rqds
1994-02-02,24,711.2,880.0,rqds
1994-02-03,24,710.4,910.0,rqds
1994-02-04,24,761.7,1040.0,rqds
1994-02-05,24,729.2,1030.0,rqds
1994-02-06,24,735.8,1050.0,rqds
1994-02-07,24,712.5,1030.0,rqds
1994-02-08,24,665.0,990.0,rqds
1994-02-09,24,573.3,860.0,rqds
1994-02-10,24,527.5,780.0,rqds
1994-02-11,24,595.4,810.0,rqds
1994-02-12,24,762.9,950.0,rqds
1994-02-13,24,689.6,850.0,rqds
1994-02-14,24,575.4,700.0,rqds
1994-02-15,24,572.1,720.0,rqds
1994-02-16,24,624.6,770.0,rqds
1994-02-17,24,722.1,900.0,rqds
1994-02-18,24,792.5,980.0,rqds
1994-02-19,24,753.3,1020.0,rqds
1994-02-20,24,572.9,840.0,rqds
1994-02-21,24,503.3,770.0,rqds
1994-02-22,24,513.3,820.0,rqds
1994-02-23,24,551.7,880.0,rqds
1994-02-24,24,580.8,890.0,rqds
1994-02-25,24,574.2,860.0,rqds
1994-02-26,24,543.3,770.0,rqds
1994-02-27,24,507.5,660.0,rqds
1994-02-28,24,556.2,670.0,rqds
1994-03-01,24,661.2,850.0,rqds
1994-03-02,24,682.1,930.0,rqds
1994-03-03,24,684.2,960.0,rqds
1994-03-04,24,641.7,910.0,rqds
1994-03-05,24,623.8,860.0,rqds
1994-03-06,24,685.8,920.0,rqds
1994-03-07,24,770.8,1020.0,rqds
1994-03-08,24,724.6,970.0,rqds
1994-03-09,24,604.2,830.0,rqds
1994-03-10,24,621.2,820.0,rqds
1994-03-11,24,742.9,910.0,rqds
1994-03-12,24,740.4,880.0,rqds
1994-03-13,24,754.6,860.0,rqds
1994-03-14,24,736.7,950.0,rqds
1994-03-15,24,714.6,910.0,rqds
1994-03-16,24,784.6,990.0,rqds
1994-03-17,24,799.6,1040.0,rqds
1994-03-18,24,865.8,1070.0,rqds
1994-03-19,24,919.6,1180.0,rqds
1994-03-20,24,873.3,1080.0,rqds
1994-03-21,24,882.5,1070.0,rqds
1994-03-22,24,932.1,1140.0,rqds
1994-03-23,24,866.2,1100.0,rqds
1994-03-24,24,849.2,1070.0,rqds
1994-03-25,24,800.8,990.0,rqds
1994-03-26,24,782.5,940.0,rqds
1994-03-27,24,780.4,940.0,rqds
1994-03-28,24,742.9,960.0,rqds
1994-03-29,24,755.8,1030.0,rqds
1994-03-30,24,645.4,980.0,rqds
1994-03-31,24,573.8,910.0,rqds
1994-04-01,24,555.8,850.0,rqds
1994-04-02,24,645.4,870.0,rqds
1994-04-03,24,790.8,990.0,rqds
1994-04-04,24,739.6,930.0,rqds
1994-04-05,24,633.8,770.0,rqds
1994-04-06,24,669.2,750.0,rqds
1994-04-07,24,751.7,860.0,rqds
1994-04-08,24,722.1,830.0,rqds
1994-04-09,24,652.9,850.0,rqds
1994-04-10,24,661.2,810.0,rqds
1994-04-11,24,802.1,1030.0,rqds
1994-04-12,24,981.7,1210.0,rqds
1994-04-13,24,975.8,1270.0,rqds
1994-04-14,24,961.2,1260.0,rqds
1994-04-15,24,959.6,1250.0,rqds
1994-04-16,24,821.7,1170.0,rqds
1994-04-17,24,790.4,1030.0,rqds
1994-04-18,24,895.8,1110.0,rqds
1994-04-19,24,913.3,1110.0,rqds
1994-04-20,24,867.5,1030.0,rqds
1994-04-21,24,812.9,960.0,rqds
1994-04-22,24,781.7,900.0,rqds
1994-04-23,24,819.2,970.0,rqds
1994-04-24,24,823.8,1010.0,rqds
1994-04-25,24,826.2,1090.0,rqds
1994-04-26,24,770.8,1140.0,rqds
1994-04-27,24,693.8,1110.0,rqds
1994-04-28,24,681.7,1040.0,rqds
1994-04-29,24,698.8,1030.0,rqds
1994-04-30,24,618.3,920.0,rqds
1994-05-01,24,615.0,860.0,rqds
1994-05-02,24,661.2,800.0,rqds
1994-05-03,24,807.1,900.0,rqds
1994-05-04,24,798.8,920.0,rqds
1994-05-05,24,733.3,830.0,rqds
1994-05-06,24,704.6,860.0,rqds
1994-05-07,24,657.9,850.0,rqds
1994-05-08,24,620.4,850.0,rqds
1994-05-09,24,666.7,920.0,rqds
1994-05-10,24,735.8,990.0,rqds
1994-05-11,24,792.5,1100.0,rqds
1994-05-12,24,818.3,1180.0,rqds
1994-05-13,24,776.7,1150.0,rqds
1994-05-14,24,759.6,1070.0,rqds
1994-05-15,24,800.0,1090.0,rqds
1994-05-16,24,745.0,1040.0,rqds
1994-05-17,24,732.5,930.0,rqds
1994-05-18,24,768.8,900.0,rqds
1994-05-19,24,868.8,1020.0,rqds
1994-05-20,24,890.4,1020.0,rqds
1994-05-21,24,872.1,1330.0,rqds
1994-05-22,24,1082.9,1390.0,rqds
1994-05-23,24,1213.3,1430.0,rqds
1994-05-24,24,906.7,1420.0,rqds
1994-05-25,24,727.9,1160.0,rqds
1994-05-26,24,755.8,1140.0,rqds
1994-05-27,24,776.2,1140.0,rqds
1994-05-28,24,920.8,1210.0,rqds
1994-05-29,24,1081.2,1470.0,rqds
1994-05-30,24,833.8,1140.0,rqds
1994-05-31,24,896.2,1030.0,rqds
1994-06-01,24,917.1,1070.0,rqds
1994-06-02,24,682.1,870.0,rqds
1994-06-03,24,613.8,830.0,rqds
1994-06-04,24,653.8,900.0,rqds
1994-06-05,24,705.0,1010.0,rqds
1994-06-06,24,863.3,1150.0,rqds
1994-06-07,24,856.7,1260.0,rqds
1994-06-08,24,803.8,1360.0,rqds
1994-06-09,24,719.2,1060.0,rqds
1994-06-10,24,829.2,1150.0,rqds
1994-06-11,24,680.4,1070.0,rqds
1994-06-12,24,640.4,980.0,rqds
1994-06-13,24,630.4,920.0,rqds
1994-06-14,24,683.3,890.0,rqds
1994-06-15,24,747.1,910.0,rqds
1994-06-16,24,773.3,890.0,rqds
1994-06-17,24,877.5,1060.0,rqds
1994-06-18,24,951.2,1140.0,rqds
1994-06-19,24,973.3,1340.0,rqds
1994-06-20,24,1041.7,1360.0,rqds
1994-06-21,24,868.8,1380.0,rqds
1994-06-22,24,742.9,1220.0,rqds
1994-06-23,24,765.4,1170.0,rqds
1994-06-24,24,716.2,1150.0,rqds
1994-06-25,24,737.5,1050.0,rqds
1994-06-26,24,935.4,1150.0,rqds
1994-06-27,24,854.6,1090.0,rqds
1994-06-28,24,792.5,960.0,rqds
1994-06-29,24,840.0,1010.0,rqds
1994-06-30,24,1084.2,1250.0,rqds
1994-07-01,24,965.8,1200.0,rqds
1994-07-02,24,845.0,1050.0,rqds
1994-07-03,24,842.5,1090.0,rqds
1994-07-04,24,815.4,1080.0,rqds
1994-07-05,24,830.8,1110.0,rqds
1994-07-06,24,822.5,1180.0,rqds
1994-07-07,24,938.3,1260.0,rqds
1994-07-08,24,899.2,1300.0,rqds
1994-07-09,24,798.3,1210.0,rqds
1994-07-10,24,742.9,1100.0,rqds
1994-07-11,24,735.8,1030.0,rqds
1994-07-12,24,788.8,990.0,rqds
1994-07-13,24,777.1,980.0,rqds
1994-07-14,24,715.8,790.0,rqds
1994-07-15,24,778.8,910.0,rqds
1994-07-16,24,752.9,920.0,rqds
1994-07-17,24,678.3,900.0,rqds
1994-07-18,24,646.7,960.0,rqds
1994-07-19,24,668.8,1030.0,rqds
1994-07-20,24,689.6,1050.0,rqds
1994-07-21,24,802.5,1140.0,rqds
1994-07-22,24,767.5,1130.0,rqds
1994-07-23,24,745.0,1100.0,rqds
1994-07-24,24,712.5,990.0,rqds
1994-07-25,24,681.2,900.0,rqds
1994-07-26,24,647.5,810.0,rqds
1994-07-27,24,693.8,780.0,rqds
1994-07-28,24,626.7,790.0,rqds
1994-07-29,24,547.1,670.0,rqds
1994-07-30,24,564.6,740.0,rqds
1994-07-31,24,630.0,870.0,rqds
1994-08-01,24,781.7,1080.0,rqds
1994-08-02,24,877.9,1180.0,rqds
1994-08-03,24,949.2,1170.0,rqds
1994-08-04,24,807.1,1180.0,rqds
1994-08-05,24,677.5,1080.0,rqds
1994-08-06,24,630.4,960.0,rqds
1994-08-07,24,692.9,1010.0,rqds
1994-08-08,24,779.6,1020.0,rqds
1994-08-09,24,862.9,1070.0,rqds
1994-08-10,24,1060.8,1320.0,rqds
1994-08-11,24,825.4,1010.0,rqds
1994-08-12,24,620.8,740.0,rqds
1994-08-13,24,559.6,730.0,rqds
1994-08-14,24,581.7,820.0,rqds
1994-08-15,24,517.9,710.0,rqds
1994-08-16,24,465.4,750.0,rqds
1994-08-17,24,490.0,790.0,rqds
1994-08-18,24,528.8,820.0,rqds
1994-08-19,24,607.1,850.0,rqds
1994-08-20,24,648.3,910.0,rqds
1994-08-21,24,666.7,930.0,rqds
1994-08-22,24,605.8,810.0,rqds
1994-08-23,24,627.1,760.0,rqds
1994-08-24,24,711.7,840.0,rqds
1994-08-25,24,782.5,910.0,rqds
1994-08-26,24,780.4,970.0,rqds
1994-08-27,24,647.9,800.0,rqds
1994-08-28,24,574.2,740.0,rqds
1994-08-29,24,628.8,850.0,rqds
1994-08-30,24,700.0,930.0,rqds
1994-08-31,24,729.2,930.0,rqds
1994-09-01,24,649.6,900.0,rqds
1994-09-02,24,553.3,880.0,rqds
1994-09-03,24,483.3,770.0,rqds
1994-09-04,24,463.3,690.0,rqds
1994-09-05,24,584.2,750.0,rqds
1994-09-06,24,663.3,930.0,rqds
1994-09-07,24,540.4,670.0,rqds
1994-09-08,24,585.0,760.0,rqds
1994-09-09,24,718.3,990.0,rqds
1994-09-10,24,769.6,920.0,rqds
1994-09-11,24,594.2,790.0,rqds
1994-09-12,24,646.2,890.0,rqds
1994-09-13,24,620.4,790.0,rqds
1994-09-14,24,524.2,680.0,rqds
1994-09-15,24,470.4,670.0,rqds
1994-09-16,24,542.9,740.0,rqds
1994-09-17,24,621.7,790.0,rqds
1994-09-18,24,522.1,740.0,rqds
1994-09-19,24,517.5,630.0,rqds
1994-09-20,24,632.9,830.0,rqds
1994-09-21,24,560.8,750.0,rqds
1994-09-22,24,509.2,700.0,rqds
1994-09-23,24,492.5,710.0,rqds
1994-09-24,24,474.6,690.0,rqds
1994-09-25,24,540.0,790.0,rqds
1994-09-26,24,580.0,760.0,rqds
1994-09-27,24,547.5,740.0,rqds
1994-09-28,24,585.0,760.0,rqds
1994-09-29,24,688.8,820.0,rqds
1994-09-30,24,610.4,740.0,rqds
1994-10-01,24,566.7,770.0,rqds
1994-10-02,24,508.8,760.0,rqds
1994-10-03,24,446.7,600.0,rqds
1994-10-04,24,513.8,700.0,rqds
1994-10-05,24,412.5,590.0,rqds
1994-10-06,24,369.6,610.0,rqds
1994-10-07,24,410.8,680.0,rqds
1994-10-08,24,532.9,850.0,rqds
1994-10-09,24,577.9,840.0,rqds
1994-10-10,24,610.4,860.0,rqds
1994-10-11,24,660.0,870.0,rqds
1994-10-12,24,718.8,870.0,rqds
1994-10-13,24,712.1,810.0,rqds
1994-10-14,24,544.2,690.0,rqds
1994-10-15,24,506.2,620.0,rqds
1994-10-16,24,530.0,660.0,rqds
1994-10-17,24,517.5,690.0,rqds
1994-10-18,24,479.6,700.0,rqds
1994-10-19,24,542.5,810.0,rqds
1994-10-20,24,656.7,930.0,rqds
1994-10-21,24,772.9,1060.0,rqds
1994-10-22,24,762.1,1040.0,rqds
1994-10-23,24,723.8,1000.0,rqds
1994-10-24,24,674.6,930.0,rqds
1994-10-25,24,615.0,840.0,rqds
1994-10-26,24,555.8,740.0,rqds
1994-10-27,24,487.1,630.0,rqds
1994-10-28,24,473.8,570.0,rqds
1994-10-29,24,550.8,650.0,rqds
1994-10-30,24,556.7,720.0,rqds
1994-10-31,24,540.4,710.0,rqds
1994-11-01,24,596.7,820.0,rqds
1994-11-02,24,617.1,930.0,rqds
1994-11-03,24,532.9,860.0,rqds
1994-11-04,24,504.2,870.0,rqds
1994-11-05,24,534.6,890.0,rqds
1994-11-06,24,648.3,990.0,rqds
1994-11-07,24,789.2,1100.0,rqds
1994-11-08,24,736.2,960.0,rqds
1994-11-09,24,657.5,830.0,rqds
1994-11-10,24,560.0,670.0,rqds
1994-11-11,24,528.8,630.0,rqds
1994-11-12,24,461.2,610.0,rqds
1994-11-13,24,420.8,610.0,rqds
1994-11-14,24,456.2,720.0,rqds
1994-11-15,24,596.7,880.0,rqds
1994-11-16,24,697.1,1000.0,rqds
1994-11-17,24,703.3,1040.0,rqds
1994-11-18,24,597.1,920.0,rqds
1994-11-19,24,513.8,850.0,rqds
1994-11-20,24,502.5,820.0,rqds
1994-11-21,24,591.7,920.0,rqds
1994-11-22,24,702.1,980.0,rqds
1994-11-23,24,684.2,930.0,rqds
1994-11-24,24,695.8,900.0,rqds
1994-11-25,24,693.3,850.0,rqds
1994-11-26,24,673.8,760.0,rqds
1994-11-27,24,619.6,740.0,rqds
1994-11-28,24,618.3,820.0,rqds
1994-11-29,24,623.3,870.0,rqds
1994-11-30,24,705.4,1030.0,rqds
1994-12-01,24,716.2,1100.0,rqds
1994-12-02,24,723.8,1130.0,rqds
1994-12-03,24,702.9,1110.0,rqds
1994-12-04,24,612.5,990.0,rqds
1994-12-05,24,562.9,900.0,rqds
1994-12-06,24,460.4,720.0,rqds
1994-12-07,24,453.3,680.0,rqds
1994-12-08,24,529.6,690.0,rqds
1994-12-09,24,686.2,820.0,rqds
1994-12-10,24,721.2,880.0,rqds
1994-12-11,24,673.3,840.0,rqds
1994-12-12,24,646.2,880.0,rqds
1994-12-13,24,585.4,840.0,rqds
1994-12-14,24,632.1,940.0,rqds
1994-12-15,24,667.5,990.0,rqds
1994-12-16,24,716.7,1080.0,rqds
1994-12-17,24,752.1,1150.0,rqds
1994-12-18,24,765.0,1120.0,rqds
1994-12-19,24,731.7,1080.0,rqds
1994-12-20,24,692.9,1020.0,rqds
1994-12-21,24,700.4,990.0,rqds
1994-12-22,24,676.2,920.0,rqds
1994-12-23,24,642.5,810.0,rqds
1994-12-24,24,648.8,760.0,rqds
1994-12-25,24,652.5,760.0,rqds
1994-12-26,24,642.9,810.0,rqds
1994-12-27,24,542.5,780.0,rqds
1994-12-28,24,470.0,760.0,rqds
1994-12-29,24,492.9,850.0,rqds
1994-12-30,24,581.2,990.0,rqds
1994-12-31,24,652.5,1100.0,rqds
1995-01-01,24,683.8,1100.0,rqds
1995-01-02,24,690.4,1060.0,rqds
1995-01-03,24,642.9,940.0,rqds
1995-01-04,24,535.4,740.0,rqds
1995-01-05,24,505.0,700.0,rqds
1995-01-06,24,536.2,710.0,rqds
1995-01-07,24,610.4,720.0,rqds
1995-01-08,24,638.3,790.0,rqds
1995-01-09,24,594.6,800.0,rqds
1995-01-10,24,527.9,760.0,rqds
1995-01-11,24,529.6,780.0,rqds
1995-01-12,24,579.6,900.0,rqds
1995-01-13,24,616.2,950.0,rqds
1995-01-14,24,657.9,1020.0,rqds
1995-01-15,24,683.3,1030.0,rqds
1995-01-16,24,668.8,1030.0,rqds
1995-01-17,24,672.9,1010.0,rqds
1995-01-18,24,680.4,990.0,rqds
1995-01-19,24,552.1,770.0,rqds
1995-01-20,24,555.8,780.0,rqds
1995-01-21,24,617.5,740.0,rqds
1995-01-22,24,560.0,700.0,rqds
1995-01-23,24,485.4,640.0,rqds
1995-01-24,24,514.6,760.0,rqds
1995-01-25,24,592.1,870.0,rqds
1995-01-26,24,709.6,1010.0,rqds
1995-01-27,24,829.6,1190.0,rqds
1995-01-28,24,736.7,1110.0,rqds
1995-01-29,24,629.2,1000.0,rqds
1995-01-30,24,570.4,900.0,rqds
1995-01-31,24,517.1,810.0,rqds
1995-02-01,24,450.8,680.0,rqds
1995-02-02,24,443.8,600.0,rqds
1995-02-03,24,502.5,640.0,rqds
1995-02-04,24,473.8,610.0,rqds
1995-02-05,24,471.7,620.0,rqds
1995-02-06,24,488.8,660.0,rqds
1995-02-07,24,528.8,710.0,rqds
1995-02-08,24,602.5,800.0,rqds
1995-02-09,24,689.2,910.0,rqds
1995-02-10,24,776.2,1020.0,rqds
1995-02-11,24,804.6,1090.0,rqds
1995-02-12,24,780.8,1080.0,rqds
1995-02-13,24,783.8,1110.0,rqds
1995-02-14,24,656.2,960.0,rqds
1995-02-15,24,599.6,890.0,rqds
1995-02-16,24,630.4,880.0,rqds
1995-02-17,24,697.5,880.0,rqds
1995-02-18,24,760.8,880.0,rqds
1995-02-19,24,800.4,950.0,rqds
1995-02-20,24,785.8,970.0,rqds
1995-02-21,24,767.5,970.0,rqds
1995-02-22,24,810.0,1030.0,rqds
1995-02-23,24,883.8,1150.0,rqds
1995-02-24,24,687.1,970.0,rqds
1995-02-25,24,563.3,870.0,rqds
1995-02-26,24,502.5,770.0,rqds
1995-02-27,24,533.8,800.0,rqds
1995-02-28,24,590.0,840.0,rqds
1995-03-01,24,675.8,880.0,rqds
1995-03-02,24,767.5,920.0,rqds
1995-03-03,24,690.8,890.0,rqds
1995-03-04,24,482.9,710.0,rqds
1995-03-05,24,458.8,650.0,rqds
1995-03-06,24,560.4,740.0,rqds
1995-03-07,24,631.2,870.0,rqds
1995-03-08,24,582.9,860.0,rqds
1995-03-09,24,592.1,790.0,rqds
1995-03-10,24,664.2,880.0,rqds
1995-03-11,24,630.8,830.0,rqds
1995-03-12,24,679.6,910.0,rqds
1995-03-13,24,702.9,920.0,rqds
1995-03-14,24,762.1,1000.0,rqds
1995-03-15,24,745.8,950.0,rqds
1995-03-16,24,657.1,850.0,rqds
1995-03-17,24,582.1,720.0,rqds
1995-03-18,24,625.8,780.0,rqds
1995-03-19,24,684.6,860.0,rqds
1995-03-20,24,782.5,1010.0,rqds
1995-03-21,24,816.7,1090.0,rqds
1995-03-22,24,817.1,1080.0,rqds
1995-03-23,24,840.0,1080.0,rqds
1995-03-24,24,829.6,1030.0,rqds
1995-03-25,24,861.7,1070.0,rqds
1995-03-26,24,838.3,1040.0,rqds
1995-03-27,24,840.8,1020.0,rqds
1995-03-28,24,828.8,970.0,rqds
1995-03-29,24,750.0,870.0,rqds
1995-03-30,24,767.9,880.0,rqds
1995-03-31,24,750.8,910.0,rqds
1995-04-01,24,785.8,990.0,rqds
1995-04-02,24,829.2,1070.0,rqds
1995-04-03,24,775.4,1060.0,rqds
1995-04-04,24,727.9,990.0,rqds
1995-04-05,24,763.8,1010.0,rqds
1995-04-06,24,858.3,1070.0,rqds
1995-04-07,24,918.3,1130.0,rqds
1995-04-08,24,944.2,1130.0,rqds
1995-04-09,24,985.0,1160.0,rqds
1995-04-10,24,953.3,1110.0,rqds
1995-04-11,24,883.3,1010.0,rqds
1995-04-12,24,901.2,1020.0,rqds
1995-04-13,24,960.4,1090.0,rqds
1995-04-14,24,775.4,1110.0,rqds
1995-04-15,24,732.5,960.0,rqds
1995-04-16,24,783.3,1070.0,rqds
1995-04-17,24,732.9,1080.0,rqds
1995-04-18,24,670.8,1020.0,rqds
1995-04-19,24,621.2,940.0,rqds
1995-04-20,24,645.4,920.0,rqds
1995-04-21,24,652.5,910.0,rqds
1995-04-22,24,627.1,830.0,rqds
1995-04-23,24,588.3,700.0,rqds
1995-04-24,24,633.3,710.0,rqds
1995-04-25,24,736.7,900.0,rqds
1995-04-26,24,875.8,1040.0,rqds
1995-04-27,24,906.7,1060.0,rqds
1995-04-28,24,830.0,1100.0,rqds
1995-04-29,24,750.8,1060.0,rqds
1995-04-30,24,700.8,980.0,rqds
1995-05-01,24,655.8,1000.0,rqds
1995-05-02,24,585.4,910.0,rqds
1995-05-03,24,608.8,900.0,rqds
1995-05-04,24,728.3,950.0,rqds
1995-05-05,24,820.4,1050.0,rqds
1995-05-06,24,895.8,1100.0,rqds
1995-05-07,24,932.9,1150.0,rqds
1995-05-08,24,970.0,1070.0,rqds
1995-05-09,24,1106.7,1250.0,rqds
1995-05-10,24,1246.7,1450.0,rqds
1995-05-11,24,1187.1,1440.0,rqds
1995-05-12,24,936.2,1260.0,rqds
1995-05-13,24,776.2,1110.0,rqds
1995-05-14,24,690.4,1020.0,rqds
1995-05-15,24,685.0,1060.0,rqds
1995-05-16,24,813.8,1140.0,rqds
1995-05-17,24,908.8,1370.0,rqds
1995-05-18,24,800.8,1140.0,rqds
1995-05-19,24,745.0,1010.0,rqds
1995-05-20,24,774.2,920.0,rqds
1995-05-21,24,890.0,1000.0,rqds
1995-05-22,24,981.2,1130.0,rqds
1995-05-23,24,747.1,1030.0,rqds
1995-05-24,24,626.2,820.0,rqds
1995-05-25,24,621.2,880.0,rqds
1995-05-26,24,670.0,960.0,rqds
1995-05-27,24,792.9,1110.0,rqds
1995-05-28,24,814.6,1210.0,rqds
1995-05-29,24,736.7,1090.0,rqds
1995-05-30,24,725.8,1040.0,rqds
1995-05-31,24,793.3,1100.0,rqds
1995-06-01,24,817.5,1130.0,rqds
1995-06-02,24,817.5,1100.0,rqds
1995-06-03,24,808.8,1080.0,rqds
1995-06-04,24,910.4,1080.0,rqds
1995-06-05,24,1086.2,1230.0,rqds
1995-06-06,24,1183.8,1340.0,rqds
1995-06-07,24,1236.2,1360.0,rqds
1995-06-08,24,1039.2,1380.0,rqds
1995-06-09,24,699.2,1020.0,rqds
1995-06-10,24,642.1,1040.0,rqds
1995-06-11,24,753.3,1140.0,rqds
1995-06-12,24,762.9,1200.0,rqds
1995-06-13,24,689.6,1130.0,rqds
1995-06-14,24,628.3,1040.0,rqds
1995-06-15,24,592.5,970.0,rqds
1995-06-16,24,602.5,850.0,rqds
1995-06-17,24,715.8,920.0,rqds
1995-06-18,24,827.9,940.0,rqds
1995-06-19,24,1008.3,1200.0,rqds
1995-06-20,24,1048.8,1190.0,rqds
1995-06-21,24,1031.2,1250.0,rqds
1995-06-22,24,1138.8,1430.0,rqds
1995-06-23,24,1045.4,1410.0,rqds
1995-06-24,24,950.8,1310.0,rqds
1995-06-25,24,790.4,1350.0,rqds
1995-06-26,24,715.8,1070.0,rqds
1995-06-27,24,610.8,990.0,rqds
1995-06-28,24,586.7,910.0,rqds
1995-06-29,24,607.5,930.0,rqds
1995-06-30,24,653.3,950.0,rqds
1995-07-01,24,684.2,940.0,rqds
1995-07-02,24,728.8,920.0,rqds
1995-07-03,24,795.8,940.0,rqds
1995-07-04,24,855.4,970.0,rqds
1995-07-05,24,923.8,1010.0,rqds
1995-07-06,24,853.8,1020.0,rqds
1995-07-07,24,997.9,1390.0,rqds
1995-07-08,24,1085.0,1320.0,rqds
1995-07-09,24,866.2,1240.0,rqds
1995-07-10,24,863.3,1320.0,rqds
1995-07-11,24,1162.5,1610.0,rqds
1995-07-12,24,1074.2,1740.0,rqds
1995-07-13,24,880.0,1270.0,rqds
1995-07-14,24,962.5,1300.0,rqds
1995-07-15,24,864.6,1140.0,rqds
1995-07-16,24,704.2,870.0,rqds
1995-07-17,24,758.8,840.0,rqds
1995-07-18,24,907.9,1110.0,rqds
1995-07-19,24,1074.6,1150.0,rqds
1995-07-20,24,900.4,1080.0,rqds
1995-07-21,24,700.0,900.0,rqds
1995-07-22,24,706.7,1020.0,rqds
1995-07-23,24,837.5,1210.0,rqds
1995-07-24,24,965.4,1200.0,rqds
1995-07-25,24,836.7,1180.0,rqds
1995-07-26,24,775.8,1140.0,rqds
1995-07-27,24,735.0,1020.0,rqds
1995-07-28,24,857.9,1150.0,rqds
1995-07-29,24,757.9,1210.0,rqds
1995-07-30,24,675.0,930.0,rqds
1995-07-31,24,631.2,830.0,rqds
1995-08-01,24,601.2,710.0,rqds
1995-08-02,24,597.5,710.0,rqds
1995-08-03,24,633.3,770.0,rqds
1995-08-04,24,613.3,800.0,rqds
1995-08-05,24,652.5,910.0,rqds
1995-08-06,24,706.2,1020.0,rqds
1995-08-07,24,834.6,1280.0,rqds
1995-08-08,24,1063.8,1400.0,rqds
1995-08-09,24,1015.8,1390.0,rqds
1995-08-10,24,883.8,1280.0,rqds
1995-08-11,24,882.1,1160.0,rqds
1995-08-12,24,975.8,1160.0,rqds
1995-08-13,24,790.4,950.0,rqds
1995-08-14,24,781.7,870.0,rqds
1995-08-15,24,791.2,920.0,rqds
1995-08-16,24,828.3,970.0,rqds
1995-08-17,24,729.2,850.0,rqds
1995-08-18,24,763.3,990.0,rqds
1995-08-19,24,790.0,960.0,rqds
1995-08-20,24,785.4,1080.0,rqds
1995-08-21,24,919.2,1170.0,rqds
1995-08-22,24,842.9,1140.0,rqds
1995-08-23,24,877.1,1140.0,rqds
1995-08-24,24,703.3,1120.0,rqds
1995-08-25,24,694.2,970.0,rqds
1995-08-26,24,592.5,870.0,rqds
1995-08-27,24,602.5,790.0,rqds
1995-08-28,24,673.8,800.0,rqds
1995-08-29,24,665.0,810.0,rqds
1995-08-30,24,654.6,800.0,rqds
1995-08-31,24,632.5,800.0,rqds
1995-09-01,24,703.3,920.0,rqds
1995-09-02,24,807.9,1040.0,rqds
1995-09-03,24,860.4,1070.0,rqds
1995-09-04,24,757.9,1030.0,rqds
1995-09-05,24,831.2,1200.0,rqds
1995-09-06,24,929.2,1200.0,rqds
1995-09-07,24,709.6,1020.0,rqds
1995-09-08,24,724.2,910.0,rqds
1995-09-09,24,707.5,890.0,rqds
1995-09-10,24,717.5,830.0,rqds
1995-09-11,24,742.1,890.0,rqds
1995-09-12,24,676.2,830.0,rqds
1995-09-13,24,636.2,860.0,rqds
1995-09-14,24,652.9,840.0,rqds
1995-09-15,24,609.6,770.0,rqds
1995-09-16,24,642.9,860.0,rqds
1995-09-17,24,736.2,1010.0,rqds
1995-09-18,24,775.0,940.0,rqds
1995-09-19,24,713.3,870.0,rqds
1995-09-20,24,592.1,770.0,rqds
1995-09-21,24,565.8,750.0,rqds
1995-09-22,24,550.4,760.0,rqds
1995-09-23,24,601.7,750.0,rqds
1995-09-24,24,707.5,860.0,rqds
1995-09-25,24,677.9,850.0,rqds
1995-09-26,24,688.3,910.0,rqds
1995-09-27,24,726.7,940.0,rqds
1995-09-28,24,770.0,1000.0,rqds
1995-09-29,24,697.1,940.0,rqds
1995-09-30,24,662.9,890.0,rqds
1995-10-01,24,612.1,800.0,rqds
1995-10-02,24,597.9,790.0,rqds
1995-10-03,24,656.2,870.0,rqds
1995-10-04,24,643.3,860.0,rqds
1995-10-05,24,641.2,780.0,rqds
1995-10-06,24,672.5,800.0,rqds
1995-10-07,24,673.8,830.0,rqds
1995-10-08,24,731.7,940.0,rqds
1995-10-09,24,743.3,950.0,rqds
1995-10-10,24,843.8,1120.0,rqds
1995-10-11,24,739.2,940.0,rqds
1995-10-12,24,601.2,840.0,rqds
1995-10-13,24,617.1,870.0,rqds
1995-10-14,24,717.1,960.0,rqds
1995-10-15,24,765.8,940.0,rqds
1995-10-16,24,746.7,900.0,rqds
1995-10-17,24,787.5,990.0,rqds
1995-10-18,24,717.1,890.0,rqds
1995-10-19,24,466.7,560.0,rqds
1995-10-20,24,415.0,540.0,rqds
1995-10-21,24,466.7,640.0,rqds
1995-10-22,24,585.4,790.0,rqds
1995-10-23,24,683.8,920.0,rqds
1995-10-24,24,820.0,1110.0,rqds
1995-10-25,24,834.6,1140.0,rqds
1995-10-26,24,828.3,1150.0,rqds
1995-10-27,24,861.7,1150.0,rqds
1995-10-28,24,868.8,1140.0,rqds
1995-10-29,24,939.2,1190.0,rqds
1995-10-30,24,998.3,1160.0,rqds
1995-10-31,24,942.5,1050.0,rqds
1995-11-01,24,839.6,930.0,rqds
1995-11-02,24,706.2,840.0,rqds
1995-11-03,24,647.9,810.0,rqds
1995-11-04,24,712.1,940.0,rqds
1995-11-05,24,890.0,1130.0,rqds
1995-11-06,24,885.0,1160.0,rqds
1995-11-07,24,878.3,1230.0,rqds
1995-11-08,24,747.9,1040.0,rqds
1995-11-09,24,618.8,940.0,rqds
1995-11-10,24,628.3,910.0,rqds
1995-11-11,24,632.5,900.0,rqds
1995-11-12,24,541.2,760.0,rqds
1995-11-13,24,547.5,750.0,rqds
1995-11-14,24,698.8,890.0,rqds
1995-11-15,24,802.9,940.0,rqds
1995-11-16,24,787.1,900.0,rqds
1995-11-17,24,757.5,900.0,rqds
1995-11-18,24,758.3,940.0,rqds
1995-11-19,24,691.7,940.0,rqds
1995-11-20,24,649.2,930.0,rqds
1995-11-21,24,695.4,1020.0,rqds
1995-11-22,24,757.9,1140.0,rqds
1995-11-23,24,816.7,1200.0,rqds
1995-11-24,24,936.7,1340.0,rqds
1995-11-25,24,907.5,1260.0,rqds
1995-11-26,24,886.7,1170.0,rqds
1995-11-27,24,826.2,1040.0,rqds
1995-11-28,24,773.8,950.0,rqds
1995-11-29,24,764.2,900.0,rqds
1995-11-30,24,739.6,870.0,rqds
1995-12-01,24,708.3,880.0,rqds
1995-12-02,24,723.3,990.0,rqds
1995-12-03,24,620.8,930.0,rqds
1995-12-04,24,625.0,930.0,rqds
1995-12-05,24,696.7,1030.0,rqds
1995-12-06,24,754.6,1110.0,rqds
1995-12-07,24,717.9,1060.0,rqds
1995-12-08,24,650.8,980.0,rqds
1995-12-09,24,560.4,900.0,rqds
1995-12-10,24,534.2,840.0,rqds
1995-12-11,24,662.9,970.0,rqds
1995-12-12,24,912.1,1170.0,rqds
1995-12-13,24,1079.6,1290.0,rqds
1995-12-14,24,1106.2,1220.0,rqds
1995-12-15,24,947.1,1040.0,rqds
1995-12-16,24,937.9,1100.0,rqds
1995-12-17,24,897.5,1130.0,rqds
1995-12-18,24,909.2,1190.0,rqds
1995-12-19,24,948.8,1310.0,rqds
1995-12-20,24,956.2,1350.0,rqds
1995-12-21,24,854.6,1270.0,rqds
1995-12-22,24,755.4,1150.0,rqds
1995-12-23,24,725.0,1070.0,rqds
1995-12-24,24,708.8,1010.0,rqds
1995-12-25,24,719.2,950.0,rqds
1995-12-26,24,662.1,820.0,rqds
1995-12-27,24,654.2,820.0,rqds
1995-12-28,24,661.7,820.0,rqds
1995-12-29,24,657.1,840.0,rqds
1995-12-30,24,590.4,810.0,rqds
1995-12-31,24,574.2,850.0,rqds
1996-01-01,24,643.3,950.0,rqds
1996-01-02,24,740.4,1060.0,rqds
1996-01-03,24,794.6,1150.0,rqds
1996-01-04,24,763.3,1140.0,rqds
1996-01-05,24,698.3,1050.0,rqds
1996-01-06,24,692.9,1020.0,rqds
1996-01-07,24,698.8,1030.0,rqds
1996-01-08,24,731.7,1020.0,rqds
1996-01-09,24,735.8,980.0,rqds
1996-01-10,24,662.5,850.0,rqds
1996-01-11,24,662.5,790.0,rqds
1996-01-12,24,625.4,710.0,rqds
1996-01-13,24,559.2,710.0,rqds
1996-01-14,24,530.8,730.0,rqds
1996-01-15,24,542.9,800.0,rqds
1996-01-16,24,693.8,1000.0,rqds
1996-01-17,24,862.5,1230.0,rqds
1996-01-18,24,797.1,1220.0,rqds
1996-01-19,24,669.2,1100.0,rqds
1996-01-20,24,622.1,1030.0,rqds
1996-01-21,24,689.6,1030.0,rqds
1996-01-22,24,827.9,1120.0,rqds
1996-01-23,24,791.7,940.0,rqds
1996-01-24,24,780.8,930.0,rqds
1996-01-25,24,871.7,980.0,rqds
1996-01-26,24,835.0,990.0,rqds
1996-01-27,24,734.6,880.0,rqds
1996-01-28,24,817.9,1010.0,rqds
1996-01-29,24,869.2,1120.0,rqds
1996-01-30,24,764.6,1010.0,rqds
1996-01-31,24,712.9,990.0,rqds
1996-02-01,24,674.6,970.0,rqds
1996-02-02,24,785.0,1100.0,rqds
1996-02-03,24,880.4,1190.0,rqds
1996-02-04,24,865.4,1170.0,rqds
1996-02-05,24,827.5,1100.0,rqds
1996-02-06,24,854.2,1110.0,rqds
1996-02-07,24,949.2,1150.0,rqds
1996-02-08,24,1082.1,1240.0,rqds
1996-02-09,24,929.2,1040.0,rqds
1996-02-10,24,935.0,1070.0,rqds
1996-02-11,24,958.8,1110.0,rqds
1996-02-12,24,927.1,1170.0,rqds
1996-02-13,24,783.3,1030.0,rqds
1996-02-14,24,797.1,1100.0,rqds
1996-02-15,24,847.5,1180.0,rqds
1996-02-16,24,914.2,1270.0,rqds
1996-02-17,24,901.2,1240.0,rqds
1996-02-18,24,796.2,1080.0,rqds
1996-02-19,24,786.2,1000.0,rqds
1996-02-20,24,778.3,940.0,rqds
1996-02-21,24,850.4,950.0,rqds
1996-02-22,24,860.4,1000.0,rqds
1996-02-23,24,874.2,1000.0,rqds
1996-02-24,24,892.9,1080.0,rqds
1996-02-25,24,819.2,1030.0,rqds
1996-02-26,24,719.2,930.0,rqds
1996-02-27,24,645.8,850.0,rqds
1996-02-28,24,752.1,970.0,rqds
1996-02-29,24,880.4,1110.0,rqds
1996-03-01,24,908.3,1150.0,rqds
1996-03-02,24,904.6,1150.0,rqds
1996-03-03,24,940.4,1200.0,rqds
1996-03-04,24,836.2,1040.0,rqds
1996-03-05,24,671.2,850.0,rqds
1996-03-06,24,572.1,720.0,rqds
1996-03-07,24,617.1,750.0,rqds
1996-03-08,24,773.8,870.0,rqds
1996-03-09,24,847.9,1040.0,rqds
1996-03-10,24,615.0,940.0,rqds
1996-03-11,24,496.2,760.0,rqds
1996-03-12,24,467.9,730.0,rqds
1996-03-13,24,580.8,790.0,rqds
1996-03-14,24,733.8,990.0,rqds
1996-03-15,24,676.2,920.0,rqds
1996-03-16,24,687.1,950.0,rqds
1996-03-17,24,722.9,950.0,rqds
1996-03-18,24,679.2,840.0,rqds
1996-03-19,24,672.9,800.0,rqds
1996-03-20,24,772.9,890.0,rqds
1996-03-21,24,952.1,1100.0,rqds
1996-03-22,24,894.6,1180.0,rqds
1996-03-23,24,842.9,1070.0,rqds
1996-03-24,24,825.4,1100.0,rqds
1996-03-25,24,815.8,1050.0,rqds
1996-03-26,24,818.3,1030.0,rqds
1996-03-27,24,809.2,1000.0,rqds
1996-03-28,24,684.6,870.0,rqds
1996-03-29,24,635.8,810.0,rqds
1996-03-30,24,610.0,760.0,rqds
1996-03-31,24,637.1,800.0,rqds
1996-04-01,24,725.8,910.0,rqds
1996-04-02,24,814.6,960.0,rqds
1996-04-03,24,889.2,1010.0,rqds
1996-04-04,24,877.1,1110.0,rqds
1996-04-05,24,750.4,990.0,rqds
1996-04-06,24,667.5,960.0,rqds
1996-04-07,24,666.7,950.0,rqds
1996-04-08,24,781.2,1000.0,rqds
1996-04-09,24,923.8,1150.0,rqds
1996-04-10,24,1015.8,1250.0,rqds
1996-04-11,24,980.8,1190.0,rqds
1996-04-12,24,850.4,1010.0,rqds
1996-04-13,24,890.0,1030.0,rqds
1996-04-14,24,827.9,960.0,rqds
1996-04-15,24,815.0,930.0,rqds
1996-04-16,24,955.0,1070.0,rqds
1996-04-17,24,994.6,1180.0,rqds
1996-04-18,24,966.2,1230.0,rqds
1996-04-19,24,1070.8,1400.0,rqds
1996-04-20,24,869.6,1250.0,rqds
1996-04-21,24,786.2,1100.0,rqds
1996-04-22,24,694.6,1030.0,rqds
1996-04-23,24,687.9,930.0,rqds
1996-04-24,24,716.7,930.0,rqds
1996-04-25,24,735.8,930.0,rqds
1996-04-26,24,751.2,900.0,rqds
1996-04-27,24,725.8,870.0,rqds
1996-04-28,24,710.8,810.0,rqds
1996-04-29,24,803.3,940.0,rqds
1996-04-30,24,882.5,1000.0,rqds
1996-05-01,24,823.3,1000.0,rqds
1996-05-02,24,826.2,1060.0,rqds
1996-05-03,24,873.3,1140.0,rqds
1996-05-04,24,876.2,1250.0,rqds
1996-05-05,24,777.9,1110.0,rqds
1996-05-06,24,824.2,1160.0,rqds
1996-05-07,24,1006.2,1250.0,rqds
1996-05-08,24,1084.6,1430.0,rqds
1996-05-09,24,1017.5,1240.0,rqds
1996-05-10,24,795.0,1010.0,rqds
1996-05-11,24,720.8,820.0,rqds
1996-05-12,24,677.5,780.0,rqds
1996-05-13,24,675.0,860.0,rqds
1996-05-14,24,762.1,1030.0,rqds
1996-05-15,24,872.1,1110.0,rqds
1996-05-16,24,812.5,1150.0,rqds
1996-05-17,24,737.9,1080.0,rqds
1996-05-18,24,746.7,1070.0,rqds
1996-05-19,24,825.0,1090.0,rqds
1996-05-20,24,923.8,1240.0,rqds
1996-05-21,24,910.8,1200.0,rqds
1996-05-22,24,892.1,1170.0,rqds
1996-05-23,24,881.2,1100.0,rqds
1996-05-24,24,856.2,1040.0,rqds
1996-05-25,24,909.2,1030.0,rqds
1996-05-26,24,930.0,1030.0,rqds
1996-05-27,24,888.8,1000.0,rqds
1996-05-28,24,870.4,1050.0,rqds
1996-05-29,24,948.8,1230.0,rqds
1996-05-30,24,1133.8,1510.0,rqds
1996-05-31,24,1052.1,1490.0,rqds
1996-06-01,24,925.8,1330.0,rqds
1996-06-02,24,941.2,1350.0,rqds
1996-06-03,24,783.3,1220.0,rqds
1996-06-04,24,801.7,1150.0,rqds
1996-06-05,24,830.4,1140.0,rqds
1996-06-06,24,856.7,1090.0,rqds
1996-06-07,24,928.8,1070.0,rqds
1996-06-08,24,1045.8,1200.0,rqds
1996-06-09,24,1080.8,1240.0,rqds
1996-06-10,24,1027.1,1210.0,rqds
1996-06-11,24,1036.2,1260.0,rqds
1996-06-12,24,981.2,1280.0,rqds
1996-06-13,24,938.3,1240.0,rqds
1996-06-14,24,961.2,1300.0,rqds
1996-06-15,24,1080.4,1370.0,rqds
1996-06-16,24,958.8,1340.0,rqds
1996-06-17,24,1225.0,1400.0,rqds
1996-06-18,24,1255.0,1510.0,rqds
1996-06-19,24,1180.4,1500.0,rqds
1996-06-20,24,1252.1,1590.0,rqds
1996-06-21,24,1005.0,1380.0,rqds
1996-06-22,24,853.3,1020.0,rqds
1996-06-23,24,898.3,990.0,rqds
1996-06-24,24,940.8,1050.0,rqds
1996-06-25,24,985.0,1220.0,rqds
1996-06-26,24,1176.2,1550.0,rqds
1996-06-27,24,1206.2,1510.0,rqds
1996-06-28,24,951.7,1350.0,rqds
1996-06-29,24,1019.6,1380.0,rqds
1996-06-30,24,933.8,1460.0,rqds
1996-07-01,24,900.8,1250.0,rqds
1996-07-02,24,1055.8,1400.0,rqds
1996-07-03,24,901.7,1270.0,rqds
1996-07-04,24,848.3,1090.0,rqds
1996-07-05,24,898.3,1040.0,rqds
1996-07-06,24,958.3,1080.0,rqds
1996-07-07,24,977.1,1090.0,rqds
1996-07-08,24,808.3,960.0,rqds
1996-07-09,24,786.7,990.0,rqds
1996-07-10,24,804.6,1070.0,rqds
1996-07-11,24,880.0,1240.0,rqds
1996-07-12,24,929.2,1240.0,rqds
1996-07-13,24,860.4,1160.0,rqds
1996-07-14,24,995.0,1370.0,rqds
1996-07-15,24,1287.9,1600.0,rqds
1996-07-16,24,1410.0,1640.0,rqds
1996-07-17,24,1208.3,1590.0,rqds
1996-07-18,24,957.9,1390.0,rqds
1996-07-19,24,763.8,1010.0,rqds
1996-07-20,24,881.7,990.0,rqds
1996-07-21,24,995.4,1100.0,rqds
1996-07-22,24,972.1,1100.0,rqds
1996-07-23,24,1019.2,1300.0,rqds
1996-07-24,24,942.5,1200.0,rqds
1996-07-25,24,837.5,1090.0,rqds
1996-07-26,24,1006.7,1550.0,rqds
1996-07-27,24,1140.8,1560.0,rqds
1996-07-28,24,962.5,1330.0,rqds
1996-07-29,24,1144.6,1440.0,rqds
1996-07-30,24,1130.8,1540.0,rqds
1996-07-31,24,1014.6,1400.0,rqds
1996-08-01,24,915.4,1250.0,rqds
1996-08-02,24,861.2,1050.0,rqds
1996-08-03,24,819.6,940.0,rqds
1996-08-04,24,796.2,960.0,rqds
1996-08-05,24,688.3,850.0,rqds
1996-08-06,24,672.1,840.0,rqds
1996-08-07,24,650.0,850.0,rqds
1996-08-08,24,734.2,990.0,rqds
1996-08-09,24,879.2,1200.0,rqds
1996-08-10,24,940.8,1190.0,rqds
1996-08-11,24,862.9,1170.0,rqds
1996-08-12,24,960.4,1190.0,rqds
1996-08-13,24,776.7,1130.0,rqds
1996-08-14,24,754.6,1040.0,rqds
1996-08-15,24,759.2,990.0,rqds
1996-08-16,24,724.2,960.0,rqds
1996-08-17,24,673.3,850.0,rqds
1996-08-18,24,723.8,800.0,rqds
1996-08-19,24,959.2,1100.0,rqds
1996-08-20,24,997.1,1100.0,rqds
1996-08-21,24,847.9,1010.0,rqds
1996-08-22,24,857.5,1050.0,rqds
1996-08-23,24,930.8,1220.0,rqds
1996-08-24,24,804.2,1070.0,rqds
1996-08-25,24,798.3,1110.0,rqds
1996-08-26,24,805.8,1100.0,rqds
1996-08-27,24,804.2,1120.0,rqds
1996-08-28,24,778.3,1110.0,rqds
1996-08-29,24,805.0,1040.0,rqds
1996-08-30,24,864.6,1000.0,rqds
1996-08-31,24,786.7,880.0,rqds
1996-09-01,24,776.7,910.0,rqds
1996-09-02,24,866.7,1070.0,rqds
1996-09-03,24,766.7,960.0,rqds
1996-09-04,24,713.8,910.0,rqds
1996-09-05,24,855.8,1100.0,rqds
1996-09-06,24,818.8,990.0,rqds
1996-09-07,24,846.2,1020.0,rqds
1996-09-08,24,820.4,1040.0,rqds
1996-09-09,24,924.2,1320.0,rqds
1996-09-10,24,948.3,1390.0,rqds
1996-09-11,24,756.2,980.0,rqds
1996-09-12,24,711.2,910.0,rqds
1996-09-13,24,930.8,1150.0,rqds
1996-09-14,24,1121.2,1320.0,rqds
1996-09-15,24,1073.8,1210.0,rqds
1996-09-16,24,944.6,1110.0,rqds
1996-09-17,24,1005.0,1220.0,rqds
1996-09-18,24,852.5,1040.0,rqds
1996-09-19,24,729.6,910.0,rqds
1996-09-20,24,759.2,1000.0,rqds
1996-09-21,24,990.0,1200.0,rqds
1996-09-22,24,812.1,1040.0,rqds
1996-09-23,24,729.2,960.0,rqds
1996-09-24,24,756.2,960.0,rqds
1996-09-25,24,795.0,1000.0,rqds
1996-09-26,24,1019.6,1250.0,rqds
1996-09-27,24,864.6,1060.0,rqds
1996-09-28,24,744.2,930.0,rqds
1996-09-29,24,691.2,870.0,rqds
1996-09-30,24,697.9,920.0,rqds
1996-10-01,24,710.8,970.0,rqds
1996-10-02,24,715.8,940.0,rqds
1996-10-03,24,712.5,910.0,rqds
1996-10-04,24,682.5,820.0,rqds
1996-10-05,24,668.3,800.0,rqds
1996-10-06,24,687.1,830.0,rqds
1996-10-07,24,767.9,900.0,rqds
1996-10-08,24,800.8,910.0,rqds
1996-10-09,24,884.6,1020.0,rqds
1996-10-10,24,737.5,1010.0,rqds
1996-10-11,24,627.1,770.0,rqds
1996-10-12,24,624.6,790.0,rqds
1996-10-13,24,679.6,920.0,rqds
1996-10-14,24,727.1,970.0,rqds
1996-10-15,24,735.4,1010.0,rqds
1996-10-16,24,688.3,920.0,rqds
1996-10-17,24,632.1,870.0,rqds
1996-10-18,24,572.9,780.0,rqds
1996-10-19,24,603.3,830.0,rqds
1996-10-20,24,775.4,990.0,rqds
1996-10-21,24,956.7,1080.0,rqds
1996-10-22,24,1023.8,1200.0,rqds
1996-10-23,24,902.9,1150.0,rqds
1996-10-24,24,641.2,820.0,rqds
1996-10-25,24,612.1,830.0,rqds
1996-10-26,24,637.9,880.0,rqds
1996-10-27,24,681.2,960.0,rqds
1996-10-28,24,741.7,1040.0,rqds
1996-10-29,24,878.3,1210.0,rqds
1996-10-30,24,955.8,1240.0,rqds
1996-10-31,24,852.1,1100.0,rqds
1996-11-01,24,806.2,1000.0,rqds
1996-11-02,24,706.2,860.0,rqds
1996-11-03,24,641.7,770.0,rqds
1996-11-04,24,687.1,800.0,rqds
1996-11-05,24,789.2,890.0,rqds
1996-11-06,24,879.2,1040.0,rqds
1996-11-07,24,792.1,950.0,rqds
1996-11-08,24,633.8,850.0,rqds
1996-11-09,24,607.1,850.0,rqds
1996-11-10,24,682.1,970.0,rqds
1996-11-11,24,877.1,1220.0,rqds
1996-11-12,24,898.8,1220.0,rqds
1996-11-13,24,845.8,1200.0,rqds
1996-11-14,24,953.3,1290.0,rqds
1996-11-15,24,1045.4,1290.0,rqds
1996-11-16,24,805.4,1040.0,rqds
1996-11-17,24,727.5,890.0,rqds
1996-11-18,24,703.3,810.0,rqds
1996-11-19,24,712.9,850.0,rqds
1996-11-20,24,748.3,910.0,rqds
1996-11-21,24,809.2,1030.0,rqds
1996-11-22,24,821.2,1090.0,rqds
1996-11-23,24,779.2,1080.0,rqds
1996-11-24,24,715.0,1050.0,rqds
1996-11-25,24,722.9,1060.0,rqds
1996-11-26,24,702.5,1040.0,rqds
1996-11-27,24,678.3,990.0,rqds
1996-11-28,24,671.2,960.0,rqds
1996-11-29,24,800.8,1060.0,rqds
1996-11-30,24,960.0,1190.0,rqds
1996-12-01,24,953.3,1130.0,rqds
1996-12-02,24,858.8,1000.0,rqds
1996-12-03,24,821.2,950.0,rqds
1996-12-04,24,828.8,980.0,rqds
1996-12-05,24,739.6,920.0,rqds
1996-12-06,24,660.8,890.0,rqds
1996-12-07,24,671.7,960.0,rqds
1996-12-08,24,742.9,1080.0,rqds
1996-12-09,24,782.1,1150.0,rqds
1996-12-10,24,836.7,1230.0,rqds
1996-12-11,24,828.3,1210.0,rqds
1996-12-12,24,705.4,1060.0,rqds
1996-12-13,24,665.4,1000.0,rqds
1996-12-14,24,630.4,890.0,rqds
1996-12-15,24,622.9,840.0,rqds
1996-12-16,24,639.6,820.0,rqds
1996-12-17,24,704.2,860.0,rqds
1996-12-18,24,820.8,1010.0,rqds
1996-12-19,24,958.3,1210.0,rqds
1996-12-20,24,924.6,1230.0,rqds
1996-12-21,24,752.1,1080.0,rqds
1996-12-22,24,740.0,1090.0,rqds
1996-12-23,24,694.6,1060.0,rqds
1996-12-24,24,616.7,990.0,rqds
1996-12-25,24,592.5,960.0,rqds
1996-12-26,24,611.7,930.0,rqds
1996-12-27,24,610.8,910.0,rqds
1996-12-28,24,610.8,870.0,rqds
1996-12-29,24,558.8,780.0,rqds
1996-12-30,24,530.8,720.0,rqds
1996-12-31,24,550.0,680.0,rqds
1997-01-01,24,680.4,800.0,rqds
1997-01-02,24,866.7,990.0,rqds
1997-01-03,24,935.4,1140.0,rqds
1997-01-04,24,828.3,1100.0,rqds
1997-01-05,24,718.8,1030.0,rqds
1997-01-06,24,686.7,1050.0,rqds
1997-01-07,24,752.9,1150.0,rqds
1997-01-08,24,892.1,1300.0,rqds
1997-01-09,24,958.8,1360.0,rqds
1997-01-10,24,953.8,1320.0,rqds
1997-01-11,24,940.4,1230.0,rqds
1997-01-12,24,796.2,980.0,rqds
1997-01-13,24,708.3,840.0,rqds
1997-01-14,24,685.8,810.0,rqds
1997-01-15,24,700.4,840.0,rqds
1997-01-16,24,826.7,990.0,rqds
1997-01-17,24,932.9,1190.0,rqds
1997-01-18,24,830.0,1090.0,rqds
1997-01-19,24,824.2,1170.0,rqds
1997-01-20,24,717.1,1040.0,rqds
1997-01-21,24,643.8,1000.0,rqds
1997-01-22,24,655.8,1000.0,rqds
1997-01-23,24,762.1,1090.0,rqds
1997-01-24,24,906.7,1210.0,rqds
1997-01-25,24,825.0,1030.0,rqds
1997-01-26,24,733.8,970.0,rqds
1997-01-27,24,781.2,990.0,rqds
1997-01-28,24,982.9,1170.0,rqds
1997-01-29,24,900.0,1020.0,rqds
1997-01-30,24,767.9,880.0,rqds
1997-01-31,24,734.2,870.0,rqds
1997-02-01,24,767.1,950.0,rqds
1997-02-02,24,807.1,1010.0,rqds
1997-02-03,24,837.1,1130.0,rqds
1997-02-04,24,737.5,1070.0,rqds
1997-02-05,24,737.1,1100.0,rqds
1997-02-06,24,777.9,1170.0,rqds
1997-02-07,24,684.2,1020.0,rqds
1997-02-08,24,616.7,930.0,rqds
1997-02-09,24,629.2,830.0,rqds
1997-02-10,24,627.9,770.0,rqds
1997-02-11,24,720.0,790.0,rqds
1997-02-12,24,794.6,940.0,rqds
1997-02-13,24,785.8,990.0,rqds
1997-02-14,24,700.0,900.0,rqds
1997-02-15,24,707.1,900.0,rqds
1997-02-16,24,753.8,980.0,rqds
1997-02-17,24,712.1,950.0,rqds
1997-02-18,24,766.7,1020.0,rqds
1997-02-19,24,844.6,1090.0,rqds
1997-02-20,24,944.6,1210.0,rqds
1997-02-21,24,864.6,1110.0,rqds
1997-02-22,24,798.3,1050.0,rqds
1997-02-23,24,800.4,1020.0,rqds
1997-02-24,24,918.3,1120.0,rqds
1997-02-25,24,946.2,1070.0,rqds
1997-02-26,24,958.3,1070.0,rqds
1997-02-27,24,811.7,1040.0,rqds
1997-02-28,24,726.7,890.0,rqds
1997-03-01,24,759.6,960.0,rqds
1997-03-02,24,714.6,950.0,rqds
1997-03-03,24,649.2,890.0,rqds
1997-03-04,24,667.1,930.0,rqds
1997-03-05,24,719.6,1010.0,rqds
1997-03-06,24,646.7,960.0,rqds
1997-03-07,24,535.8,820.0,rqds
1997-03-08,24,543.3,780.0,rqds
1997-03-09,24,619.6,820.0,rqds
1997-03-10,24,577.5,770.0,rqds
1997-03-11,24,459.2,650.0,rqds
1997-03-12,24,407.1,620.0,rqds
1997-03-13,24,412.9,610.0,rqds
1997-03-14,24,558.8,710.0,rqds
1997-03-15,24,830.4,1010.0,rqds
1997-03-16,24,857.5,1070.0,rqds
1997-03-17,24,760.4,940.0,rqds
1997-03-18,24,742.5,910.0,rqds
1997-03-19,24,680.8,870.0,rqds
1997-03-20,24,631.2,810.0,rqds
1997-03-21,24,607.5,800.0,rqds
1997-03-22,24,581.2,760.0,rqds
1997-03-23,24,599.6,730.0,rqds
1997-03-24,24,653.3,760.0,rqds
1997-03-25,24,722.1,870.0,rqds
1997-03-26,24,678.3,900.0,rqds
1997-03-27,24,673.8,890.0,rqds
1997-03-28,24,622.5,850.0,rqds
1997-03-29,24,685.0,910.0,rqds
1997-03-30,24,780.0,1000.0,rqds
1997-03-31,24,783.3,1030.0,rqds
1997-04-01,24,660.4,900.0,rqds
1997-04-02,24,626.2,810.0,rqds
1997-04-03,24,757.9,960.0,rqds
1997-04-04,24,844.2,1040.0,rqds
1997-04-05,24,847.1,1030.0,rqds
1997-04-06,24,878.3,1010.0,rqds
1997-04-07,24,937.1,1110.0,rqds
1997-04-08,24,875.0,1160.0,rqds
1997-04-09,24,853.8,1120.0,rqds
1997-04-10,24,870.8,1130.0,rqds
1997-04-11,24,824.2,1150.0,rqds
1997-04-12,24,733.8,1020.0,rqds
1997-04-13,24,658.8,900.0,rqds
1997-04-14,24,704.2,890.0,rqds
1997-04-15,24,788.3,940.0,rqds
1997-04-16,24,797.9,940.0,rqds
1997-04-17,24,779.6,880.0,rqds
1997-04-18,24,753.8,840.0,rqds
1997-04-19,24,770.8,860.0,rqds
1997-04-20,24,790.0,940.0,rqds
1997-04-21,24,749.6,920.0,rqds
1997-04-22,24,736.7,970.0,rqds
1997-04-23,24,673.3,930.0,rqds
1997-04-24,24,685.8,960.0,rqds
1997-04-25,24,808.8,1050.0,rqds
1997-04-26,24,892.5,1190.0,rqds
1997-04-27,24,851.7,1130.0,rqds
1997-04-28,24,860.4,1110.0,rqds
1997-04-29,24,915.4,1140.0,rqds
1997-04-30,24,936.7,1160.0,rqds
1997-05-01,24,857.5,970.0,rqds
1997-05-02,24,861.2,940.0,rqds
1997-05-03,24,771.2,950.0,rqds
1997-05-04,24,724.2,900.0,rqds
1997-05-05,24,659.6,970.0,rqds
1997-05-06,24,555.8,850.0,rqds
1997-05-07,24,563.3,860.0,rqds
1997-05-08,24,655.0,950.0,rqds
1997-05-09,24,702.9,1000.0,rqds
1997-05-10,24,742.5,1060.0,rqds
1997-05-11,24,764.2,1030.0,rqds
1997-05-12,24,842.9,1070.0,rqds
1997-05-13,24,891.2,1090.0,rqds
1997-05-14,24,865.0,1010.0,rqds
1997-05-15,24,905.0,1030.0,rqds
1997-05-16,24,905.0,1010.0,rqds
1997-05-17,24,1026.2,1360.0,rqds
1997-05-18,24,1190.0,1380.0,rqds
1997-05-19,24,847.5,1240.0,rqds
1997-05-20,24,727.5,960.0,rqds
1997-05-21,24,780.4,1060.0,rqds
1997-05-22,24,934.6,1380.0,rqds
1997-05-23,24,957.5,1380.0,rqds
1997-05-24,24,938.8,1260.0,rqds
1997-05-25,24,790.8,1160.0,rqds
1997-05-26,24,774.2,1100.0,rqds
1997-05-27,24,744.6,1030.0,rqds
1997-05-28,24,729.6,930.0,rqds
1997-05-29,24,784.6,940.0,rqds
1997-05-30,24,1050.4,1210.0,rqds
1997-05-31,24,1044.2,1230.0,rqds
1997-06-01,24,998.3,1260.0,rqds
1997-06-02,24,1053.8,1330.0,rqds
1997-06-03,24,1039.2,1390.0,rqds
1997-06-04,24,978.8,1450.0,rqds
1997-06-05,24,834.6,1240.0,rqds
1997-06-06,24,810.4,1180.0,rqds
1997-06-07,24,852.9,1160.0,rqds
1997-06-08,24,890.4,1250.0,rqds
1997-06-09,24,737.9,1000.0,rqds
1997-06-10,24,812.1,1010.0,rqds
1997-06-11,24,755.0,980.0,rqds
1997-06-12,24,676.7,850.0,rqds
1997-06-13,24,652.9,740.0,rqds
1997-06-14,24,681.2,820.0,rqds
1997-06-15,24,756.2,970.0,rqds
1997-06-16,24,806.7,1020.0,rqds
1997-06-17,24,863.8,1160.0,rqds
1997-06-18,24,939.6,1210.0,rqds
1997-06-19,24,998.3,1300.0,rqds
1997-06-20,24,934.6,1360.0,rqds
1997-06-21,24,836.7,1230.0,rqds
1997-06-22,24,807.9,1200.0,rqds
1997-06-23,24,778.8,1140.0,rqds
1997-06-24,24,803.3,1060.0,rqds
1997-06-25,24,803.3,1040.0,rqds
1997-06-26,24,770.4,930.0,rqds
1997-06-27,24,780.0,880.0,rqds
1997-06-28,24,772.9,970.0,rqds
1997-06-29,24,803.8,1040.0,rqds
1997-06-30,24,819.2,1100.0,rqds
1997-07-01,24,824.6,1140.0,rqds
1997-07-02,24,960.4,1320.0,rqds
1997-07-03,24,1027.5,1390.0,rqds
1997-07-04,24,943.8,1300.0,rqds
1997-07-05,24,984.2,1300.0,rqds
1997-07-06,24,942.9,1310.0,rqds
1997-07-07,24,667.1,1030.0,rqds
1997-07-08,24,608.8,890.0,rqds
1997-07-09,24,525.4,730.0,rqds
1997-07-10,24,525.8,680.0,rqds
1997-07-11,24,604.2,730.0,rqds
1997-07-12,24,769.6,910.0,rqds
1997-07-13,24,712.1,920.0,rqds
1997-07-14,24,487.9,670.0,rqds
1997-07-15,24,447.9,720.0,rqds
1997-07-16,24,562.1,910.0,rqds
1997-07-17,24,663.8,980.0,rqds
1997-07-18,24,665.4,1020.0,rqds
1997-07-19,24,675.8,1040.0,rqds
1997-07-20,24,665.4,1080.0,rqds
1997-07-21,24,676.2,1010.0,rqds
1997-07-22,24,780.0,1020.0,rqds
1997-07-23,24,1010.0,1210.0,rqds
1997-07-24,24,1024.2,1280.0,rqds
1997-07-25,24,830.8,920.0,rqds
1997-07-26,24,858.8,1000.0,rqds
1997-07-27,24,735.0,890.0,rqds
1997-07-28,24,698.3,930.0,rqds
1997-07-29,24,667.9,940.0,rqds
1997-07-30,24,690.4,990.0,rqds
1997-07-31,24,687.1,970.0,rqds
1997-08-01,24,645.4,960.0,rqds
1997-08-02,24,694.6,970.0,rqds
1997-08-03,24,896.2,1180.0,rqds
1997-08-04,24,970.4,1250.0,rqds
1997-08-05,24,798.8,1100.0,rqds
1997-08-06,24,701.2,960.0,rqds
1997-08-07,24,714.6,850.0,rqds
1997-08-08,24,845.8,970.0,rqds
1997-08-09,24,857.9,970.0,rqds
1997-08-10,24,664.2,800.0,rqds
1997-08-11,24,568.8,710.0,rqds
1997-08-12,24,641.2,890.0,rqds
1997-08-13,24,770.0,1060.0,rqds
1997-08-14,24,927.9,1200.0,rqds
1997-08-15,24,750.4,1150.0,rqds
1997-08-16,24,586.2,950.0,rqds
1997-08-17,24,490.0,870.0,rqds
1997-08-18,24,485.0,830.0,rqds
1997-08-19,24,467.5,760.0,rqds
1997-08-20,24,480.8,670.0,rqds
1997-08-21,24,486.2,620.0,rqds
1997-08-22,24,464.6,560.0,rqds
1997-08-23,24,458.3,610.0,rqds
1997-08-24,24,447.9,600.0,rqds
1997-08-25,24,487.5,720.0,rqds
1997-08-26,24,743.8,1040.0,rqds
1997-08-27,24,771.2,1080.0,rqds
1997-08-28,24,740.8,1000.0,rqds
1997-08-29,24,652.9,900.0,rqds
1997-08-30,24,691.2,910.0,rqds
1997-08-31,24,728.8,960.0,rqds
1997-09-01,24,782.1,1040.0,rqds
1997-09-02,24,710.0,940.0,rqds
1997-09-03,24,678.8,870.0,rqds
1997-09-04,24,774.6,880.0,rqds
1997-09-05,24,1001.2,1150.0,rqds
1997-09-06,24,780.0,880.0,rqds
1997-09-07,24,651.2,800.0,rqds
1997-09-08,24,713.8,940.0,rqds
1997-09-09,24,670.8,840.0,rqds
1997-09-10,24,667.9,840.0,rqds
1997-09-11,24,638.3,810.0,rqds
1997-09-12,24,511.2,750.0,rqds
1997-09-13,24,429.6,680.0,rqds
1997-09-14,24,440.0,680.0,rqds
1997-09-15,24,510.8,740.0,rqds
1997-09-16,24,551.7,790.0,rqds
1997-09-17,24,589.2,770.0,rqds
1997-09-18,24,607.1,770.0,rqds
1997-09-19,24,593.3,760.0,rqds
1997-09-20,24,595.0,800.0,rqds
1997-09-21,24,590.8,820.0,rqds
1997-09-22,24,614.2,850.0,rqds
1997-09-23,24,657.9,870.0,rqds
1997-09-24,24,576.7,740.0,rqds
1997-09-25,24,621.7,790.0,rqds
1997-09-26,24,627.5,760.0,rqds
1997-09-27,24,609.2,760.0,rqds
1997-09-28,24,604.2,780.0,rqds
1997-09-29,24,617.5,760.0,rqds
1997-09-30,24,680.0,830.0,rqds
1997-10-01,24,598.3,720.0,rqds
1997-10-02,24,497.5,640.0,rqds
1997-10-03,24,487.1,650.0,rqds
1997-10-04,24,425.8,600.0,rqds
1997-10-05,24,494.6,750.0,rqds
1997-10-06,24,670.8,930.0,rqds
1997-10-07,24,738.3,980.0,rqds
1997-10-08,24,917.5,1220.0,rqds
1997-10-09,24,874.6,1160.0,rqds
1997-10-10,24,640.0,800.0,rqds
1997-10-11,24,526.2,700.0,rqds
1997-10-12,24,495.4,660.0,rqds
1997-10-13,24,437.5,630.0,rqds
1997-10-14,24,450.4,610.0,rqds
1997-10-15,24,446.7,660.0,rqds
1997-10-16,24,395.0,620.0,rqds
1997-10-17,24,362.5,620.0,rqds
1997-10-18,24,387.9,650.0,rqds
1997-10-19,24,462.9,760.0,rqds
1997-10-20,24,585.0,870.0,rqds
1997-10-21,24,649.2,890.0,rqds
1997-10-22,24,694.6,900.0,rqds
1997-10-23,24,660.0,800.0,rqds
1997-10-24,24,644.2,760.0,rqds
1997-10-25,24,643.3,720.0,rqds
1997-10-26,24,650.0,740.0,rqds
1997-10-27,24,606.2,720.0,rqds
1997-10-28,24,539.6,690.0,rqds
1997-10-29,24,376.7,550.0,rqds
1997-10-30,24,332.5,570.0,rqds
1997-10-31,24,371.2,610.0,rqds
1997-11-01,24,391.7,690.0,rqds
1997-11-02,24,459.2,740.0,rqds
1997-11-03,24,663.8,1000.0,rqds
1997-11-04,24,691.2,970.0,rqds
1997-11-05,24,543.8,760.0,rqds
1997-11-06,24,486.2,710.0,rqds
1997-11-07,24,493.3,690.0,rqds
1997-11-08,24,578.8,720.0,rqds
1997-11-09,24,625.8,740.0,rqds
1997-11-10,24,582.5,740.0,rqds
1997-11-11,24,567.1,800.0,rqds
1997-11-12,24,563.8,830.0,rqds
1997-11-13,24,550.8,880.0,rqds
1997-11-14,24,512.5,860.0,rqds
1997-11-15,24,432.9,780.0,rqds
1997-11-16,24,360.4,700.0,rqds
1997-11-17,24,347.5,660.0,rqds
1997-11-18,24,471.2,800.0,rqds
1997-11-19,24,593.3,870.0,rqds
1997-11-20,24,711.2,950.0,rqds
1997-11-21,24,764.6,930.0,rqds
1997-11-22,24,681.2,790.0,rqds
1997-11-23,24,689.6,800.0,rqds
1997-11-24,24,712.1,840.0,rqds
1997-11-25,24,725.4,900.0,rqds
1997-11-26,24,684.6,910.0,rqds
1997-11-27,24,675.0,970.0,rqds
1997-11-28,24,627.9,930.0,rqds
1997-11-29,24,607.5,950.0,rqds
1997-11-30,24,590.0,950.0,rqds
1997-12-01,24,542.9,900.0,rqds
1997-12-02,24,552.9,900.0,rqds
1997-12-03,24,575.8,880.0,rqds
1997-12-04,24,541.7,820.0,rqds
1997-12-05,24,454.6,650.0,rqds
1997-12-06,24,429.6,580.0,rqds
1997-12-07,24,439.2,560.0,rqds
1997-12-08,24,484.6,650.0,rqds
1997-12-09,24,600.0,820.0,rqds
1997-12-10,24,760.0,1060.0,rqds
1997-12-11,24,786.7,1130.0,rqds
1997-12-12,24,667.9,1040.0,rqds
1997-12-13,24,582.1,960.0,rqds
1997-12-14,24,629.2,1010.0,rqds
1997-12-15,24,731.7,1100.0,rqds
1997-12-16,24,583.8,860.0,rqds
1997-12-17,24,545.4,820.0,rqds
1997-12-18,24,525.4,790.0,rqds
1997-12-19,24,529.2,730.0,rqds
1997-12-20,24,500.0,640.0,rqds
1997-12-21,24,462.1,570.0,rqds
1997-12-22,24,556.7,700.0,rqds
1997-12-23,24,668.3,890.0,rqds
1997-12-24,24,561.7,790.0,rqds
1997-12-25,24,503.8,770.0,rqds
1997-12-26,24,670.8,1000.0,rqds
1997-12-27,24,693.8,1050.0,rqds
1997-12-28,24,617.9,1010.0,rqds
1997-12-29,24,604.2,970.0,rqds
1997-12-30,24,659.6,1040.0,rqds
1997-12-31,24,613.8,970.0,rqds
1998-01-01,24,442.9,730.0,rqds
1998-01-02,24,392.9,630.0,rqds
1998-01-03,24,416.7,580.0,rqds
1998-01-04,24,427.9,550.0,rqds
1998-01-05,24,476.2,630.0,rqds
1998-01-06,24,507.5,690.0,rqds
1998-01-07,24,592.1,830.0,rqds
1998-01-08,24,545.8,850.0,rqds
1998-01-09,24,511.7,860.0,rqds
1998-01-10,24,556.7,930.0,rqds
1998-01-11,24,560.8,940.0,rqds
1998-01-12,24,568.8,930.0,rqds
1998-01-13,24,566.2,910.0,rqds
1998-01-14,24,592.9,910.0,rqds
1998-01-15,24,614.2,860.0,rqds
1998-01-16,24,503.8,710.0,rqds
1998-01-17,24,429.6,590.0,rqds
1998-01-18,24,446.2,590.0,rqds
1998-01-19,24,476.2,570.0,rqds
1998-01-20,24,487.1,630.0,rqds
1998-01-21,24,409.2,610.0,rqds
1998-01-22,24,370.8,600.0,rqds
1998-01-23,24,362.1,640.0,rqds
1998-01-24,24,383.8,690.0,rqds
1998-01-25,24,472.9,820.0,rqds
1998-01-26,24,578.8,970.0,rqds
1998-01-27,24,570.4,960.0,rqds
1998-01-28,24,589.6,950.0,rqds
1998-01-29,24,616.7,950.0,rqds
1998-01-30,24,639.2,910.0,rqds
1998-01-31,24,608.8,770.0,rqds
1998-02-01,24,509.6,640.0,rqds
1998-02-02,24,434.6,580.0,rqds
1998-02-03,24,407.9,610.0,rqds
1998-02-04,24,337.9,580.0,rqds
1998-02-05,24,351.2,600.0,rqds
1998-02-06,23,347.4,630.0,rqds
1998-02-07,24,373.8,670.0,rqds
1998-02-08,24,483.8,780.0,rqds
1998-02-09,24,584.6,900.0,rqds
1998-02-10,24,578.3,860.0,rqds
1998-02-11,24,535.4,810.0,rqds
1998-02-12,24,535.4,780.0,rqds
1998-02-13,24,570.4,820.0,rqds
1998-02-14,24,600.0,780.0,rqds
1998-02-15,24,624.6,720.0,rqds
1998-02-16,24,692.5,780.0,rqds
1998-02-17,24,627.1,810.0,rqds
1998-02-18,24,558.8,730.0,rqds
1998-02-19,24,592.1,740.0,rqds
1998-02-20,24,645.8,830.0,rqds
1998-02-21,24,675.0,900.0,rqds
1998-02-22,24,664.6,920.0,rqds
1998-02-23,24,637.9,940.0,rqds
1998-02-24,24,614.2,960.0,rqds
1998-02-25,24,575.0,890.0,rqds
1998-02-26,24,495.0,760.0,rqds
1998-02-27,24,505.4,770.0,rqds
1998-02-28,24,655.4,850.0,rqds
1998-03-01,24,765.8,910.0,rqds
1998-03-02,24,706.2,900.0,rqds
1998-03-03,24,630.4,880.0,rqds
1998-03-04,24,585.8,840.0,rqds
1998-03-05,24,658.8,880.0,rqds
1998-03-06,24,750.8,950.0,rqds
1998-03-07,24,737.9,940.0,rqds
1998-03-08,24,741.7,970.0,rqds
1998-03-09,24,751.2,970.0,rqds
1998-03-10,24,919.6,1180.0,rqds
1998-03-11,24,782.1,990.0,rqds
1998-03-12,24,600.4,780.0,rqds
1998-03-13,24,559.6,720.0,rqds
1998-03-14,24,567.1,710.0,rqds
1998-03-15,24,594.6,700.0,rqds
1998-03-16,24,649.2,760.0,rqds
1998-03-17,24,732.5,890.0,rqds
1998-03-18,24,794.2,950.0,rqds
1998-03-19,24,814.2,1040.0,rqds
1998-03-20,24,837.1,1070.0,rqds
1998-03-21,24,749.2,950.0,rqds
1998-03-22,24,639.2,860.0,rqds
1998-03-23,24,581.7,800.0,rqds
1998-03-24,24,610.4,840.0,rqds
1998-03-25,24,738.8,970.0,rqds
1998-03-26,24,825.8,1070.0,rqds
1998-03-27,24,737.1,910.0,rqds
1998-03-28,24,686.7,840.0,rqds
1998-03-29,24,727.5,920.0,rqds
1998-03-30,24,765.8,1000.0,rqds
1998-03-31,24,770.4,1060.0,rqds
1998-04-01,24,794.6,1070.0,rqds
1998-04-02,24,806.7,1070.0,rqds
1998-04-03,24,835.8,1040.0,rqds
1998-04-04,24,829.2,1030.0,rqds
1998-04-05,24,779.6,940.0,rqds
1998-04-06,24,787.5,920.0,rqds
1998-04-07,24,751.2,890.0,rqds
1998-04-08,24,730.4,860.0,rqds
1998-04-09,24,852.9,990.0,rqds
1998-04-10,24,818.8,960.0,rqds
1998-04-11,24,741.2,910.0,rqds
1998-04-12,24,703.8,880.0,rqds
1998-04-13,24,748.3,900.0,rqds
1998-04-14,24,848.3,1050.0,rqds
1998-04-15,24,831.7,1130.0,rqds
1998-04-16,24,867.5,1130.0,rqds
1998-04-17,24,923.3,1160.0,rqds
1998-04-18,24,885.0,1150.0,rqds
1998-04-19,24,839.6,1080.0,rqds
1998-04-20,24,802.9,980.0,rqds
1998-04-21,24,822.5,970.0,rqds
1998-04-22,24,835.8,960.0,rqds
1998-04-23,24,815.8,960.0,rqds
1998-04-24,24,727.1,870.0,rqds
1998-04-25,24,845.4,990.0,rqds
1998-04-26,24,845.4,1110.0,rqds
1998-04-27,24,805.8,1130.0,rqds
1998-04-28,24,736.2,1080.0,rqds
1998-04-29,24,650.4,1030.0,rqds
1998-04-30,24,614.2,920.0,rqds
1998-05-01,24,663.8,900.0,rqds
1998-05-02,24,819.2,1020.0,rqds
1998-05-03,24,922.9,1080.0,rqds
1998-05-04,24,957.5,1100.0,rqds
1998-05-05,24,863.3,1010.0,rqds
1998-05-06,24,855.8,930.0,rqds
1998-05-07,24,869.6,1000.0,rqds
1998-05-08,24,984.2,1190.0,rqds
1998-05-09,24,978.8,1240.0,rqds
1998-05-10,24,916.7,1140.0,rqds
1998-05-11,24,887.5,1180.0,rqds
1998-05-12,24,881.2,1170.0,rqds
1998-05-13,24,861.7,1210.0,rqds
1998-05-14,24,785.0,1130.0,rqds
1998-05-15,24,777.9,1070.0,rqds
1998-05-16,24,889.2,1160.0,rqds
1998-05-17,24,1013.3,1270.0,rqds
1998-05-18,24,915.4,1170.0,rqds
1998-05-19,24,1005.8,1130.0,rqds
1998-05-20,24,1086.7,1240.0,rqds
1998-05-21,24,1052.5,1270.0,rqds
1998-05-22,24,862.5,1070.0,rqds
1998-05-23,24,882.5,1120.0,rqds
1998-05-24,24,882.9,1180.0,rqds
1998-05-25,24,1054.6,1440.0,rqds
1998-05-26,24,1030.0,1510.0,rqds
1998-05-27,24,1054.2,1370.0,rqds
1998-05-28,24,913.3,1360.0,rqds
1998-05-29,24,823.3,1140.0,rqds
1998-05-30,24,851.7,1110.0,rqds
1998-05-31,24,976.7,1170.0,rqds
1998-06-01,24,1039.2,1220.0,rqds
1998-06-02,24,995.8,1130.0,rqds
1998-06-03,24,1061.7,1300.0,rqds
1998-06-04,24,1172.1,1340.0,rqds
1998-06-05,24,942.1,1180.0,rqds
1998-06-06,24,951.2,1240.0,rqds
1998-06-07,24,1243.8,1570.0,rqds
1998-06-08,24,1162.9,1670.0,rqds
1998-06-09,24,1140.0,1400.0,rqds
1998-06-10,24,1076.2,1460.0,rqds
1998-06-11,24,778.8,1210.0,rqds
1998-06-12,24,754.2,1080.0,rqds
1998-06-13,24,748.3,1090.0,rqds
1998-06-14,24,727.1,1040.0,rqds
1998-06-15,24,820.4,1020.0,rqds
1998-06-16,24,1031.2,1170.0,rqds
1998-06-17,24,1071.2,1200.0,rqds
1998-06-18,24,915.4,1080.0,rqds
1998-06-19,24,753.8,940.0,rqds
1998-06-20,24,709.2,1000.0,rqds
1998-06-21,24,778.3,1150.0,rqds
1998-06-22,24,877.1,1220.0,rqds
1998-06-23,24,901.7,1270.0,rqds
1998-06-24,24,968.3,1340.0,rqds
1998-06-25,24,990.4,1380.0,rqds
1998-06-26,24,902.1,1420.0,rqds
1998-06-27,24,805.0,1150.0,rqds
1998-06-28,24,757.9,1010.0,rqds
1998-06-29,24,798.3,990.0,rqds
1998-06-30,24,892.9,1040.0,rqds
1998-07-01,24,1018.3,1160.0,rqds
1998-07-02,24,1115.8,1240.0,rqds
1998-07-03,24,1139.6,1370.0,rqds
1998-07-04,24,1010.4,1350.0,rqds
1998-07-05,24,877.1,1230.0,rqds
1998-07-06,24,722.9,1200.0,rqds
1998-07-07,24,660.4,960.0,rqds
1998-07-08,24,598.8,990.0,rqds
1998-07-09,24,644.2,990.0,rqds
1998-07-10,24,800.0,1100.0,rqds
1998-07-11,24,895.4,1220.0,rqds
1998-07-12,24,937.1,1240.0,rqds
1998-07-13,24,925.4,1210.0,rqds
1998-07-14,24,847.5,1080.0,rqds
1998-07-15,24,792.1,910.0,rqds
1998-07-16,24,786.2,960.0,rqds
1998-07-17,24,919.6,1200.0,rqds
1998-07-18,24,874.2,1100.0,rqds
1998-07-19,24,738.3,1020.0,rqds
1998-07-20,24,767.1,1150.0,rqds
1998-07-21,24,813.3,1170.0,rqds
1998-07-22,24,694.6,1100.0,rqds
1998-07-23,24,684.2,1020.0,rqds
1998-07-24,24,827.1,1100.0,rqds
1998-07-25,24,874.2,1220.0,rqds
1998-07-26,24,656.2,980.0,rqds
1998-07-27,24,602.1,810.0,rqds
1998-07-28,24,642.5,770.0,rqds
1998-07-29,24,715.4,780.0,rqds
1998-07-30,24,862.9,1050.0,rqds
1998-07-31,24,1035.8,1250.0,rqds
1998-08-01,24,890.8,1050.0,rqds
1998-08-02,24,876.2,1050.0,rqds
1998-08-03,24,818.8,1090.0,rqds
1998-08-04,24,936.7,1380.0,rqds
1998-08-05,24,954.6,1480.0,rqds
1998-08-06,24,811.2,1210.0,rqds
1998-08-07,24,745.4,1120.0,rqds
1998-08-08,24,738.3,1090.0,rqds
1998-08-09,24,798.3,1100.0,rqds
1998-08-10,24,871.2,1210.0,rqds
1998-08-11,24,780.8,960.0,rqds
1998-08-12,24,776.2,850.0,rqds
1998-08-13,24,727.5,820.0,rqds
1998-08-14,24,751.2,950.0,rqds
1998-08-15,24,904.6,1130.0,rqds
1998-08-16,24,832.1,1060.0,rqds
1998-08-17,24,867.1,1240.0,rqds
1998-08-18,24,852.1,1250.0,rqds
1998-08-19,24,678.3,990.0,rqds
1998-08-20,24,680.8,970.0,rqds
1998-08-21,24,618.3,930.0,rqds
1998-08-22,24,628.8,870.0,rqds
1998-08-23,24,759.6,930.0,rqds
1998-08-24,24,659.2,870.0,rqds
1998-08-25,24,714.6,800.0,rqds
1998-08-26,24,899.2,1000.0,rqds
1998-08-27,24,800.8,920.0,rqds
1998-08-28,24,784.2,970.0,rqds
1998-08-29,24,1039.6,1180.0,rqds
1998-08-30,24,869.2,1000.0,rqds
1998-08-31,24,957.1,1210.0,rqds
1998-09-01,24,1167.1,1590.0,rqds
1998-09-02,24,996.2,1400.0,rqds
1998-09-03,24,676.2,1170.0,rqds
1998-09-04,24,541.2,850.0,rqds
1998-09-05,24,528.3,810.0,rqds
1998-09-06,24,575.8,820.0,rqds
1998-09-07,24,744.6,930.0,rqds
1998-09-08,24,816.7,950.0,rqds
1998-09-09,24,867.1,1010.0,rqds
1998-09-10,24,769.2,910.0,rqds
1998-09-11,24,698.3,880.0,rqds
1998-09-12,24,706.7,880.0,rqds
1998-09-13,24,550.0,690.0,rqds
1998-09-14,24,476.7,660.0,rqds
1998-09-15,24,510.4,790.0,rqds
1998-09-16,24,722.9,970.0,rqds
1998-09-17,24,704.2,980.0,rqds
1998-09-18,24,698.8,880.0,rqds
1998-09-19,24,759.2,920.0,rqds
1998-09-20,24,910.0,1160.0,rqds
1998-09-21,24,890.0,1090.0,rqds
1998-09-22,24,673.3,850.0,rqds
1998-09-23,24,708.8,890.0,rqds
1998-09-24,24,889.2,1080.0,rqds
1998-09-25,24,823.8,1010.0,rqds
1998-09-26,24,919.6,1190.0,rqds
1998-09-27,24,1004.2,1230.0,rqds
1998-09-28,24,899.6,1040.0,rqds
1998-09-29,24,855.4,1070.0,rqds
1998-09-30,24,824.2,970.0,rqds
1998-10-01,24,792.9,940.0,rqds
1998-10-02,24,691.2,910.0,rqds
1998-10-03,24,706.2,890.0,rqds
1998-10-04,24,742.1,940.0,rqds
1998-10-05,24,674.6,870.0,rqds
1998-10-06,24,665.0,850.0,rqds
1998-10-07,24,640.8,840.0,rqds
1998-10-08,24,610.8,840.0,rqds
1998-10-09,24,685.4,950.0,rqds
1998-10-10,24,714.2,950.0,rqds
1998-10-11,24,713.3,950.0,rqds
1998-10-12,24,792.9,1030.0,rqds
1998-10-13,24,846.7,980.0,rqds
1998-10-14,24,771.2,910.0,rqds
1998-10-15,24,877.5,1150.0,rqds
1998-10-16,24,978.3,1120.0,rqds
1998-10-17,24,811.7,1010.0,rqds
1998-10-18,24,605.4,780.0,rqds
1998-10-19,24,453.8,600.0,rqds
1998-10-20,24,455.0,650.0,rqds
1998-10-21,24,553.3,770.0,rqds
1998-10-22,24,654.6,910.0,rqds
1998-10-23,24,653.8,900.0,rqds
1998-10-24,24,667.5,940.0,rqds
1998-10-25,24,692.5,930.0,rqds
1998-10-26,24,715.4,950.0,rqds
1998-10-27,24,758.3,970.0,rqds
1998-10-28,24,725.8,870.0,rqds
1998-10-29,24,631.7,750.0,rqds
1998-10-30,24,721.2,910.0,rqds
1998-10-31,24,803.8,940.0,rqds
1998-11-01,24,752.1,920.0,rqds
1998-11-02,24,680.0,900.0,rqds
1998-11-03,24,670.4,950.0,rqds
1998-11-04,24,726.7,1030.0,rqds
1998-11-05,24,770.8,1100.0,rqds
1998-11-06,24,654.6,990.0,rqds
1998-11-07,24,603.3,920.0,rqds
1998-11-08,24,546.7,830.0,rqds
1998-11-09,24,586.2,840.0,rqds
1998-11-10,24,708.3,920.0,rqds
1998-11-11,24,837.9,1020.0,rqds
1998-11-12,24,840.4,940.0,rqds
1998-11-13,24,812.1,970.0,rqds
1998-11-14,24,637.5,820.0,rqds
1998-11-15,24,647.5,830.0,rqds
1998-11-16,24,663.3,900.0,rqds
1998-11-17,24,749.2,1010.0,rqds
1998-11-18,24,817.9,1090.0,rqds
1998-11-19,24,789.6,1090.0,rqds
1998-11-20,24,833.3,1160.0,rqds
1998-11-21,24,945.4,1320.0,rqds
1998-11-22,24,871.7,1190.0,rqds
1998-11-23,24,802.1,1110.0,rqds
1998-11-24,24,784.2,1040.0,rqds
1998-11-25,24,717.9,910.0,rqds
1998-11-26,24,573.3,700.0,rqds
1998-11-27,24,546.7,650.0,rqds
1998-11-28,24,579.2,710.0,rqds
1998-11-29,24,642.5,850.0,rqds
1998-11-30,24,797.1,1040.0,rqds
1998-12-01,24,734.2,1050.0,rqds
1998-12-02,24,602.5,990.0,rqds
1998-12-03,24,536.2,950.0,rqds
1998-12-04,24,590.8,1000.0,rqds
1998-12-05,24,751.7,1170.0,rqds
1998-12-06,24,854.2,1210.0,rqds
1998-12-07,24,905.4,1190.0,rqds
1998-12-08,24,960.0,1190.0,rqds
1998-12-09,24,907.5,1090.0,rqds
1998-12-10,24,841.7,970.0,rqds
1998-12-11,24,707.9,840.0,rqds
1998-12-12,24,646.7,810.0,rqds
1998-12-13,24,685.4,880.0,rqds
1998-12-14,24,810.0,1060.0,rqds
1998-12-15,24,802.1,1090.0,rqds
1998-12-16,24,656.7,980.0,rqds
1998-12-17,24,652.5,1000.0,rqds
1998-12-18,24,653.8,1030.0,rqds
1998-12-19,24,532.1,900.0,rqds
1998-12-20,24,500.0,840.0,rqds
1998-12-21,24,560.8,900.0,rqds
1998-12-22,24,697.1,1010.0,rqds
1998-12-23,24,672.5,920.0,rqds
1998-12-24,24,675.8,900.0,rqds
1998-12-25,24,651.2,800.0,rqds
1998-12-26,24,629.2,760.0,rqds
1998-12-27,24,586.2,770.0,rqds
1998-12-28,24,580.0,830.0,rqds
1998-12-29,24,664.2,970.0,rqds
1998-12-30,24,810.4,1210.0,rqds
1998-12-31,24,839.6,1240.0,rqds
1999-01-01,24,734.2,1160.0,rqds
1999-01-02,24,682.2,1084.0,rqds
1999-01-03,24,653.3,1010.0,rqds
1999-01-04,24,585.5,877.0,rqds
1999-01-05,24,510.2,752.0,rqds
1999-01-06,24,516.1,717.0,rqds
1999-01-07,24,604.3,778.0,rqds
1999-01-08,24,782.6,928.0,rqds
1999-01-09,24,778.9,909.0,rqds
1999-01-10,24,680.2,841.0,rqds
1999-01-11,24,662.1,868.0,rqds
1999-01-12,24,623.8,855.0,rqds
1999-01-13,24,685.9,977.0,rqds
1999-01-14,24,659.5,976.0,rqds
1999-01-15,24,643.9,980.0,rqds
1999-01-16,24,667.2,1035.0,rqds
1999-01-17,24,649.6,1000.0,rqds
1999-01-18,24,687.0,1051.0,rqds
1999-01-19,24,737.9,1101.0,rqds
1999-01-20,24,858.5,1159.0,rqds
1999-01-21,24,843.4,1069.0,rqds
1999-01-22,24,856.0,1011.0,rqds
1999-01-23,24,849.1,962.0,rqds
1999-01-24,24,791.9,947.0,rqds
1999-01-25,24,788.1,994.0,rqds
1999-01-26,24,865.8,1148.0,rqds
1999-01-27,24,906.3,1219.0,rqds
1999-01-28,24,884.1,1256.0,rqds
1999-01-29,24,844.9,1233.0,rqds
1999-01-30,24,849.0,1215.0,rqds
1999-01-31,24,799.2,1163.0,rqds
1999-02-01,24,748.3,1065.0,rqds
1999-02-02,24,748.7,1044.0,rqds
1999-02-03,24,609.0,783.0,rqds
1999-02-04,24,556.5,692.0,rqds
1999-02-05,24,531.5,639.0,rqds
1999-02-06,24,606.2,716.0,rqds
1999-02-07,24,824.2,918.0,rqds
1999-02-08,24,1014.6,1137.0,rqds
1999-02-09,24,975.8,1210.0,rqds
1999-02-10,24,871.6,1071.0,rqds
1999-02-11,24,828.5,1088.0,rqds
1999-02-12,24,833.0,1118.0,rqds
1999-02-13,24,801.8,1135.0,rqds
1999-02-14,24,727.8,1064.0,rqds
1999-02-15,24,710.9,1051.0,rqds
1999-02-16,24,775.8,1109.0,rqds
1999-02-17,24,774.5,1034.0,rqds
1999-02-18,24,841.2,1043.0,rqds
1999-02-19,24,852.6,963.0,rqds
1999-02-20,24,799.9,945.0,rqds
1999-02-21,24,797.3,981.0,rqds
1999-02-22,24,740.3,948.0,rqds
1999-02-23,24,751.1,990.0,rqds
1999-02-24,24,838.9,1083.0,rqds
1999-02-25,24,880.2,1166.0,rqds
1999-02-26,24,900.2,1203.0,rqds
1999-02-27,24,918.8,1236.0,rqds
1999-02-28,24,893.4,1189.0,rqds
1999-03-01,24,839.2,1103.0,rqds
1999-03-02,24,769.4,995.0,rqds
1999-03-03,24,730.3,903.0,rqds
1999-03-04,24,756.2,900.0,rqds
1999-03-05,24,737.9,850.0,rqds
1999-03-06,24,739.8,854.0,rqds
1999-03-07,24,861.4,974.0,rqds
1999-03-08,24,881.4,1111.0,rqds
1999-03-09,24,796.6,996.0,rqds
1999-03-10,24,798.1,979.0,rqds
1999-03-11,24,910.0,1082.0,rqds
1999-03-12,24,1031.2,1230.0,rqds
1999-03-13,24,1062.3,1288.0,rqds
1999-03-14,24,1014.2,1279.0,rqds
1999-03-15,24,964.0,1239.0,rqds
1999-03-16,24,953.2,1221.0,rqds
1999-03-17,24,937.9,1151.0,rqds
1999-03-18,24,981.4,1152.0,rqds
1999-03-19,24,988.9,1135.0,rqds
1999-03-20,24,949.5,1194.0,rqds
1999-03-21,24,889.7,1108.0,rqds
1999-03-22,24,956.9,1186.0,rqds
1999-03-23,24,1051.7,1332.0,rqds
1999-03-24,24,1072.4,1298.0,rqds
1999-03-25,24,1019.6,1311.0,rqds
1999-03-26,24,721.0,943.0,rqds
1999-03-27,24,735.8,986.0,rqds
1999-03-28,24,840.3,1041.0,rqds
1999-03-29,24,888.4,1075.0,rqds
1999-03-30,24,867.1,1013.0,rqds
1999-03-31,24,849.5,982.0,rqds
1999-04-01,24,890.5,994.0,rqds
1999-04-02,24,981.2,1103.0,rqds
1999-04-03,24,1007.0,1210.0,rqds
1999-04-04,24,1022.0,1244.0,rqds
1999-04-05,24,1014.5,1255.0,rqds
1999-04-06,24,1044.6,1271.0,rqds
1999-04-07,24,1123.2,1341.0,rqds
1999-04-08,24,1098.0,1334.0,rqds
1999-04-09,24,1061.5,1263.0,rqds
1999-04-10,24,1101.0,1276.0,rqds
1999-04-11,24,1145.1,1342.0,rqds
1999-04-12,24,1092.8,1250.0,rqds
1999-04-13,24,1123.2,1305.0,rqds
1999-04-14,24,1152.7,1301.0,rqds
1999-04-15,24,1133.4,1328.0,rqds
1999-04-16,24,1115.5,1302.0,rqds
1999-04-17,24,1090.7,1392.0,rqds
1999-04-18,24,986.1,1303.0,rqds
1999-04-19,24,950.1,1314.0,rqds
1999-04-20,24,973.6,1288.0,rqds
1999-04-21,24,1037.9,1291.0,rqds
1999-04-22,24,1040.7,1308.0,rqds
1999-04-23,24,954.3,1163.0,rqds
1999-04-24,24,932.3,1090.0,rqds
1999-04-25,24,907.5,1010.0,rqds
1999-04-26,24,934.8,1024.0,rqds
1999-04-27,24,911.0,1043.0,rqds
1999-04-28,24,936.0,1051.0,rqds
1999-04-29,24,973.7,1132.0,rqds
1999-04-30,24,1066.1,1288.0,rqds
1999-05-01,24,1178.2,1408.0,rqds
1999-05-02,24,1104.6,1399.0,rqds
1999-05-03,24,1087.7,1346.0,rqds
1999-05-04,24,1129.5,1418.0,rqds
1999-05-05,24,1085.6,1437.0,rqds
1999-05-06,24,943.4,1253.0,rqds
1999-05-07,24,910.8,1132.0,rqds
1999-05-08,24,1007.8,1192.0,rqds
1999-05-09,24,1109.4,1281.0,rqds
1999-05-10,24,1030.7,1208.0,rqds
1999-05-11,24,984.3,1114.0,rqds
1999-05-12,24,1085.2,1291.0,rqds
1999-05-13,24,1219.2,1469.0,rqds
1999-05-14,24,1232.9,1543.0,rqds
1999-05-15,24,1156.8,1487.0,rqds
1999-05-16,24,1080.4,1504.0,rqds
1999-05-17,24,1034.5,1442.0,rqds
1999-05-18,24,1144.7,1463.0,rqds
1999-05-19,24,1240.3,1620.0,rqds
1999-05-20,24,1071.1,1420.0,rqds
1999-05-21,24,908.8,1234.0,rqds
1999-05-22,24,830.8,967.0,rqds
1999-05-23,24,912.1,1015.0,rqds
1999-05-24,24,1011.0,1160.0,rqds
1999-05-25,24,1044.6,1238.0,rqds
1999-05-26,24,1188.8,1441.0,rqds
1999-05-27,24,1388.9,1617.0,rqds
1999-05-28,24,1161.3,1591.0,rqds
1999-05-29,24,943.2,1310.0,rqds
1999-05-30,24,947.4,1229.0,rqds
1999-05-31,24,998.7,1294.0,rqds
1999-06-01,24,999.0,1305.0,rqds
1999-06-02,24,1111.8,1387.0,rqds
1999-06-03,24,990.9,1418.0,rqds
1999-06-04,24,907.2,1197.0,rqds
1999-06-05,24,920.9,1142.0,rqds
1999-06-06,24,976.2,1141.0,rqds
1999-06-07,24,1041.0,1141.0,rqds
1999-06-08,24,1018.5,1162.0,rqds
1999-06-09,24,976.0,1200.0,rqds
1999-06-10,24,1126.0,1424.0,rqds
1999-06-11,24,967.0,1427.0,rqds
1999-06-12,24,840.2,1196.0,rqds
1999-06-13,24,983.0,1313.0,rqds
1999-06-14,24,968.2,1443.0,rqds
1999-06-15,24,998.2,1332.0,rqds
1999-06-16,24,974.0,1342.0,rqds
1999-06-17,24,1155.3,1379.0,rqds
1999-06-18,24,1077.3,1375.0,rqds
1999-06-19,24,958.0,1186.0,rqds
1999-06-20,24,891.0,1008.0,rqds
1999-06-21,24,969.4,1120.0,rqds
1999-06-22,24,1093.0,1169.0,rqds
1999-06-23,24,924.2,1180.0,rqds
1999-06-24,24,951.0,1272.0,rqds
1999-06-25,24,1080.2,1302.0,rqds
1999-06-26,24,1070.2,1358.0,rqds
1999-06-27,24,1087.8,1406.0,rqds
1999-06-28,24,976.3,1495.0,rqds
1999-06-29,24,798.7,1200.0,rqds
1999-06-30,24,761.3,1086.0,rqds
1999-07-01,24,883.6,1154.0,rqds
1999-07-02,24,1075.6,1328.0,rqds
1999-07-03,24,1140.4,1399.0,rqds
1999-07-04,24,1180.0,1387.0,rqds
1999-07-05,24,1137.9,1257.0,rqds
1999-07-06,24,1016.1,1176.0,rqds
1999-07-07,24,924.3,1060.0,rqds
1999-07-08,24,885.6,1140.0,rqds
1999-07-09,24,904.0,1203.0,rqds
1999-07-10,24,891.3,1235.0,rqds
1999-07-11,24,901.0,1276.0,rqds
1999-07-12,24,1014.0,1361.0,rqds
1999-07-13,24,1192.4,1526.0,rqds
1999-07-14,24,990.6,1502.0,rqds
1999-07-15,24,1036.8,1220.0,rqds
1999-07-16,24,1017.2,1326.0,rqds
1999-07-17,24,841.3,1082.0,rqds
1999-07-18,24,772.5,944.0,rqds
1999-07-19,24,788.3,870.0,rqds
1999-07-20,24,828.9,911.0,rqds
1999-07-21,24,775.2,875.0,rqds
1999-07-22,24,785.6,1033.0,rqds
1999-07-23,24,851.0,1099.0,rqds
1999-07-24,24,886.0,1190.0,rqds
1999-07-25,24,1023.9,1300.0,rqds
1999-07-26,24,936.2,1340.0,rqds
1999-07-27,24,1019.6,1338.0,rqds
1999-07-28,24,922.0,1452.0,rqds
1999-07-29,24,802.2,1178.0,rqds
1999-07-30,24,755.7,1092.0,rqds
1999-07-31,24,798.7,1020.0,rqds
1999-08-01,24,851.8,1045.0,rqds
1999-08-02,24,843.0,1010.0,rqds
1999-08-03,24,780.8,838.0,rqds
1999-08-04,24,797.4,955.0,rqds
1999-08-05,24,961.1,1284.0,rqds
1999-08-06,24,878.4,1200.0,rqds
1999-08-07,24,744.3,1068.0,rqds
1999-08-08,24,750.0,1128.0,rqds
1999-08-09,24,877.7,1257.0,rqds
1999-08-10,24,934.0,1298.0,rqds
1999-08-11,24,655.1,1065.0,rqds
1999-08-12,24,588.9,913.0,rqds
1999-08-13,24,615.2,867.0,rqds
1999-08-14,24,773.5,900.0,rqds
1999-08-15,24,973.1,1067.0,rqds
1999-08-16,24,1070.8,1250.0,rqds
1999-08-17,24,1234.0,1324.0,rqds
1999-08-18,24,998.1,1197.0,rqds
1999-08-19,24,737.6,843.0,rqds
1999-08-20,24,690.3,843.0,rqds
1999-08-21,24,715.8,962.0,rqds
1999-08-22,24,813.9,1119.0,rqds
1999-08-23,24,956.3,1294.0,rqds
1999-08-24,24,945.2,1287.0,rqds
1999-08-25,24,836.4,1283.0,rqds
1999-08-26,24,847.8,1116.0,rqds
1999-08-27,24,895.4,1180.0,rqds
1999-08-28,24,919.0,1170.0,rqds
1999-08-29,24,886.4,1076.0,rqds
1999-08-30,24,776.2,889.0,rqds
1999-08-31,24,768.1,911.0,rqds
1999-09-01,24,793.2,1005.0,rqds
1999-09-02,24,1029.6,1334.0,rqds
1999-09-03,24,775.0,965.0,rqds
1999-09-04,24,598.5,827.0,rqds
1999-09-05,24,636.8,977.0,rqds
1999-09-06,24,717.5,1002.0,rqds
1999-09-07,24,714.2,1014.0,rqds
1999-09-08,24,727.1,982.0,rqds
1999-09-09,24,834.8,1026.0,rqds
1999-09-10,24,989.2,1139.0,rqds
1999-09-11,24,858.8,1072.0,rqds
1999-09-12,24,886.0,974.0,rqds
1999-09-13,24,1026.5,1136.0,rqds
1999-09-14,24,956.5,1119.0,rqds
1999-09-15,24,670.2,791.0,rqds
1999-09-16,24,597.5,770.0,rqds
1999-09-17,24,701.9,917.0,rqds
1999-09-18,24,773.3,921.0,rqds
1999-09-19,24,790.7,1014.0,rqds
1999-09-20,24,810.6,1017.0,rqds
1999-09-21,24,854.4,1082.0,rqds
1999-09-22,24,791.6,1056.0,rqds
1999-09-23,24,706.3,973.0,rqds
1999-09-24,24,686.6,901.0,rqds
1999-09-25,24,747.6,924.0,rqds
1999-09-26,24,933.2,1055.0,rqds
1999-09-27,24,867.3,1045.0,rqds
1999-09-28,24,742.2,930.0,rqds
1999-09-29,24,740.2,973.0,rqds
1999-09-30,24,704.9,897.0,rqds
1999-10-01,24,602.8,828.0,rqds
1999-10-02,24,645.8,883.0,rqds
1999-10-03,24,726.7,939.0,rqds
1999-10-04,24,793.2,1020.0,rqds
1999-10-05,24,872.2,1116.0,rqds
1999-10-06,24,989.2,1229.0,rqds
1999-10-07,24,1212.4,1483.0,rqds
1999-10-08,24,860.6,1116.0,rqds
1999-10-09,24,770.4,904.0,rqds
1999-10-10,24,762.8,920.0,rqds
1999-10-11,24,771.8,978.0,rqds
1999-10-12,24,793.7,1017.0,rqds
1999-10-13,24,1090.4,1462.0,rqds
1999-10-14,24,903.1,1136.0,rqds
1999-10-15,24,884.5,1140.0,rqds
1999-10-16,24,733.0,927.0,rqds
1999-10-17,24,651.9,814.0,rqds
1999-10-18,24,635.9,771.0,rqds
1999-10-19,24,635.9,773.0,rqds
1999-10-20,24,663.4,784.0,rqds
1999-10-21,24,695.6,852.0,rqds
1999-10-22,24,837.0,1020.0,rqds
1999-10-23,24,840.4,1031.0,rqds
1999-10-24,24,778.8,1029.0,rqds
1999-10-25,24,730.8,992.0,rqds
1999-10-26,24,688.3,963.0,rqds
1999-10-27,24,694.2,1004.0,rqds
1999-10-28,24,677.7,987.0,rqds
1999-10-29,24,682.6,958.0,rqds
1999-10-30,24,698.5,942.0,rqds
1999-10-31,24,703.8,894.0,rqds
1999-11-01,24,795.5,954.0,rqds
1999-11-02,24,826.6,921.0,rqds
1999-11-03,24,868.1,979.0,rqds
1999-11-04,24,886.8,1031.0,rqds
1999-11-05,24,759.4,914.0,rqds
1999-11-06,24,643.6,839.0,rqds
1999-11-07,24,579.5,807.0,rqds
1999-11-08,24,585.7,857.0,rqds
1999-11-09,24,613.7,896.0,rqds
1999-11-10,24,775.3,1099.0,rqds
1999-11-11,24,808.7,1103.0,rqds
1999-11-12,24,828.5,1123.0,rqds
1999-11-13,24,902.1,1192.0,rqds
1999-11-14,24,915.2,1139.0,rqds
1999-11-15,24,932.5,1110.0,rqds
1999-11-16,24,864.9,991.0,rqds
1999-11-17,24,778.7,880.0,rqds
1999-11-18,24,733.4,860.0,rqds
1999-11-19,24,658.9,838.0,rqds
1999-11-20,24,628.3,877.0,rqds
1999-11-21,24,642.4,955.0,rqds
1999-11-22,24,691.9,1038.0,rqds
1999-11-23,24,816.9,1198.0,rqds
1999-11-24,24,941.2,1327.0,rqds
1999-11-25,24,980.2,1376.0,rqds
1999-11-26,24,959.8,1321.0,rqds
1999-11-27,24,937.2,1236.0,rqds
1999-11-28,24,909.6,1167.0,rqds
1999-11-29,24,840.4,1012.0,rqds
1999-11-30,24,794.3,954.0,rqds
1999-12-01,24,780.5,920.0,rqds
1999-12-02,24,724.1,879.0,rqds
1999-12-03,24,694.5,879.0,rqds
1999-12-04,24,760.0,1026.0,rqds
1999-12-05,24,829.6,1120.0,rqds
1999-12-06,24,855.8,1172.0,rqds
1999-12-07,24,783.9,1104.0,rqds
1999-12-08,24,705.6,1044.0,rqds
1999-12-09,24,691.2,1048.0,rqds
1999-12-10,24,677.2,1017.0,rqds
1999-12-11,24,713.0,1037.0,rqds
1999-12-12,24,927.7,1260.0,rqds
1999-12-13,24,983.5,1207.0,rqds
1999-12-14,24,909.6,1081.0,rqds
1999-12-15,24,760.5,901.0,rqds
1999-12-16,24,767.4,905.0,rqds
1999-12-17,24,969.1,1138.0,rqds
1999-12-18,24,1077.9,1336.0,rqds
1999-12-19,24,967.6,1274.0,rqds
1999-12-20,24,1042.2,1411.0,rqds
1999-12-21,24,1034.6,1429.0,rqds
1999-12-22,24,1027.2,1472.0,rqds
1999-12-23,24,963.2,1382.0,rqds
1999-12-24,24,944.5,1339.0,rqds
1999-12-25,24,883.6,1235.0,rqds
1999-12-26,24,903.3,1202.0,rqds
1999-12-27,24,975.3,1203.0,rqds
1999-12-28,24,981.2,1133.0,rqds
1999-12-29,24,939.6,1065.0,rqds
1999-12-30,24,855.4,1020.0,rqds
1999-12-31,24,877.8,1066.0,rqds
2000-01-01,24,947.7,1206.0,rqds
2000-01-02,24,909.7,1210.0,rqds
2000-01-03,24,878.7,1228.0,rqds
2000-01-04,24,912.7,1274.0,rqds
2000-01-05,24,913.1,1282.0,rqds
2000-01-06,24,948.9,1340.0,rqds
2000-01-07,24,978.0,1329.0,rqds
2000-01-08,24,952.3,1277.0,rqds
2000-01-09,24,906.7,1204.0,rqds
2000-01-10,24,958.2,1248.0,rqds
2000-01-11,24,1025.1,1273.0,rqds
2000-01-12,24,958.0,1133.0,rqds
2000-01-13,24,924.3,1045.0,rqds
2000-01-14,24,896.0,1052.0,rqds
2000-01-15,24,876.4,1085.0,rqds
2000-01-16,24,881.2,1150.0,rqds
2000-01-17,24,828.2,1151.0,rqds
2000-01-18,24,790.7,1188.0,rqds
2000-01-19,24,719.2,1159.0,rqds
2000-01-20,24,712.3,1161.0,rqds
2000-01-21,24,814.0,1285.0,rqds
2000-01-22,24,885.8,1267.0,rqds
2000-01-23,24,902.2,1203.0,rqds
2000-01-24,24,819.5,1033.0,rqds
2000-01-25,24,790.0,950.0,rqds
2000-01-26,24,782.5,906.0,rqds
2000-01-27,24,829.7,938.0,rqds
2000-01-28,24,959.4,1114.0,rqds
2000-01-29,24,1006.5,1212.0,rqds
2000-01-30,24,1021.5,1245.0,rqds
2000-01-31,24,1036.7,1296.0,rqds
2000-02-01,24,945.9,1259.0,rqds
2000-02-02,24,927.8,1242.0,rqds
2000-02-03,24,919.2,1250.0,rqds
2000-02-04,24,817.9,1148.0,rqds
2000-02-05,24,786.4,1146.0,rqds
2000-02-06,24,886.2,1224.0,rqds
2000-02-07,24,1005.8,1273.0,rqds
2000-02-08,24,947.2,1138.0,rqds
2000-02-09,24,826.8,950.0,rqds
2000-02-10,24,694.0,820.0,rqds
2000-02-11,24,614.5,739.0,rqds
2000-02-12,24,728.6,879.0,rqds
2000-02-13,24,890.5,1136.0,rqds
2000-02-14,24,927.2,1226.0,rqds
2000-02-15,24,941.7,1272.0,rqds
2000-02-16,24,947.5,1298.0,rqds
2000-02-17,24,981.2,1372.0,rqds
2000-02-18,24,861.0,1204.0,rqds
2000-02-19,24,794.0,1115.0,rqds
2000-02-20,24,906.2,1203.0,rqds
2000-02-21,24,1043.3,1259.0,rqds
2000-02-22,24,896.5,1016.0,rqds
2000-02-23,24,822.7,908.0,rqds
2000-02-24,24,769.8,909.0,rqds
2000-02-25,24,624.2,825.0,rqds
2000-02-26,24,629.6,778.0,rqds
2000-02-27,24,811.6,969.0,rqds
2000-02-28,24,924.0,1128.0,rqds
2000-02-29,24,978.3,1211.0,rqds
2000-03-01,24,840.5,1103.0,rqds
2000-03-02,24,695.6,978.0,rqds
2000-03-03,24,664.5,945.0,rqds
2000-03-04,24,823.5,1118.0,rqds
2000-03-05,24,1001.6,1294.0,rqds
2000-03-06,24,1034.9,1252.0,rqds
2000-03-07,24,986.0,1190.0,rqds
2000-03-08,24,1016.7,1147.0,rqds
2000-03-09,24,914.0,1088.0,rqds
2000-03-10,24,819.3,1005.0,rqds
2000-03-11,24,885.2,1065.0,rqds
2000-03-12,24,824.5,1083.0,rqds
2000-03-13,24,730.5,992.0,rqds
2000-03-14,24,773.8,1025.0,rqds
2000-03-15,24,849.0,1115.0,rqds
2000-03-16,24,884.5,1213.0,rqds
2000-03-17,24,781.8,1053.0,rqds
2000-03-18,24,741.3,999.0,rqds
2000-03-19,24,873.6,1146.0,rqds
2000-03-20,24,1012.3,1190.0,rqds
2000-03-21,24,908.8,1131.0,rqds
2000-03-22,24,808.2,940.0,rqds
2000-03-23,24,882.3,1013.0,rqds
2000-03-24,24,1022.8,1202.0,rqds
2000-03-25,24,1057.3,1289.0,rqds
2000-03-26,24,988.2,1254.0,rqds
2000-03-27,24,895.0,1174.0,rqds
2000-03-28,24,807.5,1011.0,rqds
2000-03-29,24,823.8,1014.0,rqds
2000-03-30,24,861.5,1048.0,rqds
2000-03-31,24,908.5,1121.0,rqds
2000-04-01,24,975.5,1170.0,rqds
2000-04-02,24,985.5,1200.0,rqds
2000-04-03,24,847.8,996.0,rqds
2000-04-04,24,837.8,971.0,rqds
2000-04-05,24,957.7,1076.0,rqds
2000-04-06,24,1034.6,1213.0,rqds
2000-04-07,24,1087.0,1358.0,rqds
2000-04-08,24,995.7,1338.0,rqds
2000-04-09,24,992.8,1304.0,rqds
2000-04-10,24,1056.7,1310.0,rqds
2000-04-11,24,1072.9,1340.0,rqds
2000-04-12,24,1052.6,1269.0,rqds
2000-04-13,24,996.4,1191.0,rqds
2000-04-14,24,956.7,1154.0,rqds
2000-04-15,24,853.1,1015.0,rqds
2000-04-16,24,890.3,1025.0,rqds
2000-04-17,24,936.3,1036.0,rqds
2000-04-18,24,897.8,1100.0,rqds
2000-04-19,24,940.3,1096.0,rqds
2000-04-20,24,1012.6,1212.0,rqds
2000-04-21,24,1026.8,1303.0,rqds
2000-04-22,24,1029.2,1293.0,rqds
2000-04-23,24,1107.4,1372.0,rqds
2000-04-24,24,1204.2,1422.0,rqds
2000-04-25,24,1220.7,1572.0,rqds
2000-04-26,24,1339.5,1478.0,rqds
2000-04-27,24,1218.5,1456.0,rqds
2000-04-28,24,1115.3,1421.0,rqds
2000-04-29,24,911.2,1022.0,rqds
2000-04-30,24,915.2,1023.0,rqds
2000-05-01,24,888.1,1012.0,rqds
2000-05-02,24,883.4,1049.0,rqds
2000-05-03,24,876.8,1105.0,rqds
2000-05-04,24,904.0,1148.0,rqds
2000-05-05,24,930.5,1297.0,rqds
2000-05-06,24,981.6,1326.0,rqds
2000-05-07,24,1043.4,1419.0,rqds
2000-05-08,24,1066.9,1392.0,rqds
2000-05-09,24,1123.8,1415.0,rqds
2000-05-10,24,1157.5,1393.0,rqds
2000-05-11,24,987.0,1263.0,rqds
2000-05-12,24,834.5,971.0,rqds
2000-05-13,24,784.3,890.0,rqds
2000-05-14,24,794.8,907.0,rqds
2000-05-15,24,840.5,1027.0,rqds
2000-05-16,24,888.5,1110.0,rqds
2000-05-17,24,897.3,1148.0,rqds
2000-05-18,24,941.9,1205.0,rqds
2000-05-19,24,936.8,1255.0,rqds
2000-05-20,24,939.0,1251.0,rqds
2000-05-21,24,962.8,1281.0,rqds
2000-05-22,24,1022.5,1314.0,rqds
2000-05-23,24,1037.5,1318.0,rqds
2000-05-24,24,1015.5,1287.0,rqds
2000-05-25,24,925.8,1187.0,rqds
2000-05-26,24,875.5,1073.0,rqds
2000-05-27,24,908.5,1029.0,rqds
2000-05-28,24,1031.0,1211.0,rqds
2000-05-29,24,1134.1,1305.0,rqds
2000-05-30,24,1179.7,1501.0,rqds
2000-05-31,24,1169.7,1496.0,rqds
2000-06-01,24,951.8,1375.0,rqds
2000-06-02,24,852.7,1262.0,rqds
2000-06-03,24,874.7,1263.0,rqds
2000-06-04,24,909.1,1336.0,rqds
2000-06-05,24,945.9,1337.0,rqds
2000-06-06,24,962.5,1311.0,rqds
2000-06-07,24,975.5,1264.0,rqds
2000-06-08,24,983.4,1168.0,rqds
2000-06-09,24,1126.2,1243.0,rqds
2000-06-10,24,1178.9,1384.0,rqds
2000-06-11,24,1035.7,1208.0,rqds
2000-06-12,24,1069.3,1335.0,rqds
2000-06-13,24,1218.2,1501.0,rqds
2000-06-14,24,1167.1,1561.0,rqds
2000-06-15,24,955.1,1280.0,rqds
2000-06-16,24,884.1,1242.0,rqds
2000-06-17,24,915.1,1225.0,rqds
2000-06-18,24,1090.4,1338.0,rqds
2000-06-19,24,1013.6,1386.0,rqds
2000-06-20,24,985.6,1443.0,rqds
2000-06-21,24,913.0,1231.0,rqds
2000-06-22,24,936.6,1191.0,rqds
2000-06-23,24,923.8,1114.0,rqds
2000-06-24,24,1021.5,1162.0,rqds
2000-06-25,24,938.0,1150.0,rqds
2000-06-26,24,821.0,973.0,rqds
2000-06-27,24,777.5,992.0,rqds
2000-06-28,24,754.2,1077.0,rqds
2000-06-29,24,788.0,1218.0,rqds
2000-06-30,24,1022.2,1472.0,rqds
2000-07-01,24,1129.8,1548.0,rqds
2000-07-02,24,1003.3,1475.0,rqds
2000-07-03,24,1121.1,1462.0,rqds
2000-07-04,24,1117.3,1573.0,rqds
2000-07-05,24,927.5,1234.0,rqds
2000-07-06,24,985.9,1148.0,rqds
2000-07-07,24,877.1,1047.0,rqds
2000-07-08,24,919.1,1057.0,rqds
2000-07-09,24,1051.2,1343.0,rqds
2000-07-10,24,1156.3,1310.0,rqds
2000-07-11,24,907.8,1205.0,rqds
2000-07-12,24,1050.5,1494.0,rqds
2000-07-13,24,1048.0,1515.0,rqds
2000-07-14,24,1020.0,1386.0,rqds
2000-07-15,24,996.3,1328.0,rqds
2000-07-16,24,1111.5,1432.0,rqds
2000-07-17,24,1094.8,1492.0,rqds
2000-07-18,24,876.7,1310.0,rqds
2000-07-19,24,887.0,1227.0,rqds
2000-07-20,24,863.4,1130.0,rqds
2000-07-21,24,885.7,1086.0,rqds
2000-07-22,24,926.0,1109.0,rqds
2000-07-23,24,780.4,908.0,rqds
2000-07-24,24,668.0,814.0,rqds
2000-07-25,24,600.2,817.0,rqds
2000-07-26,24,687.2,1056.0,rqds
2000-07-27,24,891.3,1334.0,rqds
2000-07-28,24,849.3,1313.0,rqds
2000-07-29,24,780.5,1183.0,rqds
2000-07-30,24,851.8,1230.0,rqds
2000-07-31,24,857.9,1368.0,rqds
2000-08-01,24,910.2,1226.0,rqds
2000-08-02,24,784.0,1252.0,rqds
2000-08-03,24,725.5,945.0,rqds
2000-08-04,24,868.5,1003.0,rqds
2000-08-05,24,921.3,1035.0,rqds
2000-08-06,24,845.6,999.0,rqds
2000-08-07,24,742.2,878.0,rqds
2000-08-08,24,783.2,949.0,rqds
2000-08-09,24,652.2,848.0,rqds
2000-08-10,24,624.5,893.0,rqds
2000-08-11,24,740.7,1113.0,rqds
2000-08-12,24,909.7,1176.0,rqds
2000-08-13,24,843.0,1186.0,rqds
2000-08-14,24,900.3,1230.0,rqds
2000-08-15,24,1138.6,1368.0,rqds
2000-08-16,24,951.2,1376.0,rqds
2000-08-17,24,787.9,1067.0,rqds
2000-08-18,24,796.7,1002.0,rqds
2000-08-19,24,797.4,944.0,rqds
2000-08-20,24,652.5,843.0,rqds
2000-08-21,24,572.7,712.0,rqds
2000-08-22,24,631.2,832.0,rqds
2000-08-23,24,866.4,1148.0,rqds
2000-08-24,24,812.1,1107.0,rqds
2000-08-25,24,920.5,1216.0,rqds
2000-08-26,24,830.1,1203.0,rqds
2000-08-27,24,876.0,1236.0,rqds
2000-08-28,24,960.6,1308.0,rqds
2000-08-29,24,918.0,1310.0,rqds
2000-08-30,24,1000.2,1208.0,rqds
2000-08-31,24,881.1,1182.0,rqds
2000-09-01,24,852.5,940.0,rqds
2000-09-02,24,805.3,913.0,rqds
2000-09-03,24,805.0,934.0,rqds
2000-09-04,24,793.5,988.0,rqds
2000-09-05,24,1029.2,1377.0,rqds
2000-09-06,24,919.7,1070.0,rqds
2000-09-07,24,811.7,956.0,rqds
2000-09-08,24,717.5,932.0,rqds
2000-09-09,24,673.7,895.0,rqds
2000-09-10,24,621.0,876.0,rqds
2000-09-11,24,718.3,1029.0,rqds
2000-09-12,24,825.5,1089.0,rqds
2000-09-13,24,751.6,1008.0,rqds
2000-09-14,24,798.0,986.0,rqds
2000-09-15,24,767.8,1028.0,rqds
2000-09-16,24,624.6,752.0,rqds
2000-09-17,24,623.5,796.0,rqds
2000-09-18,24,659.4,873.0,rqds
2000-09-19,24,711.8,937.0,rqds
2000-09-20,24,708.5,945.0,rqds
2000-09-21,24,711.4,945.0,rqds
2000-09-22,24,746.2,1038.0,rqds
2000-09-23,24,784.9,1030.0,rqds
2000-09-24,24,739.9,998.0,rqds
2000-09-25,24,718.4,986.0,rqds
2000-09-26,24,804.0,1022.0,rqds
2000-09-27,24,889.4,1034.0,rqds
2000-09-28,24,806.6,1027.0,rqds
2000-09-29,24,757.2,908.0,rqds
2000-09-30,24,693.2,875.0,rqds
2000-10-01,24,683.6,915.0,rqds
2000-10-02,24,658.9,888.0,rqds
2000-10-03,24,722.0,959.0,rqds
2000-10-04,24,781.7,1014.0,rqds
2000-10-05,24,803.4,1001.0,rqds
2000-10-06,24,709.2,868.0,rqds
2000-10-07,24,666.9,786.0,rqds
2000-10-08,24,622.1,755.0,rqds
2000-10-09,24,591.8,776.0,rqds
2000-10-10,24,643.7,824.0,rqds
2000-10-11,24,688.0,832.0,rqds
2000-10-12,24,683.7,832.0,rqds
2000-10-13,24,648.5,818.0,rqds
2000-10-14,24,672.5,885.0,rqds
2000-10-15,24,728.2,994.0,rqds
2000-10-16,24,739.0,993.0,rqds
2000-10-17,24,689.8,978.0,rqds
2000-10-18,24,690.0,983.0,rqds
2000-10-19,24,791.8,1092.0,rqds
2000-10-20,24,824.2,1033.0,rqds
2000-10-21,24,822.8,990.0,rqds
2000-10-22,24,809.7,960.0,rqds
2000-10-23,24,806.2,944.0,rqds
2000-10-24,24,800.2,964.0,rqds
2000-10-25,24,669.2,833.0,rqds
2000-10-26,24,616.5,802.0,rqds
2000-10-27,24,683.6,918.0,rqds
2000-10-28,24,798.0,1075.0,rqds
2000-10-29,24,913.5,1257.0,rqds
2000-10-30,24,721.4,987.0,rqds
2000-10-31,24,731.9,1026.0,rqds
2000-11-01,24,796.6,1064.0,rqds
2000-11-02,24,753.9,991.0,rqds
2000-11-03,24,756.4,969.0,rqds
2000-11-04,24,744.9,923.0,rqds
2000-11-05,24,775.0,882.0,rqds
2000-11-06,24,766.1,889.0,rqds
2000-11-07,24,819.3,968.0,rqds
2000-11-08,24,799.3,961.0,rqds
2000-11-09,24,771.1,982.0,rqds
2000-11-10,24,712.2,957.0,rqds
2000-11-11,24,671.0,982.0,rqds
2000-11-12,24,677.9,1035.0,rqds
2000-11-13,24,738.0,1111.0,rqds
2000-11-14,24,799.7,1152.0,rqds
2000-11-15,24,881.5,1262.0,rqds
2000-11-16,24,957.3,1271.0,rqds
2000-11-17,24,818.1,1063.0,rqds
2000-11-18,24,673.0,850.0,rqds
2000-11-19,24,615.7,724.0,rqds
2000-11-20,24,607.7,756.0,rqds
2000-11-21,24,721.9,883.0,rqds
2000-11-22,24,893.5,1107.0,rqds
2000-11-23,24,914.2,1154.0,rqds
2000-11-24,24,845.1,1142.0,rqds
2000-11-25,24,858.1,1172.0,rqds
2000-11-26,24,890.4,1255.0,rqds
2000-11-27,24,826.4,1172.0,rqds
2000-11-28,24,743.2,1084.0,rqds
2000-11-29,24,649.8,951.0,rqds
2000-11-30,24,619.3,906.0,rqds
2000-12-01,24,565.5,804.0,rqds
2000-12-02,24,506.8,717.0,rqds
2000-12-03,24,518.1,681.0,rqds
2000-12-04,24,508.2,641.0,rqds
2000-12-05,24,591.4,728.0,rqds
2000-12-06,24,621.5,812.0,rqds
2000-12-07,24,630.2,892.0,rqds
2000-12-08,24,697.0,1001.0,rqds
2000-12-09,24,698.9,1050.0,rqds
2000-12-10,24,652.2,1058.0,rqds
2000-12-11,24,605.8,1037.0,rqds
2000-12-12,24,601.0,1040.0,rqds
2000-12-13,24,600.8,1026.0,rqds
2000-12-14,24,655.6,1025.0,rqds
2000-12-15,24,711.3,1027.0,rqds
2000-12-16,24,600.1,814.0,rqds
2000-12-17,24,577.3,734.0,rqds
2000-12-18,24,595.4,743.0,rqds
2000-12-19,24,567.1,718.0,rqds
2000-12-20,24,549.9,792.0,rqds
2000-12-21,24,516.6,803.0,rqds
2000-12-22,24,478.3,770.0,rqds
2000-12-23,24,487.5,826.0,rqds
2000-12-24,24,523.6,880.0,rqds
2000-12-25,24,681.9,1077.0,rqds
2000-12-26,24,818.0,1211.0,rqds
2000-12-27,24,931.3,1280.0,rqds
2000-12-28,24,955.5,1323.0,rqds
2000-12-29,24,800.7,1089.0,rqds
2000-12-30,24,743.2,997.0,rqds
2000-12-31,24,679.3,898.0,rqds
2001-01-01,24,633.0,774.0,rqds
2001-01-02,24,621.6,742.0,rqds
2001-01-03,24,627.4,786.0,rqds
2001-01-04,24,644.8,839.0,rqds
2001-01-05,24,696.8,977.0,rqds
2001-01-06,24,762.7,1101.0,rqds
2001-01-07,24,758.5,1160.0,rqds
2001-01-08,24,785.1,1232.0,rqds
2001-01-09,24,758.2,1211.0,rqds
2001-01-10,24,759.3,1203.0,rqds
2001-01-11,24,810.0,1215.0,rqds
2001-01-12,24,828.3,1156.0,rqds
2001-01-13,24,765.5,1014.0,rqds
2001-01-14,24,696.0,881.0,rqds
2001-01-15,24,756.2,899.0,rqds
2001-01-16,24,828.9,965.0,rqds
2001-01-17,24,908.6,1081.0,rqds
2001-01-18,24,961.4,1216.0,rqds
2001-01-19,24,867.4,1157.0,rqds
2001-01-20,24,873.7,1189.0,rqds
2001-01-21,24,929.9,1306.0,rqds
2001-01-22,24,897.5,1256.0,rqds
2001-01-23,24,867.0,1231.0,rqds
2001-01-24,24,741.8,1097.0,rqds
2001-01-25,24,676.5,1024.0,rqds
2001-01-26,24,631.0,913.0,rqds
2001-01-27,24,688.2,959.0,rqds
2001-01-28,24,767.7,1008.0,rqds
2001-01-29,24,824.9,991.0,rqds
2001-01-30,24,922.0,1051.0,rqds
2001-01-31,24,973.8,1150.0,rqds
2001-02-01,24,715.0,888.0,rqds
2001-02-02,24,641.3,865.0,rqds
2001-02-03,24,661.8,945.0,rqds
2001-02-04,24,777.1,1108.0,rqds
2001-02-05,24,924.6,1341.0,rqds
2001-02-06,24,949.5,1375.0,rqds
2001-02-07,24,837.3,1278.0,rqds
2001-02-08,24,728.6,1125.0,rqds
2001-02-09,24,706.0,1038.0,rqds
2001-02-10,24,829.7,1115.0,rqds
2001-02-11,24,861.0,974.0,rqds
2001-02-12,24,755.0,858.0,rqds
2001-02-13,24,729.0,872.0,rqds
2001-02-14,24,747.2,907.0,rqds
2001-02-15,24,877.0,1041.0,rqds
2001-02-16,24,1007.5,1215.0,rqds
2001-02-17,24,944.5,1220.0,rqds
2001-02-18,24,793.6,1028.0,rqds
2001-02-19,24,784.9,1072.0,rqds
2001-02-20,24,656.0,953.0,rqds
2001-02-21,24,679.6,990.0,rqds
2001-02-22,24,683.3,967.0,rqds
2001-02-23,24,723.0,1000.0,rqds
2001-02-24,24,774.6,1018.0,rqds
2001-02-25,24,715.8,882.0,rqds
2001-02-26,24,728.2,872.0,rqds
2001-02-27,24,789.7,889.0,rqds
2001-02-28,24,825.8,976.0,rqds
2001-03-01,24,804.5,982.0,rqds
2001-03-02,24,835.8,1065.0,rqds
2001-03-03,24,843.1,1077.0,rqds
2001-03-04,24,860.8,1128.0,rqds
2001-03-05,24,908.5,1205.0,rqds
2001-03-06,24,966.6,1297.0,rqds
2001-03-07,24,925.8,1273.0,rqds
2001-03-08,24,802.9,1135.0,rqds
2001-03-09,24,689.1,981.0,rqds
2001-03-10,24,657.8,885.0,rqds
2001-03-11,24,659.0,771.0,rqds
2001-03-12,24,719.2,819.0,rqds
2001-03-13,24,819.7,989.0,rqds
2001-03-14,24,906.8,1104.0,rqds
2001-03-15,24,852.3,1116.0,rqds
2001-03-16,24,824.8,1060.0,rqds
2001-03-17,24,830.2,1058.0,rqds
2001-03-18,24,791.4,1036.0,rqds
2001-03-19,24,649.2,895.0,rqds
2001-03-20,24,611.9,828.0,rqds
2001-03-21,24,689.7,911.0,rqds
2001-03-22,24,715.5,964.0,rqds
2001-03-23,24,615.0,811.0,rqds
2001-03-24,24,581.3,736.0,rqds
2001-03-25,24,653.9,801.0,rqds
2001-03-26,24,754.5,850.0,rqds
2001-03-27,24,887.0,1026.0,rqds
2001-03-28,24,907.7,1108.0,rqds
2001-03-29,24,923.8,1195.0,rqds
2001-03-30,24,842.7,1152.0,rqds
2001-03-31,24,776.1,1070.0,rqds
2001-04-01,24,894.6,1137.0,rqds
2001-04-02,24,914.8,1194.0,rqds
2001-04-03,24,827.4,1070.0,rqds
2001-04-04,24,853.2,1097.0,rqds
2001-04-05,24,878.8,1118.0,rqds
2001-04-06,24,828.2,1029.0,rqds
2001-04-07,24,756.1,900.0,rqds
2001-04-08,24,718.2,865.0,rqds
2001-04-09,24,796.8,967.0,rqds
2001-04-10,24,851.2,1096.0,rqds
2001-04-11,24,900.0,1136.0,rqds
2001-04-12,24,935.5,1220.0,rqds
2001-04-13,24,898.8,1207.0,rqds
2001-04-14,24,862.3,1118.0,rqds
2001-04-15,24,884.6,1104.0,rqds
2001-04-16,24,893.0,1093.0,rqds
2001-04-17,24,864.3,1026.0,rqds
2001-04-18,24,806.7,966.0,rqds
2001-04-19,24,737.1,873.0,rqds
2001-04-20,24,780.6,896.0,rqds
2001-04-21,24,937.0,1075.0,rqds
2001-04-22,24,1012.6,1194.0,rqds
2001-04-23,24,977.7,1183.0,rqds
2001-04-24,24,997.4,1282.0,rqds
2001-04-25,24,831.2,1207.0,rqds
2001-04-26,24,765.0,1099.0,rqds
2001-04-27,24,784.4,1141.0,rqds
2001-04-28,24,856.2,1156.0,rqds
2001-04-29,24,934.8,1232.0,rqds
2001-04-30,24,937.5,1199.0,rqds
2001-05-01,24,942.0,1148.0,rqds
2001-05-02,24,925.0,1097.0,rqds
2001-05-03,24,927.4,1052.0,rqds
2001-05-04,24,959.4,1058.0,rqds
2001-05-05,24,1025.2,1326.0,rqds
2001-05-06,24,1100.7,1446.0,rqds
2001-05-07,24,1033.2,1351.0,rqds
2001-05-08,24,918.5,1213.0,rqds
2001-05-09,24,1021.8,1310.0,rqds
2001-05-10,24,948.5,1360.0,rqds
2001-05-11,24,966.2,1245.0,rqds
2001-05-12,24,923.3,1312.0,rqds
2001-05-13,24,769.5,1107.0,rqds
2001-05-14,24,790.0,997.0,rqds
2001-05-15,24,827.3,1032.0,rqds
2001-05-16,24,837.3,970.0,rqds
2001-05-17,24,880.5,985.0,rqds
2001-05-18,24,930.3,1104.0,rqds
2001-05-19,24,1054.9,1286.0,rqds
2001-05-20,24,1045.8,1308.0,rqds
2001-05-21,24,980.4,1279.0,rqds
2001-05-22,24,949.2,1256.0,rqds
2001-05-23,24,984.9,1330.0,rqds
2001-05-24,24,965.0,1382.0,rqds
2001-05-25,24,926.9,1372.0,rqds
2001-05-26,24,840.5,1272.0,rqds
2001-05-27,24,864.5,1199.0,rqds
2001-05-28,24,960.2,1209.0,rqds
2001-05-29,24,1047.1,1277.0,rqds
2001-05-30,24,1110.0,1280.0,rqds
2001-05-31,24,1035.8,1170.0,rqds
2001-06-01,24,937.6,1097.0,rqds
2001-06-02,24,902.2,1140.0,rqds
2001-06-03,24,900.4,1159.0,rqds
2001-06-04,24,719.8,1107.0,rqds
2001-06-05,24,661.7,998.0,rqds
2001-06-06,24,674.7,1045.0,rqds
2001-06-07,24,802.7,1085.0,rqds
2001-06-08,24,896.0,1218.0,rqds
2001-06-09,24,984.2,1339.0,rqds
2001-06-10,24,1006.4,1307.0,rqds
2001-06-11,24,961.0,1262.0,rqds
2001-06-12,24,876.2,1136.0,rqds
2001-06-13,24,860.7,1015.0,rqds
2001-06-14,24,981.3,1097.0,rqds
2001-06-15,24,999.0,1134.0,rqds
2001-06-16,24,1032.3,1192.0,rqds
2001-06-17,24,930.6,1162.0,rqds
2001-06-18,24,848.7,1146.0,rqds
2001-06-19,24,780.3,1155.0,rqds
2001-06-20,24,764.1,1144.0,rqds
2001-06-21,24,897.0,1252.0,rqds
2001-06-22,24,946.2,1361.0,rqds
2001-06-23,24,959.3,1428.0,rqds
2001-06-24,24,954.2,1334.0,rqds
2001-06-25,24,934.6,1283.0,rqds
2001-06-26,24,956.3,1200.0,rqds
2001-06-27,24,981.3,1124.0,rqds
2001-06-28,24,1020.8,1101.0,rqds
2001-06-29,24,988.3,1128.0,rqds
2001-06-30,24,951.8,1177.0,rqds
2001-07-01,24,931.3,1188.0,rqds
2001-07-02,24,910.0,1290.0,rqds
2001-07-03,24,864.7,1311.0,rqds
2001-07-04,24,730.8,1127.0,rqds
2001-07-05,24,778.9,1123.0,rqds
2001-07-06,24,937.8,1236.0,rqds
2001-07-07,24,982.8,1324.0,rqds
2001-07-08,24,958.7,1381.0,rqds
2001-07-09,24,815.9,1143.0,rqds
2001-07-10,24,775.2,1001.0,rqds
2001-07-11,24,857.0,1008.0,rqds
2001-07-12,24,771.3,934.0,rqds
2001-07-13,24,798.5,915.0,rqds
2001-07-14,24,791.7,902.0,rqds
2001-07-15,24,697.2,889.0,rqds
2001-07-16,24,723.7,1047.0,rqds
2001-07-17,24,780.4,1145.0,rqds
2001-07-18,24,830.1,1270.0,rqds
2001-07-19,24,906.2,1310.0,rqds
2001-07-20,24,949.4,1380.0,rqds
2001-07-21,24,838.8,1353.0,rqds
2001-07-22,24,724.0,1204.0,rqds
2001-07-23,24,695.2,1018.0,rqds
2001-07-24,24,771.1,968.0,rqds
2001-07-25,24,876.6,1020.0,rqds
2001-07-26,24,877.1,1006.0,rqds
2001-07-27,24,1004.3,1149.0,rqds
2001-07-28,24,958.5,1155.0,rqds
2001-07-29,24,1048.2,1336.0,rqds
2001-07-30,24,906.2,1303.0,rqds
2001-07-31,24,636.7,966.0,rqds
2001-08-01,24,629.6,992.0,rqds
2001-08-02,24,802.8,1193.0,rqds
2001-08-03,24,884.3,1209.0,rqds
2001-08-04,24,749.8,1125.0,rqds
2001-08-05,24,864.6,1133.0,rqds
2001-08-06,24,814.4,1260.0,rqds
2001-08-07,24,757.3,976.0,rqds
2001-08-08,24,875.3,1025.0,rqds
2001-08-09,24,799.4,974.0,rqds
2001-08-10,24,819.8,924.0,rqds
2001-08-11,24,823.2,937.0,rqds
2001-08-12,24,845.4,1044.0,rqds
2001-08-13,24,864.3,1088.0,rqds
2001-08-14,24,816.5,1074.0,rqds
2001-08-15,24,653.6,963.0,rqds
2001-08-16,24,500.0,892.0,rqds
2001-08-17,24,470.8,877.0,rqds
2001-08-18,24,511.8,909.0,rqds
2001-08-19,24,585.9,968.0,rqds
2001-08-20,24,605.9,930.0,rqds
2001-08-21,24,666.9,882.0,rqds
2001-08-22,24,746.1,844.0,rqds
2001-08-23,24,851.8,958.0,rqds
2001-08-24,24,686.4,777.0,rqds
2001-08-25,24,601.2,769.0,rqds
2001-08-26,24,621.2,808.0,rqds
2001-08-27,24,645.5,877.0,rqds
2001-08-28,24,687.9,1004.0,rqds
2001-08-29,24,728.5,999.0,rqds
2001-08-30,24,641.5,913.0,rqds
2001-08-31,24,649.9,907.0,rqds
2001-09-01,24,666.5,930.0,rqds
2001-09-02,24,690.7,972.0,rqds
2001-09-03,24,745.4,960.0,rqds
2001-09-04,24,811.3,980.0,rqds
2001-09-05,24,906.5,1055.0,rqds
2001-09-06,24,781.2,1052.0,rqds
2001-09-07,24,719.6,863.0,rqds
2001-09-08,24,836.0,1083.0,rqds
2001-09-09,24,763.4,887.0,rqds
2001-09-10,24,644.8,848.0,rqds
2001-09-11,24,691.1,947.0,rqds
2001-09-12,24,683.3,905.0,rqds
2001-09-13,24,623.1,961.0,rqds
2001-09-14,24,667.1,1035.0,rqds
2001-09-15,24,650.5,1024.0,rqds
2001-09-16,24,642.1,953.0,rqds
2001-09-17,24,707.4,994.0,rqds
2001-09-18,24,682.9,922.0,rqds
2001-09-19,24,639.5,765.0,rqds
2001-09-20,24,749.7,928.0,rqds
2001-09-21,24,854.1,1106.0,rqds
2001-09-22,24,881.9,1103.0,rqds
2001-09-23,24,717.8,919.0,rqds
2001-09-24,24,655.3,866.0,rqds
2001-09-25,24,659.8,856.0,rqds
2001-09-26,24,743.5,950.0,rqds
2001-09-27,24,797.0,1059.0,rqds
2001-09-28,24,986.6,1195.0,rqds
2001-09-29,24,867.4,1179.0,rqds
2001-09-30,24,641.0,876.0,rqds
2001-10-01,24,658.7,794.0,rqds
2001-10-02,24,677.9,877.0,rqds
2001-10-03,24,604.2,763.0,rqds
2001-10-04,24,580.4,781.0,rqds
2001-10-05,24,569.6,804.0,rqds
2001-10-06,24,634.4,915.0,rqds
2001-10-07,24,731.5,1017.0,rqds
2001-10-08,24,770.7,1051.0,rqds
2001-10-09,24,656.2,887.0,rqds
2001-10-10,24,648.7,897.0,rqds
2001-10-11,24,669.5,867.0,rqds
2001-10-12,24,601.1,828.0,rqds
2001-10-13,24,615.9,834.0,rqds
2001-10-14,24,619.8,842.0,rqds
2001-10-15,24,544.2,782.0,rqds
2001-10-16,24,522.4,670.0,rqds
2001-10-17,24,568.1,777.0,rqds
2001-10-18,24,641.1,925.0,rqds
2001-10-19,24,807.6,1125.0,rqds
2001-10-20,24,914.1,1255.0,rqds
2001-10-21,24,842.3,1119.0,rqds
2001-10-22,24,653.9,902.0,rqds
2001-10-23,24,596.5,821.0,rqds
2001-10-24,24,571.3,760.0,rqds
2001-10-25,24,618.5,776.0,rqds
2001-10-26,24,610.3,689.0,rqds
2001-10-27,24,565.5,652.0,rqds
2001-10-28,24,530.1,645.0,rqds
2001-10-29,24,497.2,649.0,rqds
2001-10-30,24,557.5,758.0,rqds
2001-10-31,24,625.2,873.0,rqds
2001-11-01,24,668.8,943.0,rqds
2001-11-02,24,700.9,1014.0,rqds
2001-11-03,24,699.8,1027.0,rqds
2001-11-04,24,620.4,952.0,rqds
2001-11-05,24,594.5,911.0,rqds
2001-11-06,24,561.9,850.0,rqds
2001-11-07,24,530.7,785.0,rqds
2001-11-08,24,505.0,697.0,rqds
2001-11-09,24,541.8,686.0,rqds
2001-11-10,24,633.7,771.0,rqds
2001-11-11,24,721.0,845.0,rqds
2001-11-12,24,775.5,965.0,rqds
2001-11-13,24,894.3,1137.0,rqds
2001-11-14,24,941.9,1226.0,rqds
2001-11-15,24,913.2,1237.0,rqds
2001-11-16,24,775.5,1104.0,rqds
2001-11-17,24,698.5,1045.0,rqds
2001-11-18,24,710.1,1056.0,rqds
2001-11-19,24,744.8,1084.0,rqds
2001-11-20,24,732.6,1016.0,rqds
2001-11-21,24,640.4,854.0,rqds
2001-11-22,24,561.7,735.0,rqds
2001-11-23,24,567.0,716.0,rqds
2001-11-24,24,553.0,680.0,rqds
2001-11-25,24,536.0,684.0,rqds
2001-11-26,24,581.5,765.0,rqds
2001-11-27,24,657.9,905.0,rqds
2001-11-28,24,699.1,991.0,rqds
2001-11-29,24,780.4,1138.0,rqds
2001-11-30,24,809.2,1199.0,rqds
2001-12-01,24,792.4,1197.0,rqds
2001-12-02,24,769.9,1188.0,rqds
2001-12-03,24,850.7,1255.0,rqds
2001-12-04,24,857.0,1225.0,rqds
2001-12-05,24,763.2,1068.0,rqds
2001-12-06,24,697.6,947.0,rqds
2001-12-07,24,659.1,821.0,rqds
2001-12-08,24,564.3,693.0,rqds
2001-12-09,24,506.5,705.0,rqds
2001-12-10,24,540.2,785.0,rqds
2001-12-11,24,633.2,929.0,rqds
2001-12-12,24,725.2,1069.0,rqds
2001-12-13,24,723.6,1104.0,rqds
2001-12-14,24,739.7,1136.0,rqds
2001-12-15,24,787.4,1183.0,rqds
2001-12-16,24,774.0,1160.0,rqds
2001-12-17,24,754.8,1129.0,rqds
2001-12-18,24,736.9,1093.0,rqds
2001-12-19,24,688.8,962.0,rqds
2001-12-20,24,682.9,910.0,rqds
2001-12-21,24,646.9,811.0,rqds
2001-12-22,24,607.5,736.0,rqds
2001-12-23,24,591.3,731.0,rqds
2001-12-24,24,574.0,750.0,rqds
2001-12-25,24,584.0,816.0,rqds
2001-12-26,24,632.0,907.0,rqds
2001-12-27,24,631.8,989.0,rqds
2001-12-28,24,645.5,1036.0,rqds
2001-12-29,24,630.3,1064.0,rqds
2001-12-30,24,593.9,1041.0,rqds
2001-12-31,24,571.7,986.0,rqds
2002-01-01,24,540.3,948.0,rqds
2002-01-02,24,559.9,917.0,rqds
2002-01-03,24,634.7,907.0,rqds
2002-01-04,24,657.2,858.0,rqds
2002-01-05,24,544.3,676.0,rqds
2002-01-06,24,518.2,660.0,rqds
2002-01-07,24,595.0,786.0,rqds
2002-01-08,24,672.2,919.0,rqds
2002-01-09,24,743.3,1070.0,rqds
2002-01-10,24,639.8,1014.0,rqds
2002-01-11,24,586.5,955.0,rqds
2002-01-12,24,601.0,973.0,rqds
2002-01-13,24,607.9,999.0,rqds
2002-01-14,24,633.2,963.0,rqds
2002-01-15,24,686.2,1016.0,rqds
2002-01-16,24,744.0,1011.0,rqds
2002-01-17,24,792.8,1045.0,rqds
2002-01-18,24,754.7,953.0,rqds
2002-01-19,24,671.2,793.0,rqds
2002-01-20,24,625.0,709.0,rqds
2002-01-21,24,689.8,803.0,rqds
2002-01-22,24,784.0,940.0,rqds
2002-01-23,24,837.1,1085.0,rqds
2002-01-24,24,780.4,1094.0,rqds
2002-01-25,24,688.6,1054.0,rqds
2002-01-26,24,623.9,1038.0,rqds
2002-01-27,24,620.9,1079.0,rqds
2002-01-28,24,723.0,1172.0,rqds
2002-01-29,24,813.9,1241.0,rqds
2002-01-30,24,824.0,1224.0,rqds
2002-01-31,24,806.2,1085.0,rqds
2002-02-01,24,671.5,853.0,rqds
2002-02-02,24,619.2,713.0,rqds
2002-02-03,24,679.1,798.0,rqds
2002-02-04,24,818.4,988.0,rqds
2002-02-05,24,831.4,1058.0,rqds
2002-02-06,24,791.8,1064.0,rqds
2002-02-07,24,750.5,1065.0,rqds
2002-02-08,24,734.2,1075.0,rqds
2002-02-09,24,773.8,1120.0,rqds
2002-02-10,24,804.8,1151.0,rqds
2002-02-11,24,843.8,1172.0,rqds
2002-02-12,24,818.5,1119.0,rqds
2002-02-13,24,711.9,977.0,rqds
2002-02-14,24,681.8,897.0,rqds
2002-02-15,24,595.8,761.0,rqds
2002-02-16,24,540.9,641.0,rqds
2002-02-17,24,547.8,652.0,rqds
2002-02-18,24,544.5,677.0,rqds
2002-02-19,24,484.8,671.0,rqds
2002-02-20,24,471.7,697.0,rqds
2002-02-21,24,470.0,713.0,rqds
2002-02-22,24,579.5,865.0,rqds
2002-02-23,24,683.5,1011.0,rqds
2002-02-24,24,735.4,1109.0,rqds
2002-02-25,24,604.8,992.0,rqds
2002-02-26,24,538.2,927.0,rqds
2002-02-27,24,488.0,830.0,rqds
2002-02-28,24,490.6,768.0,rqds
2002-03-01,24,633.0,829.0,rqds
2002-03-02,24,747.8,821.0,rqds
2002-03-03,24,797.3,958.0,rqds
2002-03-04,24,768.9,990.0,rqds
2002-03-05,24,689.2,948.0,rqds
2002-03-06,24,672.0,915.0,rqds
2002-03-07,24,732.4,946.0,rqds
2002-03-08,24,866.1,1107.0,rqds
2002-03-09,24,846.4,1109.0,rqds
2002-03-10,24,719.2,991.0,rqds
2002-03-11,24,674.7,927.0,rqds
2002-03-12,24,728.2,960.0,rqds
2002-03-13,24,764.0,968.0,rqds
2002-03-14,24,792.5,991.0,rqds
2002-03-15,24,797.0,939.0,rqds
2002-03-16,24,803.2,935.0,rqds
2002-03-17,24,767.1,985.0,rqds
2002-03-18,24,727.0,955.0,rqds
2002-03-19,24,731.9,962.0,rqds
2002-03-20,24,739.6,1018.0,rqds
2002-03-21,24,794.6,1026.0,rqds
2002-03-22,24,805.9,1097.0,rqds
2002-03-23,24,690.3,965.0,rqds
2002-03-24,24,607.2,906.0,rqds
2002-03-25,24,565.1,844.0,rqds
2002-03-26,24,625.8,944.0,rqds
2002-03-27,24,735.3,1026.0,rqds
2002-03-28,24,831.4,1061.0,rqds
2002-03-29,24,927.4,1081.0,rqds
2002-03-30,24,958.6,1167.0,rqds
2002-03-31,24,854.2,1127.0,rqds
2002-04-01,24,745.2,1078.0,rqds
2002-04-02,24,605.3,954.0,rqds
2002-04-03,24,539.2,820.0,rqds
2002-04-04,24,627.2,856.0,rqds
2002-04-05,24,733.2,953.0,rqds
2002-04-06,24,834.2,999.0,rqds
2002-04-07,24,862.6,1014.0,rqds
2002-04-08,24,826.9,1016.0,rqds
2002-04-09,24,734.5,894.0,rqds
2002-04-10,24,723.7,873.0,rqds
2002-04-11,24,652.7,811.0,rqds
2002-04-12,24,612.4,765.0,rqds
2002-04-13,24,722.6,903.0,rqds
2002-04-14,24,864.4,1085.0,rqds
2002-04-15,24,877.4,1134.0,rqds
2002-04-16,24,1052.0,1310.0,rqds
2002-04-17,24,920.2,1334.0,rqds
2002-04-18,24,701.0,1067.0,rqds
2002-04-19,24,691.1,999.0,rqds
2002-04-20,24,762.2,1029.0,rqds
2002-04-21,24,821.3,1042.0,rqds
2002-04-22,24,866.6,1116.0,rqds
2002-04-23,24,760.8,949.0,rqds
2002-04-24,24,759.4,916.0,rqds
2002-04-25,24,802.5,948.0,rqds
2002-04-26,24,748.5,928.0,rqds
2002-04-27,24,775.5,1034.0,rqds
2002-04-28,24,747.4,1069.0,rqds
2002-04-29,24,753.5,1072.0,rqds
2002-04-30,24,826.8,1176.0,rqds
2002-05-01,24,907.2,1247.0,rqds
2002-05-02,24,1007.2,1305.0,rqds
2002-05-03,24,972.2,1279.0,rqds
2002-05-04,24,913.7,1129.0,rqds
2002-05-05,24,1033.4,1307.0,rqds
2002-05-06,24,1174.2,1391.0,rqds
2002-05-07,24,1109.5,1200.0,rqds
2002-05-08,24,1014.5,1178.0,rqds
2002-05-09,24,994.2,1194.0,rqds
2002-05-10,24,1160.5,1341.0,rqds
2002-05-11,24,965.3,1406.0,rqds
2002-05-12,24,804.1,1129.0,rqds
2002-05-13,24,881.6,1197.0,rqds
2002-05-14,24,864.0,1263.0,rqds
2002-05-15,24,789.5,1175.0,rqds
2002-05-16,24,771.4,1147.0,rqds
2002-05-17,24,697.6,1090.0,rqds
2002-05-18,24,661.4,938.0,rqds
2002-05-19,24,795.1,1009.0,rqds
2002-05-20,24,844.4,1062.0,rqds
2002-05-21,24,821.5,933.0,rqds
2002-05-22,24,844.5,994.0,rqds
2002-05-23,24,919.5,1038.0,rqds
2002-05-24,24,810.9,1094.0,rqds
2002-05-25,24,794.7,1093.0,rqds
2002-05-26,24,843.2,1190.0,rqds
2002-05-27,24,760.8,1200.0,rqds
2002-05-28,24,688.0,1126.0,rqds
2002-05-29,24,630.8,1039.0,rqds
2002-05-30,24,670.6,985.0,rqds
2002-05-31,24,786.8,1057.0,rqds
2002-06-01,24,896.2,1088.0,rqds
2002-06-02,24,982.7,1100.0,rqds
2002-06-03,24,1121.8,1263.0,rqds
2002-06-04,24,1076.9,1179.0,rqds
2002-06-05,24,974.7,1180.0,rqds
2002-06-06,24,811.0,1029.0,rqds
2002-06-07,24,703.8,934.0,rqds
2002-06-08,24,665.8,953.0,rqds
2002-06-09,24,752.8,1118.0,rqds
2002-06-10,24,897.4,1233.0,rqds
2002-06-11,24,862.4,1319.0,rqds
2002-06-12,24,993.0,1385.0,rqds
2002-06-13,24,1074.9,1469.0,rqds
2002-06-14,24,931.2,1444.0,rqds
2002-06-15,24,733.1,1068.0,rqds
2002-06-16,24,775.4,1036.0,rqds
2002-06-17,24,911.5,1067.0,rqds
2002-06-18,24,922.0,1151.0,rqds
2002-06-19,24,719.3,893.0,rqds
2002-06-20,24,667.8,900.0,rqds
2002-06-21,24,714.1,1052.0,rqds
2002-06-22,24,718.6,1050.0,rqds
2002-06-23,24,753.7,1117.0,rqds
2002-06-24,24,765.0,1197.0,rqds
2002-06-25,24,849.3,1191.0,rqds
2002-06-26,24,787.5,1284.0,rqds
2002-06-27,24,790.2,1111.0,rqds
2002-06-28,24,939.2,1210.0,rqds
2002-06-29,24,838.5,1119.0,rqds
2002-06-30,24,997.4,1119.0,rqds
2002-07-01,24,894.4,1143.0,rqds
2002-07-02,24,747.5,903.0,rqds
2002-07-03,24,819.3,1040.0,rqds
2002-07-04,24,839.1,997.0,rqds
2002-07-05,24,720.5,1001.0,rqds
2002-07-06,24,916.6,1249.0,rqds
2002-07-07,24,926.3,1242.0,rqds
2002-07-08,24,814.0,1247.0,rqds
2002-07-09,24,880.8,1346.0,rqds
2002-07-10,24,1013.7,1491.0,rqds
2002-07-11,24,1033.8,1384.0,rqds
2002-07-12,24,755.3,1294.0,rqds
2002-07-13,24,745.2,1056.0,rqds
2002-07-14,24,793.2,1109.0,rqds
2002-07-15,24,721.3,925.0,rqds
2002-07-16,24,729.8,848.0,rqds
2002-07-17,24,916.2,1133.0,rqds
2002-07-18,24,930.8,1088.0,rqds
2002-07-19,24,852.8,1135.0,rqds
2002-07-20,24,938.6,1341.0,rqds
2002-07-21,24,1015.4,1343.0,rqds
2002-07-22,24,912.7,1352.0,rqds
2002-07-23,24,896.2,1327.0,rqds
2002-07-24,24,930.3,1476.0,rqds
2002-07-25,24,834.3,1218.0,rqds
2002-07-26,24,838.6,1210.0,rqds
2002-07-27,24,624.4,959.0,rqds
2002-07-28,24,649.2,828.0,rqds
2002-07-29,24,787.8,894.0,rqds
2002-07-30,24,808.6,940.0,rqds
2002-07-31,24,831.7,988.0,rqds
2002-08-01,24,761.2,917.0,rqds
2002-08-02,24,745.1,978.0,rqds
2002-08-03,24,868.3,1258.0,rqds
2002-08-04,24,887.2,1270.0,rqds
2002-08-05,24,707.5,1061.0,rqds
2002-08-06,24,687.8,1077.0,rqds
2002-08-07,24,722.8,1079.0,rqds
2002-08-08,24,879.7,1199.0,rqds
2002-08-09,24,878.4,1337.0,rqds
2002-08-10,24,676.0,1134.0,rqds
2002-08-11,24,553.5,831.0,rqds
2002-08-12,24,572.8,719.0,rqds
2002-08-13,24,639.8,722.0,rqds
2002-08-14,24,736.2,938.0,rqds
2002-08-15,24,486.6,661.0,rqds
2002-08-16,24,449.4,682.0,rqds
2002-08-17,24,491.8,824.0,rqds
2002-08-18,24,614.4,960.0,rqds
2002-08-19,24,660.5,990.0,rqds
2002-08-20,24,673.8,998.0,rqds
2002-08-21,24,700.9,1031.0,rqds
2002-08-22,24,722.6,1045.0,rqds
2002-08-23,24,723.0,1021.0,rqds
2002-08-24,24,862.9,1012.0,rqds
2002-08-25,24,835.6,1035.0,rqds
2002-08-26,24,804.6,1031.0,rqds
2002-08-27,24,650.6,752.0,rqds
2002-08-28,24,690.1,839.0,rqds
2002-08-29,24,751.4,891.0,rqds
2002-08-30,24,801.9,1038.0,rqds
2002-08-31,24,984.4,1319.0,rqds
2002-09-01,24,983.9,1255.0,rqds
2002-09-02,24,771.9,1035.0,rqds
2002-09-03,24,627.6,946.0,rqds
2002-09-04,24,634.4,974.0,rqds
2002-09-05,24,576.5,958.0,rqds
2002-09-06,24,540.7,929.0,rqds
2002-09-07,24,540.9,884.0,rqds
2002-09-08,24,525.2,776.0,rqds
2002-09-09,24,521.2,658.0,rqds
2002-09-10,24,570.1,725.0,rqds
2002-09-11,24,619.4,814.0,rqds
2002-09-12,24,711.7,965.0,rqds
2002-09-13,24,786.1,1071.0,rqds
2002-09-14,24,935.0,1080.0,rqds
2002-09-15,24,524.5,707.0,rqds
2002-09-16,24,433.2,654.0,rqds
2002-09-17,24,425.6,703.0,rqds
2002-09-18,24,540.6,823.0,rqds
2002-09-19,24,648.7,848.0,rqds
2002-09-20,24,661.4,845.0,rqds
2002-09-21,24,704.4,857.0,rqds
2002-09-22,24,726.1,898.0,rqds
2002-09-23,24,651.3,786.0,rqds
2002-09-24,24,578.7,727.0,rqds
2002-09-25,24,578.5,808.0,rqds
2002-09-26,24,520.0,737.0,rqds
2002-09-27,24,469.7,690.0,rqds
2002-09-28,24,484.2,727.0,rqds
2002-09-29,24,546.0,802.0,rqds
2002-09-30,24,510.9,662.0,rqds
2002-10-01,24,387.6,605.0,rqds
2002-10-02,24,391.9,643.0,rqds
2002-10-03,24,462.9,802.0,rqds
2002-10-04,24,693.9,1021.0,rqds
2002-10-05,24,939.3,1172.0,rqds
2002-10-06,24,682.6,900.0,rqds
2002-10-07,24,557.2,736.0,rqds
2002-10-08,24,551.2,796.0,rqds
2002-10-09,24,530.8,801.0,rqds
2002-10-10,24,520.3,819.0,rqds
2002-10-11,24,515.5,808.0,rqds
2002-10-12,24,522.9,779.0,rqds
2002-10-13,24,547.4,791.0,rqds
2002-10-14,24,587.6,764.0,rqds
2002-10-15,24,652.4,806.0,rqds
2002-10-16,24,720.0,932.0,rqds
2002-10-17,24,825.7,966.0,rqds
2002-10-18,24,662.2,812.0,rqds
2002-10-19,24,652.0,826.0,rqds
2002-10-20,24,624.5,811.0,rqds
2002-10-21,24,642.0,863.0,rqds
2002-10-22,24,699.9,982.0,rqds
2002-10-23,24,719.2,1018.0,rqds
2002-10-24,24,640.1,959.0,rqds
2002-10-25,24,618.4,916.0,rqds
2002-10-26,24,702.0,1023.0,rqds
2002-10-27,24,853.2,1203.0,rqds
2002-10-28,24,687.9,903.0,rqds
2002-10-29,24,577.5,776.0,rqds
2002-10-30,24,597.6,810.0,rqds
2002-10-31,24,722.0,994.0,rqds
2002-11-01,24,593.0,819.0,rqds
2002-11-02,24,531.1,697.0,rqds
2002-11-03,24,499.8,698.0,rqds
2002-11-04,24,507.6,795.0,rqds
2002-11-05,24,537.1,883.0,rqds
2002-11-06,24,528.0,893.0,rqds
2002-11-07,24,532.6,931.0,rqds
2002-11-08,24,496.0,860.0,rqds
2002-11-09,24,572.5,914.0,rqds
2002-11-10,24,617.0,853.0,rqds
2002-11-11,24,589.7,780.0,rqds
2002-11-12,24,518.8,686.0,rqds
2002-11-13,24,499.8,606.0,rqds
2002-11-14,24,618.2,739.0,rqds
2002-11-15,24,701.0,872.0,rqds
2002-11-16,24,606.4,816.0,rqds
2002-11-17,24,548.0,797.0,rqds
2002-11-18,24,467.9,753.0,rqds
2002-11-19,24,478.2,825.0,rqds
2002-11-20,24,536.6,897.0,rqds
2002-11-21,24,650.8,1032.0,rqds
2002-11-22,24,737.3,1133.0,rqds
2002-11-23,24,607.5,945.0,rqds
2002-11-24,24,576.1,905.0,rqds
2002-11-25,24,525.4,827.0,rqds
2002-11-26,24,521.9,758.0,rqds
2002-11-27,24,542.9,715.0,rqds
2002-11-28,24,465.8,565.0,rqds
2002-11-29,24,493.4,627.0,rqds
2002-11-30,24,552.1,768.0,rqds
2002-12-01,24,477.0,766.0,rqds
2002-12-02,24,455.4,826.0,rqds
2002-12-03,24,415.1,815.0,rqds
2002-12-04,24,444.4,880.0,rqds
2002-12-05,24,558.1,977.0,rqds
2002-12-06,24,697.2,1110.0,rqds
2002-12-07,24,608.9,954.0,rqds
2002-12-08,24,553.1,872.0,rqds
2002-12-09,24,547.8,849.0,rqds
2002-12-10,24,642.0,849.0,rqds
2002-12-11,24,717.5,863.0,rqds
2002-12-12,24,747.4,857.0,rqds
2002-12-13,24,695.0,848.0,rqds
2002-12-14,24,680.2,899.0,rqds
2002-12-15,24,672.3,938.0,rqds
2002-12-16,24,616.2,905.0,rqds
2002-12-17,24,568.2,897.0,rqds
2002-12-18,24,580.5,959.0,rqds
2002-12-19,24,632.2,1061.0,rqds
2002-12-20,24,689.5,1132.0,rqds
2002-12-21,24,600.2,964.0,rqds
2002-12-22,24,671.8,1065.0,rqds
2002-12-23,24,752.9,1095.0,rqds
2002-12-24,24,788.7,1060.0,rqds
2002-12-25,24,837.0,1051.0,rqds
2002-12-26,24,862.7,1018.0,rqds
2002-12-27,24,849.8,999.0,rqds
2002-12-28,24,808.9,1009.0,rqds
2002-12-29,24,697.8,1019.0,rqds
2002-12-30,24,558.2,924.0,rqds
2002-12-31,24,555.4,941.0,rqds
2003-01-01,24,612.1,1048.0,rqds
2003-01-02,24,620.1,1073.0,rqds
2003-01-03,24,737.8,1171.0,rqds
2003-01-04,24,757.3,1138.0,rqds
2003-01-05,24,645.5,971.0,rqds
2003-01-06,24,520.5,792.0,rqds
2003-01-07,24,470.5,694.0,rqds
2003-01-08,24,540.1,728.0,rqds
2003-01-09,24,701.2,861.0,rqds
2003-01-10,24,831.7,967.0,rqds
2003-01-11,24,782.5,967.0,rqds
2003-01-12,24,643.3,884.0,rqds
2003-01-13,24,578.3,893.0,rqds
2003-01-14,24,597.2,916.0,rqds
2003-01-15,24,715.6,1080.0,rqds
2003-01-16,24,763.8,1162.0,rqds
2003-01-17,24,708.0,1120.0,rqds
2003-01-18,24,753.9,1164.0,rqds
2003-01-19,24,692.6,1063.0,rqds
2003-01-20,24,599.8,929.0,rqds
2003-01-21,24,602.2,934.0,rqds
2003-01-22,24,667.2,889.0,rqds
2003-01-23,24,792.9,945.0,rqds
2003-01-24,24,673.2,779.0,rqds
2003-01-25,24,542.8,738.0,rqds
2003-01-26,24,523.9,765.0,rqds
2003-01-27,24,620.1,912.0,rqds
2003-01-28,24,746.2,1144.0,rqds
2003-01-29,24,593.9,1015.0,rqds
2003-01-30,24,532.3,937.0,rqds
2003-01-31,24,648.9,1037.0,rqds
2003-02-01,24,876.0,1290.0,rqds
2003-02-02,24,841.5,1149.0,rqds
2003-02-03,24,746.8,1020.0,rqds
2003-02-04,24,680.5,886.0,rqds
2003-02-05,24,668.1,819.0,rqds
2003-02-06,24,625.7,725.0,rqds
2003-02-07,24,694.1,803.0,rqds
2003-02-08,24,762.4,882.0,rqds
2003-02-09,24,845.6,1023.0,rqds
2003-02-10,24,853.4,1090.0,rqds
2003-02-11,24,766.0,1037.0,rqds
2003-02-12,24,719.4,1027.0,rqds
2003-02-13,24,780.2,1102.0,rqds
2003-02-14,24,862.8,1219.0,rqds
2003-02-15,24,920.3,1291.0,rqds
2003-02-16,24,917.7,1287.0,rqds
2003-02-17,24,949.9,1316.0,rqds
2003-02-18,24,929.0,1238.0,rqds
2003-02-19,24,862.8,1059.0,rqds
2003-02-20,24,798.9,889.0,rqds
2003-02-21,24,804.0,919.0,rqds
2003-02-22,24,692.1,940.0,rqds
2003-02-23,24,568.3,833.0,rqds
2003-02-24,24,516.9,784.0,rqds
2003-02-25,24,511.7,810.0,rqds
2003-02-26,24,501.1,812.0,rqds
2003-02-27,24,456.7,795.0,rqds
2003-02-28,24,503.3,833.0,rqds
2003-03-01,24,577.3,900.0,rqds
2003-03-02,24,632.7,934.0,rqds
2003-03-03,24,699.2,958.0,rqds
2003-03-04,24,744.3,918.0,rqds
2003-03-05,24,787.3,925.0,rqds
2003-03-06,24,763.4,912.0,rqds
2003-03-07,24,843.8,990.0,rqds
2003-03-08,24,897.2,1088.0,rqds
2003-03-09,24,926.4,1146.0,rqds
2003-03-10,24,966.3,1180.0,rqds
2003-03-11,24,944.8,1221.0,rqds
2003-03-12,24,751.1,1028.0,rqds
2003-03-13,24,699.5,962.0,rqds
2003-03-14,24,696.0,976.0,rqds
2003-03-15,24,719.2,1039.0,rqds
2003-03-16,24,713.0,1014.0,rqds
2003-03-17,24,704.2,995.0,rqds
2003-03-18,24,597.6,816.0,rqds
2003-03-19,24,554.5,703.0,rqds
2003-03-20,24,624.0,752.0,rqds
2003-03-21,24,761.5,949.0,rqds
2003-03-22,24,798.4,1059.0,rqds
2003-03-23,24,808.0,1122.0,rqds
2003-03-24,24,720.8,1019.0,rqds
2003-03-25,24,742.5,1025.0,rqds
2003-03-26,24,717.1,945.0,rqds
2003-03-27,24,790.0,997.0,rqds
2003-03-28,24,880.1,1110.0,rqds
2003-03-29,24,925.1,1138.0,rqds
2003-03-30,24,933.9,1114.0,rqds
2003-03-31,24,837.8,985.0,rqds
2003-04-01,24,786.4,890.0,rqds
2003-04-02,24,790.0,975.0,rqds
2003-04-03,24,804.5,1018.0,rqds
2003-04-04,24,828.6,1053.0,rqds
2003-04-05,24,875.0,1132.0,rqds
2003-04-06,24,768.9,1105.0,rqds
2003-04-07,24,689.4,1003.0,rqds
2003-04-08,24,710.7,992.0,rqds
2003-04-09,24,845.0,1085.0,rqds
2003-04-10,24,1007.4,1245.0,rqds
2003-04-11,24,1101.5,1436.0,rqds
2003-04-12,24,896.4,1140.0,rqds
2003-04-13,24,816.9,1041.0,rqds
2003-04-14,24,785.1,993.0,rqds
2003-04-15,24,815.1,992.0,rqds
2003-04-16,24,844.1,1019.0,rqds
2003-04-17,24,869.5,1108.0,rqds
2003-04-18,24,804.9,1148.0,rqds
2003-04-19,24,804.4,1171.0,rqds
2003-04-20,24,833.0,1208.0,rqds
2003-04-21,24,781.2,1180.0,rqds
2003-04-22,24,821.9,1084.0,rqds
2003-04-23,24,876.1,1114.0,rqds
2003-04-24,24,857.7,1059.0,rqds
2003-04-25,24,860.0,983.0,rqds
2003-04-26,24,770.0,928.0,rqds
2003-04-27,24,718.3,814.0,rqds
2003-04-28,24,688.2,825.0,rqds
2003-04-29,24,647.1,837.0,rqds
2003-04-30,24,691.8,888.0,rqds
2003-05-01,24,761.8,985.0,rqds
2003-05-02,24,799.3,1072.0,rqds
2003-05-03,24,843.2,1142.0,rqds
2003-05-04,24,922.0,1244.0,rqds
2003-05-05,24,956.2,1284.0,rqds
2003-05-06,24,993.5,1324.0,rqds
2003-05-07,24,991.6,1318.0,rqds
2003-05-08,24,954.4,1250.0,rqds
2003-05-09,24,895.2,1156.0,rqds
2003-05-10,24,858.6,1051.0,rqds
2003-05-11,24,981.2,1183.0,rqds
2003-05-12,24,1033.7,1219.0,rqds
2003-05-13,24,939.3,1118.0,rqds
2003-05-14,24,1005.2,1334.0,rqds
2003-05-15,24,1351.9,1932.0,rqds
2003-05-16,24,1219.5,1947.0,rqds
2003-05-17,24,837.4,1349.0,rqds
2003-05-18,24,741.4,1228.0,rqds
2003-05-19,24,796.3,1158.0,rqds
2003-05-20,24,1097.8,1341.0,rqds
2003-05-21,24,1061.5,1422.0,rqds
2003-05-22,24,870.0,1135.0,rqds
2003-05-23,24,850.2,1014.0,rqds
2003-05-24,24,845.8,976.0,rqds
2003-05-25,24,797.0,914.0,rqds
2003-05-26,24,784.2,967.0,rqds
2003-05-27,24,786.5,1008.0,rqds
2003-05-28,24,826.1,1139.0,rqds
2003-05-29,24,998.3,1369.0,rqds
2003-05-30,24,947.5,1518.0,rqds
2003-05-31,24,910.2,1287.0,rqds
2003-06-01,24,973.8,1422.0,rqds
2003-06-02,24,894.8,1312.0,rqds
2003-06-03,24,811.0,1259.0,rqds
2003-06-04,24,744.1,1088.0,rqds
2003-06-05,24,740.8,1085.0,rqds
2003-06-06,24,693.4,951.0,rqds
2003-06-07,24,702.6,890.0,rqds
2003-06-08,24,751.0,876.0,rqds
2003-06-09,24,796.0,956.0,rqds
2003-06-10,24,779.7,956.0,rqds
2003-06-11,24,643.7,935.0,rqds
2003-06-12,24,582.9,953.0,rqds
2003-06-13,24,543.0,944.0,rqds
2003-06-14,24,591.2,1017.0,rqds
2003-06-15,24,699.4,1102.0,rqds
2003-06-16,24,804.7,1232.0,rqds
2003-06-17,24,861.2,1254.0,rqds
2003-06-18,24,848.0,1209.0,rqds
2003-06-19,24,843.9,1077.0,rqds
2003-06-20,24,929.5,1081.0,rqds
2003-06-21,24,1074.4,1240.0,rqds
2003-06-22,24,1187.5,1325.0,rqds
2003-06-23,24,1067.7,1260.0,rqds
2003-06-24,24,1227.8,1627.0,rqds
2003-06-25,24,1381.5,1634.0,rqds
2003-06-26,24,1232.4,1617.0,rqds
2003-06-27,24,1212.8,1599.0,rqds
2003-06-28,24,1033.0,1464.0,rqds
2003-06-29,24,914.6,1376.0,rqds
2003-06-30,24,813.4,1264.0,rqds
2003-07-01,24,801.7,1186.0,rqds
2003-07-02,24,923.7,1213.0,rqds
2003-07-03,24,973.8,1398.0,rqds
2003-07-04,24,1007.8,1204.0,rqds
2003-07-05,24,937.9,1200.0,rqds
2003-07-06,24,745.3,912.0,rqds
2003-07-07,24,705.1,871.0,rqds
2003-07-08,24,821.6,1059.0,rqds
2003-07-09,24,860.0,1236.0,rqds
2003-07-10,24,918.0,1223.0,rqds
2003-07-11,24,709.0,1081.0,rqds
2003-07-12,24,742.5,1200.0,rqds
2003-07-13,24,913.5,1280.0,rqds
2003-07-14,24,745.5,1277.0,rqds
2003-07-15,24,670.6,1064.0,rqds
2003-07-16,24,678.2,1015.0,rqds
2003-07-17,24,706.9,948.0,rqds
2003-07-18,24,711.2,900.0,rqds
2003-07-19,24,773.0,891.0,rqds
2003-07-20,24,720.2,847.0,rqds
2003-07-21,24,724.4,808.0,rqds
2003-07-22,24,543.2,726.0,rqds
2003-07-23,24,540.4,819.0,rqds
2003-07-24,24,592.0,926.0,rqds
2003-07-25,24,719.7,1109.0,rqds
2003-07-26,24,816.4,1152.0,rqds
2003-07-27,24,720.2,1139.0,rqds
2003-07-28,24,678.5,1043.0,rqds
2003-07-29,24,851.8,1197.0,rqds
2003-07-30,24,794.9,1282.0,rqds
2003-07-31,24,737.5,1053.0,rqds
2003-08-01,24,747.0,998.0,rqds
2003-08-02,24,994.7,1209.0,rqds
2003-08-03,24,856.9,993.0,rqds
2003-08-04,24,751.1,866.0,rqds
2003-08-05,24,715.7,894.0,rqds
2003-08-06,24,723.6,977.0,rqds
2003-08-07,24,689.2,998.0,rqds
2003-08-08,24,683.2,1084.0,rqds
2003-08-09,24,756.4,1219.0,rqds
2003-08-10,24,1070.5,1471.0,rqds
2003-08-11,24,940.5,1468.0,rqds
2003-08-12,24,683.1,1134.0,rqds
2003-08-13,24,617.8,900.0,rqds
2003-08-14,24,719.2,917.0,rqds
2003-08-15,24,876.4,1004.0,rqds
2003-08-16,24,809.5,961.0,rqds
2003-08-17,24,789.0,891.0,rqds
2003-08-18,24,821.8,986.0,rqds
2003-08-19,24,866.6,1048.0,rqds
2003-08-20,24,796.9,1018.0,rqds
2003-08-21,24,964.4,1186.0,rqds
2003-08-22,24,724.5,995.0,rqds
2003-08-23,24,606.9,898.0,rqds
2003-08-24,24,561.5,874.0,rqds
2003-08-25,24,524.8,866.0,rqds
2003-08-26,24,508.9,816.0,rqds
2003-08-27,24,607.1,920.0,rqds
2003-08-28,24,679.7,974.0,rqds
2003-08-29,24,581.0,857.0,rqds
2003-08-30,24,546.6,707.0,rqds
2003-08-31,24,600.0,745.0,rqds
2003-09-01,24,694.2,867.0,rqds
2003-09-02,24,796.2,1051.0,rqds
2003-09-03,24,916.3,1102.0,rqds
2003-09-04,24,783.9,1014.0,rqds
2003-09-05,24,697.5,989.0,rqds
2003-09-06,24,747.4,1138.0,rqds
2003-09-07,24,808.1,1133.0,rqds
2003-09-08,24,785.7,1112.0,rqds
2003-09-09,24,780.2,1060.0,rqds
2003-09-10,24,797.0,1128.0,rqds
2003-09-11,24,701.2,905.0,rqds
2003-09-12,24,701.0,895.0,rqds
2003-09-13,24,672.2,808.0,rqds
2003-09-14,24,647.8,830.0,rqds
2003-09-15,24,572.8,774.0,rqds
2003-09-16,24,567.0,792.0,rqds
2003-09-17,24,595.2,853.0,rqds
2003-09-18,24,622.3,842.0,rqds
2003-09-19,24,831.7,1365.0,rqds
2003-09-20,24,843.4,1159.0,rqds
2003-09-21,24,903.1,1117.0,rqds
2003-09-22,24,865.6,1045.0,rqds
2003-09-23,24,714.3,1038.0,rqds
2003-09-24,24,685.8,964.0,rqds
2003-09-25,24,587.8,867.0,rqds
2003-09-26,24,584.7,793.0,rqds
2003-09-27,24,634.0,808.0,rqds
2003-09-28,24,807.0,1060.0,rqds
2003-09-29,24,911.4,1159.0,rqds
2003-09-30,24,709.2,951.0,rqds
2003-10-01,24,604.3,883.0,rqds
2003-10-02,24,652.7,951.0,rqds
2003-10-03,24,687.5,890.0,rqds
2003-10-04,24,550.0,731.0,rqds
2003-10-05,24,500.5,698.0,rqds
2003-10-06,24,464.7,674.0,rqds
2003-10-07,24,420.2,612.0,rqds
2003-10-08,24,442.0,545.0,rqds
2003-10-09,24,614.7,781.0,rqds
2003-10-10,24,772.8,958.0,rqds
2003-10-11,24,798.2,1027.0,rqds
2003-10-12,24,883.0,1163.0,rqds
2003-10-13,24,786.3,1056.0,rqds
2003-10-14,24,667.4,934.0,rqds
2003-10-15,24,630.8,913.0,rqds
2003-10-16,24,663.4,942.0,rqds
2003-10-17,24,572.5,751.0,rqds
2003-10-18,24,488.1,706.0,rqds
2003-10-19,24,526.6,728.0,rqds
2003-10-20,24,509.9,682.0,rqds
2003-10-21,24,499.6,666.0,rqds
2003-10-22,24,521.8,712.0,rqds
2003-10-23,24,574.1,723.0,rqds
2003-10-24,24,593.5,785.0,rqds
2003-10-25,24,677.8,943.0,rqds
2003-10-26,24,714.0,1021.0,rqds
2003-10-27,24,652.4,997.0,rqds
2003-10-28,24,632.3,1029.0,rqds
2003-10-29,24,580.0,931.0,rqds
2003-10-30,24,462.5,761.0,rqds
2003-10-31,24,405.7,656.0,rqds
2003-11-01,24,398.8,606.0,rqds
2003-11-02,24,507.8,686.0,rqds
2003-11-03,24,559.2,652.0,rqds
2003-11-04,24,484.4,590.0,rqds
2003-11-05,24,503.4,651.0,rqds
2003-11-06,24,512.5,714.0,rqds
2003-11-07,24,501.3,763.0,rqds
2003-11-08,24,461.4,814.0,rqds
2003-11-09,24,495.6,836.0,rqds
2003-11-10,24,555.2,913.0,rqds
2003-11-11,24,697.1,1097.0,rqds
2003-11-12,24,792.5,1156.0,rqds
2003-11-13,24,745.4,1061.0,rqds
2003-11-14,24,608.3,869.0,rqds
2003-11-15,24,618.0,906.0,rqds
2003-11-16,24,765.5,1014.0,rqds
2003-11-17,24,937.5,1142.0,rqds
2003-11-18,24,885.2,996.0,rqds
2003-11-19,24,760.1,908.0,rqds
2003-11-20,24,649.8,839.0,rqds
2003-11-21,24,634.6,900.0,rqds
2003-11-22,24,783.7,1138.0,rqds
2003-11-23,24,893.5,1257.0,rqds
2003-11-24,24,849.9,1259.0,rqds
2003-11-25,24,714.5,1130.0,rqds
2003-11-26,24,651.3,1069.0,rqds
2003-11-27,24,602.8,957.0,rqds
2003-11-28,24,606.3,911.0,rqds
2003-11-29,24,613.6,839.0,rqds
2003-11-30,24,634.5,845.0,rqds
2003-12-01,24,715.5,858.0,rqds
2003-12-02,24,656.5,811.0,rqds
2003-12-03,24,629.1,843.0,rqds
2003-12-04,24,656.6,917.0,rqds
2003-12-05,24,767.8,1069.0,rqds
2003-12-06,24,805.0,1146.0,rqds
2003-12-07,24,781.0,1149.0,rqds
2003-12-08,24,642.0,1011.0,rqds
2003-12-09,24,540.3,947.0,rqds
2003-12-10,24,516.8,902.0,rqds
2003-12-11,24,513.4,891.0,rqds
2003-12-12,24,563.4,909.0,rqds
2003-12-13,24,633.9,985.0,rqds
2003-12-14,24,644.5,911.0,rqds
2003-12-15,24,614.8,775.0,rqds
2003-12-16,24,635.1,779.0,rqds
2003-12-17,24,718.3,835.0,rqds
2003-12-18,24,765.1,958.0,rqds
2003-12-19,24,758.0,1027.0,rqds
2003-12-20,24,657.7,1066.0,rqds
2003-12-21,24,598.3,1023.0,rqds
2003-12-22,24,648.9,1135.0,rqds
2003-12-23,24,618.2,1096.0,rqds
2003-12-24,24,591.1,1029.0,rqds
2003-12-25,24,580.0,985.0,rqds
2003-12-26,24,650.9,1011.0,rqds
2003-12-27,24,681.2,941.0,rqds
2003-12-28,24,592.6,782.0,rqds
2003-12-29,24,618.7,747.0,rqds
2003-12-30,24,618.1,751.0,rqds
2003-12-31,24,588.8,758.0,rqds
2004-01-01,24,572.0,798.0,rqds
2004-01-02,24,572.9,853.0,rqds
2004-01-03,24,584.2,927.0,rqds
2004-01-04,24,603.6,985.0,rqds
2004-01-05,24,597.4,981.0,rqds
2004-01-06,24,588.9,975.0,rqds
2004-01-07,24,578.0,969.0,rqds
2004-01-08,24,677.4,1079.0,rqds
2004-01-09,24,761.1,1124.0,rqds
2004-01-10,24,802.2,1167.0,rqds
2004-01-11,24,835.8,1125.0,rqds
2004-01-12,24,759.9,961.0,rqds
2004-01-13,24,661.2,795.0,rqds
2004-01-14,24,651.9,750.0,rqds
2004-01-15,24,630.8,808.0,rqds
2004-01-16,24,595.5,875.0,rqds
2004-01-17,24,632.6,932.0,rqds
2004-01-18,24,649.6,1035.0,rqds
2004-01-19,24,570.7,1012.0,rqds
2004-01-20,24,524.0,975.0,rqds
2004-01-21,24,511.3,955.0,rqds
2004-01-22,24,586.0,1003.0,rqds
2004-01-23,24,683.5,1038.0,rqds
2004-01-24,24,763.3,1047.0,rqds
2004-01-25,24,787.2,990.0,rqds
2004-01-26,24,793.1,926.0,rqds
2004-01-27,24,855.4,959.0,rqds
2004-01-28,24,876.9,1001.0,rqds
2004-01-29,24,853.4,1048.0,rqds
2004-01-30,24,727.0,979.0,rqds
2004-01-31,24,641.3,919.0,rqds
2004-02-01,24,618.5,937.0,rqds
2004-02-02,24,683.7,1021.0,rqds
2004-02-03,24,798.2,1156.0,rqds
2004-02-04,24,797.3,1169.0,rqds
2004-02-05,24,740.0,1115.0,rqds
2004-02-06,24,756.3,1128.0,rqds
2004-02-07,24,781.6,1136.0,rqds
2004-02-08,24,806.2,1085.0,rqds
2004-02-09,24,836.2,1063.0,rqds
2004-02-10,24,820.0,924.0,rqds
2004-02-11,24,785.7,909.0,rqds
2004-02-12,24,792.4,951.0,rqds
2004-02-13,24,758.2,995.0,rqds
2004-02-14,24,668.0,972.0,rqds
2004-02-15,24,620.4,953.0,rqds
2004-02-16,24,678.4,1037.0,rqds
2004-02-17,24,765.2,1143.0,rqds
2004-02-18,24,873.2,1269.0,rqds
2004-02-19,24,800.0,1158.0,rqds
2004-02-20,24,631.5,972.0,rqds
2004-02-21,24,620.9,875.0,rqds
2004-02-22,24,614.2,777.0,rqds
2004-02-23,24,671.8,787.0,rqds
2004-02-24,24,766.0,874.0,rqds
2004-02-25,24,811.7,977.0,rqds
2004-02-26,24,777.3,1015.0,rqds
2004-02-27,24,708.2,941.0,rqds
2004-02-28,24,684.9,928.0,rqds
2004-02-29,24,738.9,936.0,rqds
2004-03-01,24,752.7,1024.0,rqds
2004-03-02,24,693.7,986.0,rqds
2004-03-03,24,587.8,881.0,rqds
2004-03-04,24,547.3,873.0,rqds
2004-03-05,24,499.0,825.0,rqds
2004-03-06,24,546.0,825.0,rqds
2004-03-07,24,561.5,789.0,rqds
2004-03-08,24,489.9,665.0,rqds
2004-03-09,24,458.1,598.0,rqds
2004-03-10,24,591.5,735.0,rqds
2004-03-11,24,704.2,939.0,rqds
2004-03-12,24,710.5,1012.0,rqds
2004-03-13,24,765.3,1059.0,rqds
2004-03-14,24,840.3,1129.0,rqds
2004-03-15,24,833.6,1096.0,rqds
2004-03-16,24,846.2,1123.0,rqds
2004-03-17,24,837.6,1111.0,rqds
2004-03-18,24,798.5,1080.0,rqds
2004-03-19,24,782.6,1035.0,rqds
2004-03-20,24,850.1,1058.0,rqds
2004-03-21,24,910.7,1035.0,rqds
2004-03-22,24,878.4,1025.0,rqds
2004-03-23,24,781.5,1036.0,rqds
2004-03-24,24,625.0,910.0,rqds
2004-03-25,24,616.8,864.0,rqds
2004-03-26,24,724.6,965.0,rqds
2004-03-27,24,670.3,978.0,rqds
2004-03-28,24,617.9,881.0,rqds
2004-03-29,24,613.1,877.0,rqds
2004-03-30,24,513.2,760.0,rqds
2004-03-31,24,495.2,697.0,rqds
2004-04-01,24,587.0,802.0,rqds
2004-04-02,24,731.6,965.0,rqds
2004-04-03,24,809.3,1020.0,rqds
2004-04-04,24,897.9,1110.0,rqds
2004-04-05,24,736.5,899.0,rqds
2004-04-06,24,722.7,904.0,rqds
2004-04-07,24,774.8,1028.0,rqds
2004-04-08,24,859.6,1170.0,rqds
2004-04-09,24,836.2,1203.0,rqds
2004-04-10,24,832.9,1198.0,rqds
2004-04-11,24,839.8,1170.0,rqds
2004-04-12,24,860.1,1101.0,rqds
2004-04-13,24,850.9,1103.0,rqds
2004-04-14,24,820.5,1018.0,rqds
2004-04-15,24,789.8,955.0,rqds
2004-04-16,24,798.8,922.0,rqds
2004-04-17,24,917.2,1069.0,rqds
2004-04-18,24,924.7,1164.0,rqds
2004-04-19,24,864.8,1103.0,rqds
2004-04-20,24,905.5,1171.0,rqds
2004-04-21,24,787.2,1205.0,rqds
2004-04-22,24,683.2,986.0,rqds
2004-04-23,24,780.5,1080.0,rqds
2004-04-24,24,796.3,1120.0,rqds
2004-04-25,24,824.9,1113.0,rqds
2004-04-26,24,842.0,1107.0,rqds
2004-04-27,24,904.4,1154.0,rqds
2004-04-28,24,880.8,1094.0,rqds
2004-04-29,24,878.3,1053.0,rqds
2004-04-30,24,843.1,1013.0,rqds
2004-05-01,24,813.5,935.0,rqds
2004-05-02,24,873.7,1031.0,rqds
2004-05-03,24,923.9,1122.0,rqds
2004-05-04,24,934.3,1190.0,rqds
2004-05-05,24,949.8,1287.0,rqds
2004-05-06,24,1041.9,1405.0,rqds
2004-05-07,24,1098.6,1530.0,rqds
2004-05-08,24,1010.8,1451.0,rqds
2004-05-09,24,1235.0,1689.0,rqds
2004-05-10,24,1157.5,1567.0,rqds
2004-05-11,24,874.0,1164.0,rqds
2004-05-12,24,799.4,948.0,rqds
2004-05-13,24,772.2,875.0,rqds
2004-05-14,24,816.5,1012.0,rqds
2004-05-15,24,949.0,1060.0,rqds
2004-05-16,24,847.3,1115.0,rqds
2004-05-17,24,798.7,1097.0,rqds
2004-05-18,24,751.0,1068.0,rqds
2004-05-19,24,756.4,1092.0,rqds
2004-05-20,24,879.3,1247.0,rqds
2004-05-21,24,1021.5,1447.0,rqds
2004-05-22,24,871.1,1274.0,rqds
2004-05-23,24,864.5,1205.0,rqds
2004-05-24,24,806.0,1201.0,rqds
2004-05-25,24,714.8,1023.0,rqds
2004-05-26,24,704.6,932.0,rqds
2004-05-27,24,689.0,882.0,rqds
2004-05-28,24,687.7,814.0,rqds
2004-05-29,24,762.4,1030.0,rqds
2004-05-30,24,1013.9,1173.0,rqds
2004-05-31,24,827.3,1133.0,rqds
2004-06-01,24,748.0,1073.0,rqds
2004-06-02,24,783.8,1209.0,rqds
2004-06-03,24,936.6,1386.0,rqds
2004-06-04,24,1063.0,1543.0,rqds
2004-06-05,24,1050.4,1544.0,rqds
2004-06-06,24,1034.4,1432.0,rqds
2004-06-07,24,1063.5,1305.0,rqds
2004-06-08,24,942.4,1221.0,rqds
2004-06-09,24,942.1,1070.0,rqds
2004-06-10,24,1109.3,1189.0,rqds
2004-06-11,24,1092.2,1416.0,rqds
2004-06-12,24,960.7,1349.0,rqds
2004-06-13,24,816.0,1076.0,rqds
2004-06-14,24,828.0,1158.0,rqds
2004-06-15,24,906.5,1272.0,rqds
2004-06-16,24,935.9,1339.0,rqds
2004-06-17,24,815.7,1266.0,rqds
2004-06-18,24,724.1,1137.0,rqds
2004-06-19,24,701.2,1070.0,rqds
2004-06-20,24,804.4,1098.0,rqds
2004-06-21,24,965.6,1265.0,rqds
2004-06-22,24,898.8,1258.0,rqds
2004-06-23,24,824.0,1060.0,rqds
2004-06-24,24,792.0,996.0,rqds
2004-06-25,24,787.2,898.0,rqds
2004-06-26,24,965.5,1191.0,rqds
2004-06-27,24,961.6,1180.0,rqds
2004-06-28,24,859.0,1198.0,rqds
2004-06-29,24,810.9,1171.0,rqds
2004-06-30,24,767.0,1223.0,rqds
2004-07-01,24,878.2,1522.0,rqds
2004-07-02,24,865.4,1584.0,rqds
2004-07-03,24,742.8,1242.0,rqds
2004-07-04,24,756.8,1191.0,rqds
2004-07-05,24,869.5,1188.0,rqds
2004-07-06,24,962.4,1209.0,rqds
2004-07-07,24,1072.8,1292.0,rqds
2004-07-08,24,837.0,981.0,rqds
2004-07-09,24,734.9,860.0,rqds
2004-07-10,24,722.0,912.0,rqds
2004-07-11,24,694.9,909.0,rqds
2004-07-12,24,623.3,880.0,rqds
2004-07-13,24,579.4,910.0,rqds
2004-07-14,24,660.8,1054.0,rqds
2004-07-15,24,688.4,1052.0,rqds
2004-07-16,24,627.7,1021.0,rqds
2004-07-17,24,705.7,1006.0,rqds
2004-07-18,24,799.7,1129.0,rqds
2004-07-19,24,856.5,1185.0,rqds
2004-07-20,24,1008.6,1331.0,rqds
2004-07-21,24,1290.0,1654.0,rqds
2004-07-22,24,997.4,1282.0,rqds
2004-07-23,24,917.0,1062.0,rqds
2004-07-24,24,862.9,930.0,rqds
2004-07-25,24,751.3,919.0,rqds
2004-07-26,24,766.5,1044.0,rqds
2004-07-27,24,808.2,1169.0,rqds
2004-07-28,24,832.9,1240.0,rqds
2004-07-29,24,903.1,1364.0,rqds
2004-07-30,24,812.3,1370.0,rqds
2004-07-31,24,780.4,1210.0,rqds
2004-08-01,24,674.0,1251.0,rqds
2004-08-02,24,616.8,975.0,rqds
2004-08-03,24,621.2,878.0,rqds
2004-08-04,24,686.8,794.0,rqds
2004-08-05,24,671.0,854.0,rqds
2004-08-06,24,566.3,699.0,rqds
2004-08-07,24,564.4,717.0,rqds
2004-08-08,24,545.8,747.0,rqds
2004-08-09,24,567.6,817.0,rqds
2004-08-10,24,720.6,1097.0,rqds
2004-08-11,24,996.0,1287.0,rqds
2004-08-12,24,839.6,1244.0,rqds
2004-08-13,24,758.1,1103.0,rqds
2004-08-14,24,575.9,993.0,rqds
2004-08-15,24,531.2,883.0,rqds
2004-08-16,24,545.1,832.0,rqds
2004-08-17,24,622.1,904.0,rqds
2004-08-18,24,639.1,866.0,rqds
2004-08-19,24,742.1,883.0,rqds
2004-08-20,24,831.8,903.0,rqds
2004-08-21,24,734.7,863.0,rqds
2004-08-22,24,841.1,1067.0,rqds
2004-08-23,24,987.8,1408.0,rqds
2004-08-24,24,994.0,1455.0,rqds
2004-08-25,24,865.6,1256.0,rqds
2004-08-26,24,829.9,1206.0,rqds
2004-08-27,24,692.6,1148.0,rqds
2004-08-28,24,553.7,959.0,rqds
2004-08-29,24,526.5,914.0,rqds
2004-08-30,24,525.8,820.0,rqds
2004-08-31,24,595.0,785.0,rqds
2004-09-01,24,685.3,798.0,rqds
2004-09-02,24,709.3,836.0,rqds
2004-09-03,24,775.7,961.0,rqds
2004-09-04,24,935.8,1217.0,rqds
2004-09-05,24,883.5,1151.0,rqds
2004-09-06,24,636.0,828.0,rqds
2004-09-07,24,569.2,815.0,rqds
2004-09-08,24,623.5,861.0,rqds
2004-09-09,24,468.6,828.0,rqds
2004-09-10,24,407.9,675.0,rqds
2004-09-11,24,425.2,670.0,rqds
2004-09-12,24,500.9,795.0,rqds
2004-09-13,24,607.6,831.0,rqds
2004-09-14,24,601.8,864.0,rqds
2004-09-15,24,660.6,835.0,rqds
2004-09-16,24,694.1,843.0,rqds
2004-09-17,24,719.9,899.0,rqds
2004-09-18,24,852.0,1103.0,rqds
2004-09-19,24,814.0,1070.0,rqds
2004-09-20,24,808.5,1102.0,rqds
2004-09-21,24,642.9,855.0,rqds
2004-09-22,24,552.2,810.0,rqds
2004-09-23,24,556.5,844.0,rqds
2004-09-24,24,563.1,838.0,rqds
2004-09-25,24,599.6,841.0,rqds
2004-09-26,24,560.9,828.0,rqds
2004-09-27,24,575.3,797.0,rqds
2004-09-28,24,593.6,728.0,rqds
2004-09-29,24,639.2,822.0,rqds
2004-09-30,24,666.9,919.0,rqds
2004-10-01,24,620.7,882.0,rqds
2004-10-02,24,616.6,925.0,rqds
2004-10-03,24,610.3,898.0,rqds
2004-10-04,24,695.7,986.0,rqds
2004-10-05,24,821.1,1118.0,rqds
2004-10-06,24,764.2,908.0,rqds
2004-10-07,24,666.2,860.0,rqds
2004-10-08,24,693.4,903.0,rqds
2004-10-09,24,700.5,939.0,rqds
2004-10-10,24,797.8,1028.0,rqds
2004-10-11,24,888.9,1035.0,rqds
2004-10-12,24,700.3,977.0,rqds
2004-10-13,24,584.2,758.0,rqds
2004-10-14,24,590.7,794.0,rqds
2004-10-15,24,625.9,894.0,rqds
2004-10-16,24,592.3,910.0,rqds
2004-10-17,24,604.0,949.0,rqds
2004-10-18,24,638.6,983.0,rqds
2004-10-19,24,662.3,998.0,rqds
2004-10-20,24,647.0,935.0,rqds
2004-10-21,24,568.9,762.0,rqds
2004-10-22,24,494.5,666.0,rqds
2004-10-23,24,522.7,697.0,rqds
2004-10-24,24,518.2,668.0,rqds
2004-10-25,24,432.6,621.0,rqds
2004-10-26,24,477.6,717.0,rqds
2004-10-27,24,666.0,938.0,rqds
2004-10-28,24,796.0,1128.0,rqds
2004-10-29,24,758.2,1085.0,rqds
2004-10-30,24,729.3,1099.0,rqds
2004-10-31,24,716.9,1065.0,rqds
2004-11-01,24,726.4,1068.0,rqds
2004-11-02,24,753.7,1081.0,rqds
2004-11-03,24,625.0,872.0,rqds
2004-11-04,24,566.2,784.0,rqds
2004-11-05,24,579.0,786.0,rqds
2004-11-06,24,643.2,778.0,rqds
2004-11-07,24,743.6,908.0,rqds
2004-11-08,24,856.0,963.0,rqds
2004-11-09,24,836.0,1025.0,rqds
2004-11-10,24,781.4,1016.0,rqds
2004-11-11,24,791.4,1098.0,rqds
2004-11-12,24,666.4,1011.0,rqds
2004-11-13,24,614.5,997.0,rqds
2004-11-14,24,652.6,1077.0,rqds
2004-11-15,24,727.5,1155.0,rqds
2004-11-16,24,800.8,1216.0,rqds
2004-11-17,24,679.1,948.0,rqds
2004-11-18,24,546.6,763.0,rqds
2004-11-19,24,499.5,664.0,rqds
2004-11-20,24,542.2,660.0,rqds
2004-11-21,24,656.4,813.0,rqds
2004-11-22,24,811.9,1023.0,rqds
2004-11-23,24,901.6,1153.0,rqds
2004-11-24,24,950.9,1256.0,rqds
2004-11-25,24,968.1,1320.0,rqds
2004-11-26,24,932.1,1337.0,rqds
2004-11-27,24,800.2,1182.0,rqds
2004-11-28,24,767.3,1158.0,rqds
2004-11-29,24,651.4,1019.0,rqds
2004-11-30,24,564.8,903.0,rqds
2004-12-01,24,578.5,899.0,rqds
2004-12-02,24,619.9,884.0,rqds
2004-12-03,24,642.4,863.0,rqds
2004-12-04,24,722.2,916.0,rqds
2004-12-05,24,618.8,725.0,rqds
2004-12-06,24,586.6,710.0,rqds
2004-12-07,24,614.1,814.0,rqds
2004-12-08,24,790.4,1055.0,rqds
2004-12-09,24,874.5,1224.0,rqds
2004-12-10,24,809.5,1224.0,rqds
2004-12-11,24,718.4,1179.0,rqds
2004-12-12,24,703.9,1181.0,rqds
2004-12-13,24,678.0,1136.0,rqds
2004-12-14,24,744.6,1165.0,rqds
2004-12-15,24,768.6,1113.0,rqds
2004-12-16,24,762.2,1024.0,rqds
2004-12-17,24,673.4,853.0,rqds
2004-12-18,24,543.5,664.0,rqds
2004-12-19,24,540.5,675.0,rqds
2004-12-20,24,618.8,811.0,rqds
2004-12-21,24,709.8,997.0,rqds
2004-12-22,24,666.2,999.0,rqds
2004-12-23,24,566.8,932.0,rqds
2004-12-24,24,599.0,975.0,rqds
2004-12-25,24,702.6,1111.0,rqds
2004-12-26,24,777.3,1253.0,rqds
2004-12-27,24,894.5,1333.0,rqds
2004-12-28,24,917.4,1290.0,rqds
2004-12-29,24,850.4,1197.0,rqds
2004-12-30,24,701.7,975.0,rqds
2004-12-31,24,666.3,920.0,rqds
2005-01-01,24,723.1,928.0,rqds
2005-01-02,24,595.6,694.0,rqds
2005-01-03,24,544.7,662.0,rqds
2005-01-04,24,542.7,720.0,rqds
2005-01-05,24,561.5,798.0,rqds
2005-01-06,24,647.2,975.0,rqds
2005-01-07,24,649.9,1066.0,rqds
2005-01-08,24,646.5,1085.0,rqds
2005-01-09,24,622.9,1102.0,rqds
2005-01-10,24,563.5,1049.0,rqds
2005-01-11,24,488.1,900.0,rqds
2005-01-12,24,510.1,903.0,rqds
2005-01-13,24,389.5,631.0,rqds
2005-01-14,24,329.9,525.0,rqds
2005-01-15,24,310.3,454.0,rqds
2005-01-16,24,403.7,527.0,rqds
2005-01-17,24,637.8,839.0,rqds
2005-01-18,24,585.9,845.0,rqds
2005-01-19,24,602.9,892.0,rqds
2005-01-20,24,646.6,944.0,rqds
2005-01-21,24,640.8,965.0,rqds
2005-01-22,24,644.6,981.0,rqds
2005-01-23,24,720.8,1097.0,rqds
2005-01-24,24,703.9,1077.0,rqds
2005-01-25,24,684.3,1050.0,rqds
2005-01-26,24,681.5,1016.0,rqds
2005-01-27,24,655.8,972.0,rqds
2005-01-28,24,617.2,895.0,rqds
2005-01-29,24,593.9,797.0,rqds
2005-01-30,24,602.5,724.0,rqds
2005-01-31,24,513.7,637.0,rqds
2005-02-01,24,494.1,680.0,rqds
2005-02-02,24,534.0,752.0,rqds
2005-02-03,24,635.2,900.0,rqds
2005-02-04,24,762.3,1116.0,rqds
2005-02-05,24,694.0,1089.0,rqds
2005-02-06,24,622.8,1071.0,rqds
2005-02-07,24,542.5,986.0,rqds
2005-02-08,24,559.7,996.0,rqds
2005-02-09,24,595.8,943.0,rqds
2005-02-10,24,667.6,934.0,rqds
2005-02-11,24,751.7,961.0,rqds
2005-02-12,24,802.7,894.0,rqds
2005-02-13,24,774.5,923.0,rqds
2005-02-14,24,784.4,925.0,rqds
2005-02-15,24,908.8,1103.0,rqds
2005-02-16,24,840.4,1080.0,rqds
2005-02-17,24,657.0,919.0,rqds
2005-02-18,24,598.0,849.0,rqds
2005-02-19,24,664.3,927.0,rqds
2005-02-20,24,708.5,1000.0,rqds
2005-02-21,24,681.1,989.0,rqds
2005-02-22,24,625.3,957.0,rqds
2005-02-23,24,619.2,911.0,rqds
2005-02-24,24,636.4,915.0,rqds
2005-02-25,24,727.9,969.0,rqds
2005-02-26,24,780.6,971.0,rqds
2005-02-27,24,725.5,886.0,rqds
2005-02-28,24,620.5,835.0,rqds
2005-03-01,24,591.6,801.0,rqds
2005-03-02,24,696.3,910.0,rqds
2005-03-03,24,787.1,1058.0,rqds
2005-03-04,24,800.9,1122.0,rqds
2005-03-05,24,801.8,1107.0,rqds
2005-03-06,24,862.7,1201.0,rqds
2005-03-07,24,864.6,1228.0,rqds
2005-03-08,24,843.2,1196.0,rqds
2005-03-09,24,859.0,1171.0,rqds
2005-03-10,24,840.2,1058.0,rqds
2005-03-11,24,734.4,853.0,rqds
2005-03-12,24,763.5,907.0,rqds
2005-03-13,24,830.9,1008.0,rqds
2005-03-14,24,806.5,1101.0,rqds
2005-03-15,24,839.0,1095.0,rqds
2005-03-16,24,880.5,1127.0,rqds
2005-03-17,24,934.3,1204.0,rqds
2005-03-18,24,882.8,1170.0,rqds
2005-03-19,24,822.6,1042.0,rqds
2005-03-20,24,780.0,992.0,rqds
2005-03-21,24,754.4,978.0,rqds
2005-03-22,24,794.5,1031.0,rqds
2005-03-23,24,840.4,1072.0,rqds
2005-03-24,24,818.5,1025.0,rqds
2005-03-25,24,732.1,896.0,rqds
2005-03-26,24,669.2,780.0,rqds
2005-03-27,24,728.7,868.0,rqds
2005-03-28,24,805.1,1045.0,rqds
2005-03-29,24,838.1,1123.0,rqds
2005-03-30,24,863.8,1215.0,rqds
2005-03-31,24,787.8,1183.0,rqds
2005-04-01,24,701.2,1087.0,rqds
2005-04-02,24,591.3,887.0,rqds
2005-04-03,24,662.5,906.0,rqds
2005-04-04,24,801.1,1060.0,rqds
2005-04-05,24,869.1,1124.0,rqds
2005-04-06,24,908.0,1121.0,rqds
2005-04-07,24,895.5,1034.0,rqds
2005-04-08,24,884.2,1081.0,rqds
2005-04-09,24,819.2,1063.0,rqds
2005-04-10,24,800.8,1081.0,rqds
2005-04-11,24,804.5,1108.0,rqds
2005-04-12,24,790.5,1185.0,rqds
2005-04-13,24,710.8,1020.0,rqds
2005-04-14,24,735.3,1067.0,rqds
2005-04-15,24,834.8,1044.0,rqds
2005-04-16,24,848.9,1128.0,rqds
2005-04-17,24,766.9,991.0,rqds
2005-04-18,24,713.0,878.0,rqds
2005-04-19,24,763.6,925.0,rqds
2005-04-20,24,811.8,941.0,rqds
2005-04-21,24,831.3,967.0,rqds
2005-04-22,24,859.7,1002.0,rqds
2005-04-23,24,807.0,1065.0,rqds
2005-04-24,24,747.7,1031.0,rqds
2005-04-25,24,732.5,1097.0,rqds
2005-04-26,24,739.0,1122.0,rqds
2005-04-27,24,696.8,1158.0,rqds
2005-04-28,24,629.6,1052.0,rqds
2005-04-29,24,646.9,995.0,rqds
2005-04-30,24,811.6,1065.0,rqds
2005-05-01,24,1077.5,1272.0,rqds
2005-05-02,24,1131.9,1335.0,rqds
2005-05-03,24,1013.9,1135.0,rqds
2005-05-04,24,833.7,998.0,rqds
2005-05-05,24,797.0,983.0,rqds
2005-05-06,24,785.3,1039.0,rqds
2005-05-07,24,828.5,1101.0,rqds
2005-05-08,24,825.1,1168.0,rqds
2005-05-09,24,890.0,1197.0,rqds
2005-05-10,24,927.8,1313.0,rqds
2005-05-11,24,970.5,1325.0,rqds
2005-05-12,24,974.7,1341.0,rqds
2005-05-13,24,953.4,1293.0,rqds
2005-05-14,24,969.5,1234.0,rqds
2005-05-15,24,1029.7,1258.0,rqds
2005-05-16,24,1022.6,1389.0,rqds
2005-05-17,24,930.4,1072.0,rqds
2005-05-18,24,1022.0,1142.0,rqds
2005-05-19,24,986.5,1112.0,rqds
2005-05-20,24,936.7,1134.0,rqds
2005-05-21,24,937.6,1194.0,rqds
2005-05-22,24,932.5,1266.0,rqds
2005-05-23,24,811.8,1246.0,rqds
2005-05-24,24,758.3,1187.0,rqds
2005-05-25,24,819.8,1226.0,rqds
2005-05-26,24,903.8,1350.0,rqds
2005-05-27,24,967.9,1368.0,rqds
2005-05-28,24,984.2,1346.0,rqds
2005-05-29,24,944.9,1256.0,rqds
2005-05-30,24,939.8,1102.0,rqds
2005-05-31,24,948.4,1051.0,rqds
2005-06-01,24,1016.4,1239.0,rqds
2005-06-02,24,1135.5,1404.0,rqds
2005-06-03,24,1110.7,1402.0,rqds
2005-06-04,24,1060.1,1371.0,rqds
2005-06-05,24,1034.3,1425.0,rqds
2005-06-06,24,1202.5,1625.0,rqds
2005-06-07,24,1163.4,1691.0,rqds
2005-06-08,24,1092.7,1447.0,rqds
2005-06-09,24,981.9,1492.0,rqds
2005-06-10,24,895.7,1188.0,rqds
2005-06-11,24,846.4,1132.0,rqds
2005-06-12,24,726.2,1042.0,rqds
2005-06-13,24,703.8,916.0,rqds
2005-06-14,24,806.3,931.0,rqds
2005-06-15,24,981.3,1127.0,rqds
2005-06-16,24,1069.4,1173.0,rqds
2005-06-17,24,990.7,1163.0,rqds
2005-06-18,24,806.5,1107.0,rqds
2005-06-19,24,675.0,1046.0,rqds
2005-06-20,24,663.1,1032.0,rqds
2005-06-21,24,680.4,1125.0,rqds
2005-06-22,24,869.5,1403.0,rqds
2005-06-23,24,1007.2,1579.0,rqds
2005-06-24,24,853.7,1355.0,rqds
2005-06-25,24,824.9,1177.0,rqds
2005-06-26,24,838.2,1117.0,rqds
2005-06-27,24,850.7,1012.0,rqds
2005-06-28,24,994.2,1169.0,rqds
2005-06-29,24,1104.1,1237.0,rqds
2005-06-30,24,957.1,1168.0,rqds
2005-07-01,24,905.1,1172.0,rqds
2005-07-02,24,925.2,1303.0,rqds
2005-07-03,24,1062.5,1341.0,rqds
2005-07-04,24,903.8,1315.0,rqds
2005-07-05,24,801.4,1212.0,rqds
2005-07-06,24,745.8,1130.0,rqds
2005-07-07,24,685.2,1077.0,rqds
2005-07-08,24,737.9,1037.0,rqds
2005-07-09,24,807.5,1131.0,rqds
2005-07-10,24,787.9,1080.0,rqds
2005-07-11,24,802.4,1016.0,rqds
2005-07-12,24,954.2,1052.0,rqds
2005-07-13,24,845.2,1040.0,rqds
2005-07-14,24,725.1,869.0,rqds
2005-07-15,24,759.0,950.0,rqds
2005-07-16,24,760.9,1003.0,rqds
2005-07-17,24,756.5,1108.0,rqds
2005-07-18,24,803.8,1230.0,rqds
2005-07-19,24,878.4,1366.0,rqds
2005-07-20,24,1002.5,1370.0,rqds
2005-07-21,24,820.1,1355.0,rqds
2005-07-22,24,824.0,1263.0,rqds
2005-07-23,24,789.0,1211.0,rqds
2005-07-24,24,772.2,1050.0,rqds
2005-07-25,24,717.2,900.0,rqds
2005-07-26,24,752.7,854.0,rqds
2005-07-27,24,790.6,952.0,rqds
2005-07-28,24,773.9,995.0,rqds
2005-07-29,24,763.3,976.0,rqds
2005-07-30,24,730.6,1020.0,rqds
2005-07-31,24,768.0,1135.0,rqds
2005-08-01,24,908.1,1189.0,rqds
2005-08-02,24,813.6,1196.0,rqds
2005-08-03,24,712.0,1085.0,rqds
2005-08-04,24,706.2,1052.0,rqds
2005-08-05,24,746.8,1050.0,rqds
2005-08-06,24,717.8,1058.0,rqds
2005-08-07,24,742.3,998.0,rqds
2005-08-08,24,758.0,985.0,rqds
2005-08-09,24,812.0,934.0,rqds
2005-08-10,24,810.3,922.0,rqds
2005-08-11,24,837.1,1010.0,rqds
2005-08-12,24,1008.9,1143.0,rqds
2005-08-13,24,956.2,1136.0,rqds
2005-08-14,24,741.5,1034.0,rqds
2005-08-15,24,897.8,1371.0,rqds
2005-08-16,24,1033.6,1367.0,rqds
2005-08-17,24,908.6,1344.0,rqds
2005-08-18,24,635.8,1160.0,rqds
2005-08-19,24,617.1,1023.0,rqds
2005-08-20,24,655.0,993.0,rqds
2005-08-21,24,682.8,960.0,rqds
2005-08-22,24,703.6,821.0,rqds
2005-08-23,24,730.7,874.0,rqds
2005-08-24,24,680.2,844.0,rqds
2005-08-25,24,627.0,836.0,rqds
2005-08-26,24,685.1,961.0,rqds
2005-08-27,24,785.5,1060.0,rqds
2005-08-28,24,815.3,1072.0,rqds
2005-08-29,24,807.7,1013.0,rqds
2005-08-30,24,655.9,951.0,rqds
2005-08-31,24,682.9,984.0,rqds
2005-09-01,24,725.4,961.0,rqds
2005-09-02,24,709.8,999.0,rqds
2005-09-03,24,767.9,1005.0,rqds
2005-09-04,24,855.9,1052.0,rqds
2005-09-05,24,1091.0,1254.0,rqds
2005-09-06,24,1067.0,1189.0,rqds
2005-09-07,24,964.9,1131.0,rqds
2005-09-08,24,894.3,1064.0,rqds
2005-09-09,24,664.5,850.0,rqds
2005-09-10,24,683.1,956.0,rqds
2005-09-11,24,825.3,1143.0,rqds
2005-09-12,24,767.0,1023.0,rqds
2005-09-13,24,780.7,1001.0,rqds
2005-09-14,24,646.0,953.0,rqds
2005-09-15,24,598.6,961.0,rqds
2005-09-16,24,810.0,1262.0,rqds
2005-09-17,24,801.2,1248.0,rqds
2005-09-18,24,781.7,972.0,rqds
2005-09-19,24,898.2,1045.0,rqds
2005-09-20,24,978.0,1136.0,rqds
2005-09-21,24,813.0,1067.0,rqds
2005-09-22,24,767.7,1054.0,rqds
2005-09-23,24,712.0,957.0,rqds
2005-09-24,24,616.1,857.0,rqds
2005-09-25,24,606.4,842.0,rqds
2005-09-26,24,689.5,926.0,rqds
2005-09-27,24,625.5,837.0,rqds
2005-09-28,24,588.0,862.0,rqds
2005-09-29,24,672.0,988.0,rqds
2005-09-30,24,783.2,1018.0,rqds
2005-10-01,24,732.7,932.0,rqds
2005-10-02,24,676.0,852.0,rqds
2005-10-03,24,829.0,1040.0,rqds
2005-10-04,24,724.9,893.0,rqds
2005-10-05,24,751.4,1027.0,rqds
2005-10-06,24,606.0,851.0,rqds
2005-10-07,24,542.0,858.0,rqds
2005-10-08,24,588.7,925.0,rqds
2005-10-09,24,525.3,785.0,rqds
2005-10-10,24,492.0,781.0,rqds
2005-10-11,24,546.4,810.0,rqds
2005-10-12,24,506.7,715.0,rqds
2005-10-13,24,507.0,704.0,rqds
2005-10-14,24,517.0,712.0,rqds
2005-10-15,24,625.2,756.0,rqds
2005-10-16,24,634.7,811.0,rqds
2005-10-17,24,649.8,889.0,rqds
2005-10-18,24,721.0,1019.0,rqds
2005-10-19,24,754.5,1103.0,rqds
2005-10-20,24,793.3,1143.0,rqds
2005-10-21,24,863.8,1200.0,rqds
2005-10-22,24,754.2,1063.0,rqds
2005-10-23,24,809.9,1107.0,rqds
2005-10-24,24,915.8,1149.0,rqds
2005-10-25,24,787.9,927.0,rqds
2005-10-26,24,770.7,930.0,rqds
2005-10-27,24,836.2,934.0,rqds
2005-10-28,24,789.9,878.0,rqds
2005-10-29,24,830.1,966.0,rqds
2005-10-30,24,813.8,993.0,rqds
2005-10-31,24,729.0,959.0,rqds
2005-11-01,24,653.8,935.0,rqds
2005-11-02,24,687.3,1020.0,rqds
2005-11-03,24,746.7,1138.0,rqds
2005-11-04,24,818.5,1234.0,rqds
2005-11-05,24,692.0,1053.0,rqds
2005-11-06,24,718.5,1084.0,rqds
2005-11-07,24,729.0,1053.0,rqds
2005-11-08,24,699.8,980.0,rqds
2005-11-09,24,624.5,804.0,rqds
2005-11-10,24,615.1,718.0,rqds
2005-11-11,24,571.5,688.0,rqds
2005-11-12,24,590.9,801.0,rqds
2005-11-13,24,543.0,814.0,rqds
2005-11-14,24,592.3,924.0,rqds
2005-11-15,24,651.9,1048.0,rqds
2005-11-16,24,614.6,1036.0,rqds
2005-11-17,24,569.2,962.0,rqds
2005-11-18,24,589.5,973.0,rqds
2005-11-19,24,631.0,976.0,rqds
2005-11-20,24,593.3,897.0,rqds
2005-11-21,24,571.5,838.0,rqds
2005-11-22,24,588.6,804.0,rqds
2005-11-23,24,659.8,864.0,rqds
2005-11-24,24,657.5,780.0,rqds
2005-11-25,24,590.1,711.0,rqds
2005-11-26,24,651.8,835.0,rqds
2005-11-27,24,809.8,1043.0,rqds
2005-11-28,24,793.2,1084.0,rqds
2005-11-29,24,722.8,1061.0,rqds
2005-11-30,24,678.6,1067.0,rqds
2005-12-01,24,672.3,1087.0,rqds
2005-12-02,24,719.6,1148.0,rqds
2005-12-03,24,792.1,1224.0,rqds
2005-12-04,24,842.3,1252.0,rqds
2005-12-05,24,744.4,1085.0,rqds
2005-12-06,24,676.0,957.0,rqds
2005-12-07,24,656.0,858.0,rqds
2005-12-08,24,630.3,779.0,rqds
2005-12-09,24,641.2,774.0,rqds
2005-12-10,24,724.5,952.0,rqds
2005-12-11,24,711.0,998.0,rqds
2005-12-12,24,663.8,1006.0,rqds
2005-12-13,24,706.7,1095.0,rqds
2005-12-14,24,691.5,1119.0,rqds
2005-12-15,24,642.6,1058.0,rqds
2005-12-16,24,615.3,1022.0,rqds
2005-12-17,24,641.6,1025.0,rqds
2005-12-18,24,768.9,1132.0,rqds
2005-12-19,24,833.3,1143.0,rqds
2005-12-20,24,779.5,1050.0,rqds
2005-12-21,24,758.8,981.0,rqds
2005-12-22,24,788.5,974.0,rqds
2005-12-23,24,675.3,789.0,rqds
2005-12-24,24,666.1,798.0,rqds
2005-12-25,24,708.9,899.0,rqds
2005-12-26,24,759.7,1026.0,rqds
2005-12-27,24,755.0,1079.0,rqds
2005-12-28,24,761.2,1157.0,rqds
2005-12-29,24,764.3,1202.0,rqds
2005-12-30,24,737.5,1226.0,rqds
2005-12-31,24,585.3,1081.0,rqds
2006-01-01,24,552.0,994.0,rqds
2006-01-02,24,592.3,1010.0,rqds
2006-01-03,24,670.9,979.0,rqds
2006-01-04,24,721.5,926.0,rqds
2006-01-05,24,732.0,851.0,rqds
2006-01-06,24,806.6,937.0,rqds
2006-01-07,24,875.1,1085.0,rqds
2006-01-08,24,785.8,1077.0,rqds
2006-01-09,24,647.3,988.0,rqds
2006-01-10,24,592.7,946.0,rqds
2006-01-11,24,613.7,999.0,rqds
2006-01-12,24,671.9,1063.0,rqds
2006-01-13,24,770.4,1190.0,rqds
2006-01-14,24,804.0,1203.0,rqds
2006-01-15,24,833.1,1196.0,rqds
2006-01-16,24,837.7,1140.0,rqds
2006-01-17,24,827.5,1120.0,rqds
2006-01-18,24,781.8,998.0,rqds
2006-01-19,24,678.7,826.0,rqds
2006-01-20,24,605.2,723.0,rqds
2006-01-21,24,489.3,649.0,rqds
2006-01-22,24,423.7,597.0,rqds
2006-01-23,24,427.6,624.0,rqds
2006-01-24,24,639.5,881.0,rqds
2006-01-25,24,719.9,1094.0,rqds
2006-01-26,24,679.8,1087.0,rqds
2006-01-27,24,644.5,1095.0,rqds
2006-01-28,24,544.7,1007.0,rqds
2006-01-29,24,435.3,825.0,rqds
2006-01-30,24,387.2,767.0,rqds
2006-01-31,24,414.1,696.0,rqds
2006-02-01,24,422.2,611.0,rqds
2006-02-02,24,424.8,538.0,rqds
2006-02-03,24,452.8,588.0,rqds
2006-02-04,24,563.5,755.0,rqds
2006-02-05,24,593.9,863.0,rqds
2006-02-06,24,701.6,956.0,rqds
2006-02-07,24,693.4,1014.0,rqds
2006-02-08,24,602.8,913.0,rqds
2006-02-09,24,634.4,930.0,rqds
2006-02-10,24,747.7,1082.0,rqds
2006-02-11,24,817.0,1159.0,rqds
2006-02-12,24,779.8,1087.0,rqds
2006-02-13,24,823.2,1133.0,rqds
2006-02-14,24,892.1,1170.0,rqds
2006-02-15,24,869.8,1084.0,rqds
2006-02-16,24,788.2,944.0,rqds
2006-02-17,24,735.2,861.0,rqds
2006-02-18,24,631.4,821.0,rqds
2006-02-19,24,628.0,822.0,rqds
2006-02-20,24,691.4,886.0,rqds
2006-02-21,24,859.8,1096.0,rqds
2006-02-22,24,903.7,1195.0,rqds
2006-02-23,24,825.1,1176.0,rqds
2006-02-24,24,743.6,1121.0,rqds
2006-02-25,24,716.7,1098.0,rqds
2006-02-26,24,789.6,1182.0,rqds
2006-02-27,24,890.9,1260.0,rqds
2006-02-28,24,973.8,1259.0,rqds
2006-03-01,24,1036.2,1206.0,rqds
2006-03-02,24,944.7,1108.0,rqds
2006-03-03,24,894.3,1141.0,rqds
2006-03-04,24,843.8,1092.0,rqds
2006-03-05,24,868.0,1126.0,rqds
2006-03-06,24,904.3,1196.0,rqds
2006-03-07,24,955.2,1200.0,rqds
2006-03-08,24,945.0,1181.0,rqds
2006-03-09,24,951.9,1175.0,rqds
2006-03-10,24,962.4,1204.0,rqds
2006-03-11,24,831.0,1094.0,rqds
2006-03-12,24,709.5,977.0,rqds
2006-03-13,24,691.3,926.0,rqds
2006-03-14,24,659.8,859.0,rqds
2006-03-15,24,747.5,926.0,rqds
2006-03-16,24,868.2,983.0,rqds
2006-03-17,24,889.0,1067.0,rqds
2006-03-18,24,865.2,1094.0,rqds
2006-03-19,24,875.0,1118.0,rqds
2006-03-20,24,926.0,1188.0,rqds
2006-03-21,24,922.1,1249.0,rqds
2006-03-22,24,868.1,1189.0,rqds
2006-03-23,24,807.8,1100.0,rqds
2006-03-24,24,736.6,1021.0,rqds
2006-03-25,24,701.7,1003.0,rqds
2006-03-26,24,678.8,973.0,rqds
2006-03-27,24,743.6,1002.0,rqds
2006-03-28,24,723.9,904.0,rqds
2006-03-29,24,661.5,790.0,rqds
2006-03-30,24,662.6,871.0,rqds
2006-03-31,24,725.9,990.0,rqds
2006-04-01,24,728.4,1071.0,rqds
2006-04-02,24,693.0,1049.0,rqds
2006-04-03,24,698.0,1046.0,rqds
2006-04-04,24,642.2,984.0,rqds
2006-04-05,24,654.0,892.0,rqds
2006-04-06,24,756.8,939.0,rqds
2006-04-07,24,960.6,1163.0,rqds
2006-04-08,24,1059.1,1218.0,rqds
2006-04-09,24,1000.9,1143.0,rqds
2006-04-10,24,985.9,1131.0,rqds
2006-04-11,24,835.8,994.0,rqds
2006-04-12,24,814.8,933.0,rqds
2006-04-13,24,784.1,1016.0,rqds
2006-04-14,24,751.4,985.0,rqds
2006-04-15,24,798.6,1084.0,rqds
2006-04-16,24,741.6,1138.0,rqds
2006-04-17,24,702.8,1049.0,rqds
2006-04-18,24,691.1,1089.0,rqds
2006-04-19,24,628.2,977.0,rqds
2006-04-20,24,757.0,1014.0,rqds
2006-04-21,24,966.2,1214.0,rqds
2006-04-22,24,942.7,1148.0,rqds
2006-04-23,24,958.2,1142.0,rqds
2006-04-24,24,1027.9,1172.0,rqds
2006-04-25,24,1026.4,1222.0,rqds
2006-04-26,24,874.7,1144.0,rqds
2006-04-27,24,843.0,1120.0,rqds
2006-04-28,24,827.6,1201.0,rqds
2006-04-29,24,819.7,1208.0,rqds
2006-04-30,24,830.6,1263.0,rqds
2006-05-01,24,795.6,1204.0,rqds
2006-05-02,24,749.8,1094.0,rqds
2006-05-03,24,776.9,1076.0,rqds
2006-05-04,24,767.3,1017.0,rqds
2006-05-05,24,808.0,988.0,rqds
2006-05-06,24,806.2,946.0,rqds
2006-05-07,24,863.2,954.0,rqds
2006-05-08,24,919.9,1030.0,rqds
2006-05-09,24,896.6,1048.0,rqds
2006-05-10,24,903.6,1091.0,rqds
2006-05-11,24,924.8,1152.0,rqds
2006-05-12,24,970.5,1247.0,rqds
2006-05-13,24,981.2,1335.0,rqds
2006-05-14,24,1055.3,1373.0,rqds
2006-05-15,24,958.5,1463.0,rqds
2006-05-16,24,862.7,1282.0,rqds
2006-05-17,24,844.3,1238.0,rqds
2006-05-18,24,780.2,1163.0,rqds
2006-05-19,24,713.6,1006.0,rqds
2006-05-20,24,715.2,918.0,rqds
2006-05-21,24,855.0,974.0,rqds
2006-05-22,24,1001.3,1159.0,rqds
2006-05-23,24,910.3,1178.0,rqds
2006-05-24,24,799.6,1087.0,rqds
2006-05-25,24,762.4,1109.0,rqds
2006-05-26,24,770.9,1136.0,rqds
2006-05-27,24,854.3,1237.0,rqds
2006-05-28,24,976.5,1353.0,rqds
2006-05-29,24,877.7,1333.0,rqds
2006-05-30,24,812.5,1229.0,rqds
2006-05-31,24,817.9,1139.0,rqds
2006-06-01,24,805.3,1078.0,rqds
2006-06-02,24,855.4,1070.0,rqds
2006-06-03,24,862.5,1043.0,rqds
2006-06-04,24,894.4,1027.0,rqds
2006-06-05,24,931.2,1066.0,rqds
2006-06-06,24,925.4,1072.0,rqds
2006-06-07,24,812.5,1042.0,rqds
2006-06-08,24,770.5,1098.0,rqds
2006-06-09,24,837.6,1196.0,rqds
2006-06-10,24,876.5,1230.0,rqds
2006-06-11,24,928.6,1347.0,rqds
2006-06-12,24,1055.9,1461.0,rqds
2006-06-13,24,1056.7,1527.0,rqds
2006-06-14,24,941.5,1420.0,rqds
2006-06-15,24,865.8,1278.0,rqds
2006-06-16,24,851.3,1156.0,rqds
2006-06-17,24,862.5,1081.0,rqds
2006-06-18,24,879.1,997.0,rqds
2006-06-19,24,1009.1,1114.0,rqds
2006-06-20,24,826.8,1047.0,rqds
2006-06-21,24,771.1,1094.0,rqds
2006-06-22,24,808.6,1204.0,rqds
2006-06-23,24,811.0,1166.0,rqds
2006-06-24,24,808.5,1222.0,rqds
2006-06-25,24,856.0,1235.0,rqds
2006-06-26,24,868.2,1246.0,rqds
2006-06-27,24,981.0,1398.0,rqds
2006-06-28,24,791.2,1173.0,rqds
2006-06-29,24,837.7,1105.0,rqds
2006-06-30,24,912.3,1162.0,rqds
2006-07-01,24,858.8,1048.0,rqds
2006-07-02,24,897.0,1005.0,rqds
2006-07-03,24,896.8,1031.0,rqds
2006-07-04,24,779.7,909.0,rqds
2006-07-05,24,698.3,901.0,rqds
2006-07-06,24,726.7,1030.0,rqds
2006-07-07,24,824.6,1236.0,rqds
2006-07-08,24,983.6,1407.0,rqds
2006-07-09,24,936.0,1364.0,rqds
2006-07-10,24,731.3,1274.0,rqds
2006-07-11,24,571.6,1074.0,rqds
2006-07-12,24,546.8,986.0,rqds
2006-07-13,24,613.3,979.0,rqds
2006-07-14,24,667.4,956.0,rqds
2006-07-15,24,621.9,818.0,rqds
2006-07-16,24,643.6,754.0,rqds
2006-07-17,24,744.4,923.0,rqds
2006-07-18,24,768.2,1010.0,rqds
2006-07-19,24,767.2,1090.0,rqds
2006-07-20,24,837.7,1047.0,rqds
2006-07-21,24,640.6,982.0,rqds
2006-07-22,24,636.7,1028.0,rqds
2006-07-23,24,782.8,1212.0,rqds
2006-07-24,24,882.8,1381.0,rqds
2006-07-25,24,745.7,1159.0,rqds
2006-07-26,24,806.5,1080.0,rqds
2006-07-27,24,854.0,1298.0,rqds
2006-07-28,24,753.8,995.0,rqds
2006-07-29,24,779.7,995.0,rqds
2006-07-30,24,804.5,921.0,rqds
2006-07-31,24,858.2,950.0,rqds
2006-08-01,24,892.1,1011.0,rqds
2006-08-02,24,809.7,984.0,rqds
2006-08-03,24,808.6,1041.0,rqds
2006-08-04,24,732.9,997.0,rqds
2006-08-05,24,741.0,1134.0,rqds
2006-08-06,24,878.6,1425.0,rqds
2006-08-07,24,973.1,1453.0,rqds
2006-08-08,24,633.2,1198.0,rqds
2006-08-09,24,606.0,1023.0,rqds
2006-08-10,24,649.1,1028.0,rqds
2006-08-11,24,799.4,1022.0,rqds
2006-08-12,24,870.0,1058.0,rqds
2006-08-13,24,799.5,950.0,rqds
2006-08-14,24,971.6,1258.0,rqds
2006-08-15,24,921.8,1079.0,rqds
2006-08-16,24,694.7,948.0,rqds
2006-08-17,24,777.8,1122.0,rqds
2006-08-18,24,919.5,1247.0,rqds
2006-08-19,24,975.1,1204.0,rqds
2006-08-20,24,846.9,1168.0,rqds
2006-08-21,24,987.3,1427.0,rqds
2006-08-22,24,1039.1,1543.0,rqds
2006-08-23,24,771.1,1125.0,rqds
2006-08-24,24,793.5,1049.0,rqds
2006-08-25,24,784.3,1079.0,rqds
2006-08-26,24,667.8,892.0,rqds
2006-08-27,24,658.7,779.0,rqds
2006-08-28,24,703.0,841.0,rqds
2006-08-29,24,804.4,1012.0,rqds
2006-08-30,24,984.2,1288.0,rqds
2006-08-31,24,878.3,1058.0,rqds
2006-09-01,24,730.4,943.0,rqds
2006-09-02,24,627.2,887.0,rqds
2006-09-03,24,651.8,973.0,rqds
2006-09-04,24,485.4,962.0,rqds
2006-09-05,24,357.5,711.0,rqds
2006-09-06,24,335.6,672.0,rqds
2006-09-07,24,423.7,691.0,rqds
2006-09-08,24,663.3,856.0,rqds
2006-09-09,24,771.1,919.0,rqds
2006-09-10,24,909.7,1179.0,rqds
2006-09-11,24,918.5,1162.0,rqds
2006-09-12,24,713.8,984.0,rqds
2006-09-13,24,685.7,948.0,rqds
2006-09-14,24,714.0,979.0,rqds
2006-09-15,24,775.0,1032.0,rqds
2006-09-16,24,823.3,1060.0,rqds
2006-09-17,24,839.8,1100.0,rqds
2006-09-18,24,774.4,1114.0,rqds
2006-09-19,24,714.0,931.0,rqds
2006-09-20,24,793.5,1044.0,rqds
2006-09-21,24,796.4,1111.0,rqds
2006-09-22,24,768.3,908.0,rqds
2006-09-23,24,705.1,854.0,rqds
2006-09-24,24,697.6,895.0,rqds
2006-09-25,24,678.5,909.0,rqds
2006-09-26,24,662.0,928.0,rqds
2006-09-27,24,615.0,887.0,rqds
2006-09-28,24,594.7,875.0,rqds
2006-09-29,24,684.9,963.0,rqds
2006-09-30,24,680.7,910.0,rqds
2006-10-01,24,667.3,873.0,rqds
2006-10-02,24,690.2,1018.0,rqds
2006-10-03,24,757.8,988.0,rqds
2006-10-04,24,589.3,864.0,rqds
2006-10-05,24,586.9,810.0,rqds
2006-10-06,24,572.4,805.0,rqds
2006-10-07,24,526.0,753.0,rqds
2006-10-08,24,579.1,889.0,rqds
2006-10-09,24,644.5,988.0,rqds
2006-10-10,24,735.6,1101.0,rqds
2006-10-11,24,769.9,1050.0,rqds
2006-10-12,24,652.1,956.0,rqds
2006-10-13,24,544.3,779.0,rqds
2006-10-14,24,522.5,738.0,rqds
2006-10-15,24,563.1,677.0,rqds
2006-10-16,24,517.3,625.0,rqds
2006-10-17,24,543.2,650.0,rqds
2006-10-18,24,539.2,634.0,rqds
2006-10-19,24,506.0,644.0,rqds
2006-10-20,24,616.6,800.0,rqds
2006-10-21,24,831.7,1069.0,rqds
2006-10-22,24,774.6,1030.0,rqds
2006-10-23,24,676.2,973.0,rqds
2006-10-24,24,618.2,952.0,rqds
2006-10-25,24,653.4,1020.0,rqds
2006-10-26,24,674.9,1024.0,rqds
2006-10-27,24,692.2,1023.0,rqds
2006-10-28,24,729.2,1039.0,rqds
2006-10-29,24,707.0,936.0,rqds
2006-10-30,24,697.2,888.0,rqds
2006-10-31,24,673.3,793.0,rqds
2006-11-01,24,605.6,740.0,rqds
2006-11-02,24,570.0,723.0,rqds
2006-11-03,24,518.8,736.0,rqds
2006-11-04,24,572.0,932.0,rqds
2006-11-05,24,702.9,1108.0,rqds
2006-11-06,24,831.5,1255.0,rqds
2006-11-07,24,850.2,1268.0,rqds
2006-11-08,24,799.0,1189.0,rqds
2006-11-09,24,823.3,1191.0,rqds
2006-11-10,24,837.1,1167.0,rqds
2006-11-11,24,726.4,958.0,rqds
2006-11-12,24,657.7,851.0,rqds
2006-11-13,24,702.2,833.0,rqds
2006-11-14,24,748.8,858.0,rqds
2006-11-15,24,767.8,911.0,rqds
2006-11-16,24,713.3,896.0,rqds
2006-11-17,24,655.2,889.0,rqds
2006-11-18,24,693.8,986.0,rqds
2006-11-19,24,711.2,1043.0,rqds
2006-11-20,24,660.3,1012.0,rqds
2006-11-21,24,602.9,993.0,rqds
2006-11-22,24,591.1,988.0,rqds
2006-11-23,24,615.0,1008.0,rqds
2006-11-24,24,597.6,956.0,rqds
2006-11-25,24,640.9,981.0,rqds
2006-11-26,24,748.1,1034.0,rqds
2006-11-27,24,806.4,1039.0,rqds
2006-11-28,24,907.8,1115.0,rqds
2006-11-29,24,857.9,985.0,rqds
2006-11-30,24,695.1,922.0,rqds
2006-12-01,24,576.8,900.0,rqds
2006-12-02,24,560.4,921.0,rqds
2006-12-03,24,563.9,978.0,rqds
2006-12-04,24,530.6,996.0,rqds
2006-12-05,24,533.0,980.0,rqds
2006-12-06,24,646.4,1081.0,rqds
2006-12-07,24,731.5,1159.0,rqds
2006-12-08,24,628.1,968.0,rqds
2006-12-09,24,517.5,781.0,rqds
2006-12-10,24,461.0,686.0,rqds
2006-12-11,24,503.7,710.0,rqds
2006-12-12,24,591.8,725.0,rqds
2006-12-13,24,619.3,757.0,rqds
2006-12-14,24,625.3,796.0,rqds
2006-12-15,24,647.1,880.0,rqds
2006-12-16,24,683.0,975.0,rqds
2006-12-17,24,712.6,1064.0,rqds
2006-12-18,24,761.5,1154.0,rqds
2006-12-19,24,811.0,1232.0,rqds
2006-12-20,24,789.9,1224.0,rqds
2006-12-21,24,663.3,1103.0,rqds
2006-12-22,24,605.4,1056.0,rqds
2006-12-23,24,554.8,931.0,rqds
2006-12-24,24,657.8,1018.0,rqds
2006-12-25,24,756.7,992.0,rqds
2006-12-26,24,785.3,929.0,rqds
2006-12-27,24,834.3,943.0,rqds
2006-12-28,24,850.3,1062.0,rqds
2006-12-29,24,783.6,1071.0,rqds
2006-12-30,24,722.2,1068.0,rqds
2006-12-31,24,741.4,1129.0,rqds
2007-01-01,24,803.6,1251.0,rqds
2007-01-02,24,820.2,1299.0,rqds
2007-01-03,24,702.5,1144.0,rqds
2007-01-04,24,579.0,991.0,rqds
2007-01-05,24,539.9,905.0,rqds
2007-01-06,24,648.4,977.0,rqds
2007-01-07,24,685.5,916.0,rqds
2007-01-08,24,701.7,908.0,rqds
2007-01-09,24,819.3,996.0,rqds
2007-01-10,24,813.2,941.0,rqds
2007-01-11,24,706.7,838.0,rqds
2007-01-12,24,676.7,874.0,rqds
2007-01-13,24,684.5,924.0,rqds
2007-01-14,24,749.8,1062.0,rqds
2007-01-15,24,651.8,1005.0,rqds
2007-01-16,24,539.3,953.0,rqds
2007-01-17,24,502.8,914.0,rqds
2007-01-18,24,482.6,920.0,rqds
2007-01-19,24,433.2,842.0,rqds
2007-01-20,24,426.1,794.0,rqds
2007-01-21,24,493.2,823.0,rqds
2007-01-22,24,605.8,841.0,rqds
2007-01-23,24,635.2,771.0,rqds
2007-01-24,24,643.9,793.0,rqds
2007-01-25,24,618.5,852.0,rqds
2007-01-26,24,631.0,915.0,rqds
2007-01-27,24,748.8,1069.0,rqds
2007-01-28,24,792.6,1152.0,rqds
2007-01-29,24,758.9,1115.0,rqds
2007-01-30,24,712.8,1082.0,rqds
2007-01-31,24,703.5,1080.0,rqds
2007-02-01,24,656.3,1018.0,rqds
2007-02-02,24,648.9,975.0,rqds
2007-02-03,24,655.3,967.0,rqds
2007-02-04,24,513.3,724.0,rqds
2007-02-05,24,503.0,697.0,rqds
2007-02-06,24,528.8,684.0,rqds
2007-02-07,24,610.9,705.0,rqds
2007-02-08,24,574.7,721.0,rqds
2007-02-09,24,658.8,839.0,rqds
2007-02-10,24,720.0,928.0,rqds
2007-02-11,24,726.0,974.0,rqds
2007-02-12,24,637.3,949.0,rqds
2007-02-13,24,592.8,914.0,rqds
2007-02-14,24,618.9,970.0,rqds
2007-02-15,24,681.5,1046.0,rqds
2007-02-16,24,760.0,1140.0,rqds
2007-02-17,24,711.5,1048.0,rqds
2007-02-18,24,700.7,1008.0,rqds
2007-02-19,24,671.5,858.0,rqds
2007-02-20,24,665.4,780.0,rqds
2007-02-21,24,726.3,913.0,rqds
2007-02-22,24,705.6,947.0,rqds
2007-02-23,24,696.4,1005.0,rqds
2007-02-24,24,744.0,1020.0,rqds
2007-02-25,24,837.7,1140.0,rqds
2007-02-26,24,936.3,1236.0,rqds
2007-02-27,24,996.5,1301.0,rqds
2007-02-28,24,1034.8,1298.0,rqds
2007-03-01,24,961.3,1232.0,rqds
2007-03-02,24,833.0,1113.0,rqds
2007-03-03,24,763.7,997.0,rqds
2007-03-04,24,737.9,921.0,rqds
2007-03-05,24,766.0,952.0,rqds
2007-03-06,24,795.0,914.0,rqds
2007-03-07,24,892.4,1030.0,rqds
2007-03-08,24,912.7,1134.0,rqds
2007-03-09,24,695.5,1025.0,rqds
2007-03-10,24,590.3,886.0,rqds
2007-03-11,24,605.8,875.0,rqds
2007-03-12,24,760.0,986.0,rqds
2007-03-13,24,844.6,1107.0,rqds
2007-03-14,24,843.4,1142.0,rqds
2007-03-15,24,740.2,1037.0,rqds
2007-03-16,24,681.1,986.0,rqds
2007-03-17,24,780.1,1066.0,rqds
2007-03-18,24,872.4,1114.0,rqds
2007-03-19,24,875.4,1022.0,rqds
2007-03-20,24,835.5,1027.0,rqds
2007-03-21,24,810.0,1125.0,rqds
2007-03-22,24,728.8,1132.0,rqds
2007-03-23,24,556.3,938.0,rqds
2007-03-24,24,577.3,886.0,rqds
2007-03-25,24,719.2,951.0,rqds
2007-03-26,24,741.4,1113.0,rqds
2007-03-27,24,604.7,864.0,rqds
2007-03-28,24,555.8,767.0,rqds
2007-03-29,24,680.4,868.0,rqds
2007-03-30,24,877.2,1056.0,rqds
2007-03-31,24,890.5,1044.0,rqds
2007-04-01,24,737.5,913.0,rqds
2007-04-02,24,710.7,851.0,rqds
2007-04-03,24,763.8,920.0,rqds
2007-04-04,24,856.4,1058.0,rqds
2007-04-05,24,852.8,1147.0,rqds
2007-04-06,24,820.4,1143.0,rqds
2007-04-07,24,847.5,1182.0,rqds
2007-04-08,24,739.1,1165.0,rqds
2007-04-09,24,630.5,940.0,rqds
2007-04-10,24,644.3,938.0,rqds
2007-04-11,24,699.7,947.0,rqds
2007-04-12,24,849.9,1057.0,rqds
2007-04-13,24,886.4,1067.0,rqds
2007-04-14,24,911.6,1105.0,rqds
2007-04-15,24,962.5,1188.0,rqds
2007-04-16,24,846.2,1047.0,rqds
2007-04-17,24,865.4,1132.0,rqds
2007-04-18,24,783.2,1145.0,rqds
2007-04-19,24,778.1,1189.0,rqds
2007-04-20,24,788.5,1178.0,rqds
2007-04-21,24,787.6,1203.0,rqds
2007-04-22,24,816.0,1137.0,rqds
2007-04-23,24,912.1,1157.0,rqds
2007-04-24,24,969.2,1249.0,rqds
2007-04-25,24,892.8,1078.0,rqds
2007-04-26,24,866.9,985.0,rqds
2007-04-27,24,906.7,1008.0,rqds
2007-04-28,24,1003.9,1198.0,rqds
2007-04-29,24,1135.1,1256.0,rqds
2007-04-30,24,1150.1,1279.0,rqds
2007-05-01,24,1018.6,1318.0,rqds
2007-05-02,24,952.6,1296.0,rqds
2007-05-03,24,901.9,1237.0,rqds
2007-05-04,24,851.8,1255.0,rqds
2007-05-05,24,810.4,1177.0,rqds
2007-05-06,24,747.5,1175.0,rqds
2007-05-07,24,670.9,1027.0,rqds
2007-05-08,24,622.5,946.0,rqds
2007-05-09,24,629.9,887.0,rqds
2007-05-10,24,734.9,928.0,rqds
2007-05-11,24,813.5,929.0,rqds
2007-05-12,24,786.4,894.0,rqds
2007-05-13,24,752.8,945.0,rqds
2007-05-14,24,728.5,991.0,rqds
2007-05-15,24,692.0,1028.0,rqds
2007-05-16,24,710.8,1127.0,rqds
2007-05-17,24,772.4,1180.0,rqds
2007-05-18,24,739.3,1183.0,rqds
2007-05-19,24,755.6,1183.0,rqds
2007-05-20,24,683.3,1096.0,rqds
2007-05-21,24,708.0,1026.0,rqds
2007-05-22,24,759.3,969.0,rqds
2007-05-23,24,819.2,990.0,rqds
2007-05-24,24,896.5,1019.0,rqds
2007-05-25,24,987.8,1109.0,rqds
2007-05-26,24,925.0,1107.0,rqds
2007-05-27,24,992.7,1141.0,rqds
2007-05-28,24,815.6,1107.0,rqds
2007-05-29,24,808.2,1076.0,rqds
2007-05-30,24,763.2,1113.0,rqds
2007-05-31,24,760.4,1099.0,rqds
2007-06-01,24,819.6,1178.0,rqds
2007-06-02,24,817.0,1231.0,rqds
2007-06-03,24,766.7,1165.0,rqds
2007-06-04,24,744.8,1122.0,rqds
2007-06-05,24,806.0,1111.0,rqds
2007-06-06,24,970.8,1219.0,rqds
2007-06-07,24,1039.0,1292.0,rqds
2007-06-08,24,907.3,1056.0,rqds
2007-06-09,24,881.5,1062.0,rqds
2007-06-10,24,840.7,1061.0,rqds
2007-06-11,24,844.4,1215.0,rqds
2007-06-12,24,931.5,1332.0,rqds
2007-06-13,24,946.1,1353.0,rqds
2007-06-14,24,837.5,1348.0,rqds
2007-06-15,24,767.0,1274.0,rqds
2007-06-16,24,822.6,1245.0,rqds
2007-06-17,24,832.1,1242.0,rqds
2007-06-18,24,769.9,1160.0,rqds
2007-06-19,24,741.7,1018.0,rqds
2007-06-20,24,772.9,979.0,rqds
2007-06-21,24,903.9,1055.0,rqds
2007-06-22,24,1142.3,1245.0,rqds
2007-06-23,24,1035.1,1251.0,rqds
2007-06-24,24,867.1,1056.0,rqds
2007-06-25,24,870.3,1148.0,rqds
2007-06-26,24,936.4,1311.0,rqds
2007-06-27,24,1117.5,1456.0,rqds
2007-06-28,24,1078.8,1489.0,rqds
2007-06-29,24,1166.2,1542.0,rqds
2007-06-30,24,1103.8,1541.0,rqds
2007-07-01,24,1249.2,1618.0,rqds
2007-07-02,24,1184.5,1628.0,rqds
2007-07-03,24,928.4,1332.0,rqds
2007-07-04,24,803.6,1092.0,rqds
2007-07-05,24,819.5,1017.0,rqds
2007-07-06,24,847.2,954.0,rqds
2007-07-07,24,967.0,1160.0,rqds
2007-07-08,24,914.2,1129.0,rqds
2007-07-09,24,708.1,994.0,rqds
2007-07-10,24,681.5,1051.0,rqds
2007-07-11,24,695.7,1135.0,rqds
2007-07-12,24,729.2,1165.0,rqds
2007-07-13,24,780.2,1203.0,rqds
2007-07-14,24,817.9,1247.0,rqds
2007-07-15,24,776.3,1223.0,rqds
2007-07-16,24,654.2,1028.0,rqds
2007-07-17,24,653.7,923.0,rqds
2007-07-18,24,804.4,956.0,rqds
2007-07-19,24,1046.6,1149.0,rqds
2007-07-20,24,990.5,1145.0,rqds
2007-07-21,24,1148.2,1268.0,rqds
2007-07-22,24,1034.0,1194.0,rqds
2007-07-23,24,1089.9,1386.0,rqds
2007-07-24,24,963.0,1195.0,rqds
2007-07-25,24,814.4,1105.0,rqds
2007-07-26,24,871.9,1301.0,rqds
2007-07-27,24,1062.6,1333.0,rqds
2007-07-28,24,938.0,1379.0,rqds
2007-07-29,24,974.9,1368.0,rqds
2007-07-30,24,1097.4,1538.0,rqds
2007-07-31,24,943.3,1329.0,rqds
2007-08-01,24,815.6,1245.0,rqds
2007-08-02,24,703.0,904.0,rqds
2007-08-03,24,697.6,803.0,rqds
2007-08-04,24,777.7,972.0,rqds
2007-08-05,24,897.7,1187.0,rqds
2007-08-06,24,899.3,1157.0,rqds
2007-08-07,24,860.8,1205.0,rqds
2007-08-08,24,869.6,1234.0,rqds
2007-08-09,24,989.7,1408.0,rqds
2007-08-10,24,896.9,1345.0,rqds
2007-08-11,24,799.4,1202.0,rqds
2007-08-12,24,778.4,1100.0,rqds
2007-08-13,24,820.2,1113.0,rqds
2007-08-14,24,706.8,990.0,rqds
2007-08-15,24,662.8,888.0,rqds
2007-08-16,24,618.0,758.0,rqds
2007-08-17,24,657.2,794.0,rqds
2007-08-18,24,846.5,1035.0,rqds
2007-08-19,24,934.8,1110.0,rqds
2007-08-20,24,903.0,1087.0,rqds
2007-08-21,24,899.6,1138.0,rqds
2007-08-22,24,1015.9,1217.0,rqds
2007-08-23,24,868.6,1144.0,rqds
2007-08-24,24,858.4,1196.0,rqds
2007-08-25,24,961.3,1502.0,rqds
2007-08-26,24,995.9,1409.0,rqds
2007-08-27,24,832.9,1204.0,rqds
2007-08-28,24,854.4,1149.0,rqds
2007-08-29,24,843.7,1255.0,rqds
2007-08-30,24,638.5,805.0,rqds
2007-08-31,24,633.2,789.0,rqds
2007-09-01,24,605.0,821.0,rqds
2007-09-02,24,582.2,847.0,rqds
2007-09-03,24,745.1,1060.0,rqds
2007-09-04,24,768.7,1006.0,rqds
2007-09-05,24,677.8,947.0,rqds
2007-09-06,24,750.0,1102.0,rqds
2007-09-07,24,815.9,1061.0,rqds
2007-09-08,24,668.8,1024.0,rqds
2007-09-09,24,656.3,897.0,rqds
2007-09-10,24,737.1,932.0,rqds
2007-09-11,24,885.0,1024.0,rqds
2007-09-12,24,936.0,1109.0,rqds
2007-09-13,24,786.9,907.0,rqds
2007-09-14,24,857.1,997.0,rqds
2007-09-15,24,831.6,1016.0,rqds
2007-09-16,24,797.3,1051.0,rqds
2007-09-17,24,828.6,1066.0,rqds
2007-09-18,24,772.8,986.0,rqds
2007-09-19,24,736.7,977.0,rqds
2007-09-20,24,737.5,940.0,rqds
2007-09-21,24,744.0,1001.0,rqds
2007-09-22,24,727.3,1075.0,rqds
2007-09-23,24,933.8,1290.0,rqds
2007-09-24,24,859.3,1260.0,rqds
2007-09-25,24,764.6,990.0,rqds
2007-09-26,24,756.1,956.0,rqds
2007-09-27,24,685.8,883.0,rqds
2007-09-28,24,629.2,890.0,rqds
2007-09-29,24,644.5,974.0,rqds
2007-09-30,24,677.3,1001.0,rqds
2007-10-01,24,705.0,1060.0,rqds
2007-10-02,24,641.0,936.0,rqds
2007-10-03,24,626.6,866.0,rqds
2007-10-04,24,621.0,782.0,rqds
2007-10-05,24,621.5,845.0,rqds
2007-10-06,24,774.5,1026.0,rqds
2007-10-07,24,888.8,1124.0,rqds
2007-10-08,24,1002.4,1114.0,rqds
2007-10-09,24,810.4,983.0,rqds
2007-10-10,24,742.0,925.0,rqds
2007-10-11,24,698.8,915.0,rqds
2007-10-12,24,643.1,892.0,rqds
2007-10-13,24,641.0,966.0,rqds
2007-10-14,24,601.3,909.0,rqds
2007-10-15,24,615.7,923.0,rqds
2007-10-16,24,694.8,998.0,rqds
2007-10-17,24,683.0,928.0,rqds
2007-10-18,24,605.7,841.0,rqds
2007-10-19,24,676.5,863.0,rqds
2007-10-20,24,628.8,762.0,rqds
2007-10-21,24,499.4,609.0,rqds
2007-10-22,24,432.2,560.0,rqds
2007-10-23,24,489.6,652.0,rqds
2007-10-24,24,683.1,936.0,rqds
2007-10-25,24,859.7,1175.0,rqds
2007-10-26,24,897.0,1307.0,rqds
2007-10-27,24,743.1,1159.0,rqds
2007-10-28,24,663.9,1085.0,rqds
2007-10-29,24,708.5,1113.0,rqds
2007-10-30,24,691.5,1007.0,rqds
2007-10-31,24,662.4,940.0,rqds
2007-11-01,24,635.3,828.0,rqds
2007-11-02,24,606.2,726.0,rqds
2007-11-03,24,631.7,759.0,rqds
2007-11-04,24,725.3,827.0,rqds
2007-11-05,24,834.0,988.0,rqds
2007-11-06,24,788.9,976.0,rqds
2007-11-07,24,765.8,1021.0,rqds
2007-11-08,24,714.0,994.0,rqds
2007-11-09,24,646.7,961.0,rqds
2007-11-10,24,631.5,997.0,rqds
2007-11-11,24,670.4,1044.0,rqds
2007-11-12,24,824.4,1211.0,rqds
2007-11-13,24,835.6,1178.0,rqds
2007-11-14,24,780.3,1089.0,rqds
2007-11-15,24,724.8,1013.0,rqds
2007-11-16,24,738.7,996.0,rqds
2007-11-17,24,799.5,996.0,rqds
2007-11-18,24,756.8,874.0,rqds
2007-11-19,24,663.2,783.0,rqds
2007-11-20,24,560.3,757.0,rqds
2007-11-21,24,539.0,827.0,rqds
2007-11-22,24,637.8,989.0,rqds
2007-11-23,24,776.6,1206.0,rqds
2007-11-24,24,831.0,1273.0,rqds
2007-11-25,24,836.2,1301.0,rqds
2007-11-26,24,795.6,1246.0,rqds
2007-11-27,24,816.9,1216.0,rqds
2007-11-28,24,874.4,1199.0,rqds
2007-11-29,24,881.5,1168.0,rqds
2007-11-30,24,890.0,1096.0,rqds
2007-12-01,24,730.9,856.0,rqds
2007-12-02,24,676.0,813.0,rqds
2007-12-03,24,651.7,824.0,rqds
2007-12-04,24,706.5,914.0,rqds
2007-12-05,24,719.6,1018.0,rqds
2007-12-06,24,665.5,978.0,rqds
2007-12-07,24,638.4,1001.0,rqds
2007-12-08,24,525.9,900.0,rqds
2007-12-09,24,505.3,905.0,rqds
2007-12-10,24,634.4,1038.0,rqds
2007-12-11,24,858.4,1250.0,rqds
2007-12-12,24,854.8,1204.0,rqds
2007-12-13,24,787.3,1111.0,rqds
2007-12-14,24,716.8,973.0,rqds
2007-12-15,24,771.9,1020.0,rqds
2007-12-16,24,917.9,1106.0,rqds
2007-12-17,24,994.0,1116.0,rqds
2007-12-18,24,959.2,1152.0,rqds
2007-12-19,24,903.8,1180.0,rqds
2007-12-20,24,802.2,1164.0,rqds
2007-12-21,24,692.2,1107.0,rqds
2007-12-22,24,675.7,1131.0,rqds
2007-12-23,24,724.5,1216.0,rqds
2007-12-24,24,838.3,1302.0,rqds
2007-12-25,24,919.1,1337.0,rqds
2007-12-26,24,958.3,1321.0,rqds
2007-12-27,24,875.4,1171.0,rqds
2007-12-28,24,772.6,1004.0,rqds
2007-12-29,24,788.0,940.0,rqds
2007-12-30,24,758.8,871.0,rqds
2007-12-31,24,729.8,870.0,rqds
2008-01-01,24,828.8,991.0,rqds
2008-01-02,24,1049.2,1299.0,rqds
2008-01-03,24,1026.2,1352.0,rqds
2008-01-04,24,831.2,1207.0,rqds
2008-01-05,24,705.2,1084.0,rqds
2008-01-06,24,652.0,1062.0,rqds
2008-01-07,24,672.8,1066.0,rqds
2008-01-08,24,781.9,1189.0,rqds
2008-01-09,24,794.5,1177.0,rqds
2008-01-10,24,684.5,1041.0,rqds
2008-01-11,24,644.4,937.0,rqds
2008-01-12,24,618.3,836.0,rqds
2008-01-13,24,670.1,816.0,rqds
2008-01-14,24,622.4,765.0,rqds
2008-01-15,24,537.1,753.0,rqds
2008-01-16,24,645.8,897.0,rqds
2008-01-17,24,801.4,1117.0,rqds
2008-01-18,24,804.5,1191.0,rqds
2008-01-19,24,739.2,1157.0,rqds
2008-01-20,24,719.5,1181.0,rqds
2008-01-21,24,768.2,1235.0,rqds
2008-01-22,24,812.8,1240.0,rqds
2008-01-23,24,794.3,1148.0,rqds
2008-01-24,24,827.2,1132.0,rqds
2008-01-25,24,837.7,1064.0,rqds
2008-01-26,24,822.4,962.0,rqds
2008-01-27,24,822.5,915.0,rqds
2008-01-28,24,812.9,937.0,rqds
2008-01-29,24,777.5,964.0,rqds
2008-01-30,24,732.6,958.0,rqds
2008-01-31,24,767.5,1024.0,rqds
2008-02-01,24,828.2,1093.0,rqds
2008-02-02,24,969.5,1295.0,rqds
2008-02-03,24,994.9,1363.0,rqds
2008-02-04,24,985.4,1376.0,rqds
2008-02-05,24,977.0,1357.0,rqds
2008-02-06,24,958.7,1371.0,rqds
2008-02-07,24,926.9,1279.0,rqds
2008-02-08,24,963.0,1255.0,rqds
2008-02-09,24,930.7,1160.0,rqds
2008-02-10,24,949.6,1082.0,rqds
2008-02-11,24,908.3,1101.0,rqds
2008-02-12,24,879.5,1093.0,rqds
2008-02-13,24,955.8,1202.0,rqds
2008-02-14,24,969.2,1295.0,rqds
2008-02-15,24,867.9,1196.0,rqds
2008-02-16,24,825.3,1157.0,rqds
2008-02-17,24,799.1,1175.0,rqds
2008-02-18,24,712.0,1088.0,rqds
2008-02-19,24,592.2,926.0,rqds
2008-02-20,24,638.5,978.0,rqds
2008-02-21,24,613.7,891.0,rqds
2008-02-22,24,521.0,722.0,rqds
2008-02-23,24,696.2,891.0,rqds
2008-02-24,24,863.2,962.0,rqds
2008-02-25,24,912.3,1091.0,rqds
2008-02-26,24,904.1,1112.0,rqds
2008-02-27,24,980.0,1198.0,rqds
2008-02-28,24,1043.0,1284.0,rqds
2008-02-29,24,996.5,1266.0,rqds
2008-03-01,24,890.7,1152.0,rqds
2008-03-02,24,827.6,1081.0,rqds
2008-03-03,24,820.2,1089.0,rqds
2008-03-04,24,881.4,1189.0,rqds
2008-03-05,24,938.6,1245.0,rqds
2008-03-06,24,1001.0,1290.0,rqds
2008-03-07,24,1086.2,1338.0,rqds
2008-03-08,24,1033.0,1217.0,rqds
2008-03-09,24,858.3,1074.0,rqds
2008-03-10,24,851.8,1094.0,rqds
2008-03-11,24,906.4,1182.0,rqds
2008-03-12,24,973.7,1287.0,rqds
2008-03-13,24,940.9,1300.0,rqds
2008-03-14,24,910.8,1239.0,rqds
2008-03-15,24,923.8,1193.0,rqds
2008-03-16,24,961.2,1216.0,rqds
2008-03-17,24,872.1,1146.0,rqds
2008-03-18,24,836.2,1110.0,rqds
2008-03-19,24,861.9,1114.0,rqds
2008-03-20,24,945.9,1158.0,rqds
2008-03-21,24,1027.0,1158.0,rqds
2008-03-22,24,971.0,1145.0,rqds
2008-03-23,24,872.6,1100.0,rqds
2008-03-24,24,833.4,1077.0,rqds
2008-03-25,24,873.7,1099.0,rqds
2008-03-26,24,999.8,1231.0,rqds
2008-03-27,24,1039.1,1359.0,rqds
2008-03-28,24,1013.3,1337.0,rqds
2008-03-29,24,1015.5,1286.0,rqds
2008-03-30,24,1065.1,1277.0,rqds
2008-03-31,24,1112.3,1359.0,rqds
2008-04-01,24,891.4,1106.0,rqds
2008-04-02,24,842.0,1063.0,rqds
2008-04-03,24,948.8,1157.0,rqds
2008-04-04,24,1099.5,1272.0,rqds
2008-04-05,24,1176.0,1313.0,rqds
2008-04-06,24,1158.7,1427.0,rqds
2008-04-07,24,1129.0,1484.0,rqds
2008-04-08,24,960.5,1363.0,rqds
2008-04-09,24,1002.5,1366.0,rqds
2008-04-10,24,927.5,1366.0,rqds
2008-04-11,24,874.5,1219.0,rqds
2008-04-12,24,894.5,1181.0,rqds
2008-04-13,24,964.6,1187.0,rqds
2008-04-14,24,1079.5,1242.0,rqds
2008-04-15,24,1073.6,1192.0,rqds
2008-04-16,24,1052.4,1146.0,rqds
2008-04-17,24,1030.5,1169.0,rqds
2008-04-18,24,934.2,1156.0,rqds
2008-04-19,24,841.5,1099.0,rqds
2008-04-20,24,931.5,1194.0,rqds
2008-04-21,24,1002.3,1260.0,rqds
2008-04-22,24,1076.6,1402.0,rqds
2008-04-23,24,953.3,1386.0,rqds
2008-04-24,24,838.8,1235.0,rqds
2008-04-25,24,799.0,1114.0,rqds
2008-04-26,24,909.0,1154.0,rqds
2008-04-27,24,1039.9,1284.0,rqds
2008-04-28,24,1118.9,1345.0,rqds
2008-04-29,24,1102.0,1248.0,rqds
2008-04-30,24,933.8,1060.0,rqds
2008-05-01,24,943.4,1080.0,rqds
2008-05-02,24,986.3,1165.0,rqds
2008-05-03,24,960.2,1194.0,rqds
2008-05-04,24,924.6,1237.0,rqds
2008-05-05,24,917.0,1312.0,rqds
2008-05-06,24,923.8,1358.0,rqds
2008-05-07,24,968.4,1421.0,rqds
2008-05-08,24,988.8,1434.0,rqds
2008-05-09,24,989.0,1360.0,rqds
2008-05-10,24,1032.7,1388.0,rqds
2008-05-11,24,955.0,1193.0,rqds
2008-05-12,24,997.2,1124.0,rqds
2008-05-13,24,947.0,1160.0,rqds
2008-05-14,24,864.0,993.0,rqds
2008-05-15,24,820.4,1003.0,rqds
2008-05-16,24,729.8,946.0,rqds
2008-05-17,24,726.2,1033.0,rqds
2008-05-18,24,830.1,1157.0,rqds
2008-05-19,24,868.9,1206.0,rqds
2008-05-20,24,915.8,1257.0,rqds
2008-05-21,24,1045.8,1482.0,rqds
2008-05-22,24,1091.3,1513.0,rqds
2008-05-23,24,1049.7,1478.0,rqds
2008-05-24,24,1015.5,1400.0,rqds
2008-05-25,24,957.6,1280.0,rqds
2008-05-26,24,945.6,1192.0,rqds
2008-05-27,24,1016.5,1174.0,rqds
2008-05-28,24,1031.9,1213.0,rqds
2008-05-29,24,940.2,1111.0,rqds
2008-05-30,24,1027.2,1350.0,rqds
2008-05-31,24,1086.7,1382.0,rqds
2008-06-01,24,979.0,1371.0,rqds
2008-06-02,24,888.2,1318.0,rqds
2008-06-03,24,825.0,1338.0,rqds
2008-06-04,24,801.0,1315.0,rqds
2008-06-05,24,806.4,1250.0,rqds
2008-06-06,24,859.3,1270.0,rqds
2008-06-07,24,948.9,1257.0,rqds
2008-06-08,24,1191.0,1415.0,rqds
2008-06-09,24,1174.0,1592.0,rqds
2008-06-10,24,1010.9,1158.0,rqds
2008-06-11,24,951.0,1082.0,rqds
2008-06-12,24,865.2,1043.0,rqds
2008-06-13,24,843.1,1126.0,rqds
2008-06-14,24,1014.2,1474.0,rqds
2008-06-15,24,1113.7,1483.0,rqds
2008-06-16,24,949.2,1331.0,rqds
2008-06-17,24,825.3,1275.0,rqds
2008-06-18,24,806.1,1205.0,rqds
2008-06-19,24,716.8,1130.0,rqds
2008-06-20,24,743.2,1094.0,rqds
2008-06-21,24,860.7,1146.0,rqds
2008-06-22,24,1016.7,1292.0,rqds
2008-06-23,24,1107.2,1363.0,rqds
2008-06-24,24,1218.5,1436.0,rqds
2008-06-25,24,1011.7,1168.0,rqds
2008-06-26,24,1011.9,1223.0,rqds
2008-06-27,24,1209.8,1431.0,rqds
2008-06-28,24,1097.9,1364.0,rqds
2008-06-29,24,903.2,1263.0,rqds
2008-06-30,24,854.7,1304.0,rqds
2008-07-01,24,853.3,1319.0,rqds
2008-07-02,24,867.8,1336.0,rqds
2008-07-03,24,927.9,1427.0,rqds
2008-07-04,24,904.6,1342.0,rqds
2008-07-05,24,776.7,1284.0,rqds
2008-07-06,24,717.5,995.0,rqds
2008-07-07,24,828.3,971.0,rqds
2008-07-08,24,931.5,1010.0,rqds
2008-07-09,24,878.5,995.0,rqds
2008-07-10,24,1097.1,1290.0,rqds
2008-07-11,24,979.8,1163.0,rqds
2008-07-12,24,910.2,1153.0,rqds
2008-07-13,24,871.2,1180.0,rqds
2008-07-14,24,970.2,1435.0,rqds
2008-07-15,24,1119.8,1461.0,rqds
2008-07-16,24,975.0,1401.0,rqds
2008-07-17,24,1115.2,1489.0,rqds
2008-07-18,24,1094.5,1706.0,rqds
2008-07-19,24,738.0,1125.0,rqds
2008-07-20,24,708.9,1022.0,rqds
2008-07-21,24,767.1,991.0,rqds
2008-07-22,24,940.9,1068.0,rqds
2008-07-23,24,1043.8,1277.0,rqds
2008-07-24,24,914.5,1045.0,rqds
2008-07-25,24,926.4,1119.0,rqds
2008-07-26,24,959.1,1271.0,rqds
2008-07-27,24,1055.3,1390.0,rqds
2008-07-28,24,1056.4,1388.0,rqds
2008-07-29,24,1091.0,1601.0,rqds
2008-07-30,24,1075.0,1608.0,rqds
2008-07-31,24,866.3,1416.0,rqds
2008-08-01,24,941.8,1264.0,rqds
2008-08-02,24,867.2,1281.0,rqds
2008-08-03,24,765.5,1073.0,rqds
2008-08-04,24,727.5,904.0,rqds
2008-08-05,24,728.8,815.0,rqds
2008-08-06,24,777.5,891.0,rqds
2008-08-07,24,746.8,887.0,rqds
2008-08-08,24,713.3,882.0,rqds
2008-08-09,24,757.1,988.0,rqds
2008-08-10,24,833.4,1067.0,rqds
2008-08-11,24,811.5,1047.0,rqds
2008-08-12,24,772.1,1039.0,rqds
2008-08-13,24,770.7,1092.0,rqds
2008-08-14,24,812.6,1131.0,rqds
2008-08-15,24,821.8,1152.0,rqds
2008-08-16,24,846.8,1144.0,rqds
2008-08-17,24,853.9,1171.0,rqds
2008-08-18,24,876.0,1093.0,rqds
2008-08-19,24,806.6,1032.0,rqds
2008-08-20,24,652.7,764.0,rqds
2008-08-21,24,626.9,827.0,rqds
2008-08-22,24,738.8,997.0,rqds
2008-08-23,24,885.4,1148.0,rqds
2008-08-24,24,878.7,1144.0,rqds
2008-08-25,24,829.1,1114.0,rqds
2008-08-26,24,839.5,1203.0,rqds
2008-08-27,24,906.6,1285.0,rqds
2008-08-28,24,937.9,1287.0,rqds
2008-08-29,24,849.0,1264.0,rqds
2008-08-30,24,773.8,1055.0,rqds
2008-08-31,24,812.6,1055.0,rqds
2008-09-01,24,784.6,960.0,rqds
2008-09-02,24,740.0,872.0,rqds
2008-09-03,24,776.5,970.0,rqds
2008-09-04,24,721.8,946.0,rqds
2008-09-05,24,654.1,872.0,rqds
2008-09-06,24,642.6,877.0,rqds
2008-09-07,24,673.8,899.0,rqds
2008-09-08,24,766.6,996.0,rqds
2008-09-09,24,797.8,1023.0,rqds
2008-09-10,24,845.0,1140.0,rqds
2008-09-11,24,899.9,1198.0,rqds
2008-09-12,24,951.8,1187.0,rqds
2008-09-13,24,849.9,1142.0,rqds
2008-09-14,24,783.7,1119.0,rqds
2008-09-15,24,789.0,948.0,rqds
2008-09-16,24,902.4,1083.0,rqds
2008-09-17,24,931.2,1140.0,rqds
2008-09-18,24,982.1,1218.0,rqds
2008-09-19,24,867.3,1157.0,rqds
2008-09-20,24,896.5,1250.0,rqds
2008-09-21,24,683.5,896.0,rqds
2008-09-22,24,583.4,833.0,rqds
2008-09-23,24,710.4,1063.0,rqds
2008-09-24,24,926.7,1192.0,rqds
2008-09-25,24,844.5,1145.0,rqds
2008-09-26,24,739.8,989.0,rqds
2008-09-27,24,757.8,926.0,rqds
2008-09-28,24,779.5,896.0,rqds
2008-09-29,24,897.7,1076.0,rqds
2008-09-30,24,919.2,1109.0,rqds
2008-10-01,24,958.8,1242.0,rqds
2008-10-02,24,805.2,1056.0,rqds
2008-10-03,24,745.5,1034.0,rqds
2008-10-04,24,682.6,915.0,rqds
2008-10-05,24,558.1,805.0,rqds
2008-10-06,24,481.9,698.0,rqds
2008-10-07,24,456.0,661.0,rqds
2008-10-08,24,552.8,757.0,rqds
2008-10-09,24,598.5,777.0,rqds
2008-10-10,24,684.1,845.0,rqds
2008-10-11,24,738.0,876.0,rqds
2008-10-12,24,697.1,874.0,rqds
2008-10-13,24,635.3,813.0,rqds
2008-10-14,24,690.9,939.0,rqds
2008-10-15,24,849.0,1187.0,rqds
2008-10-16,24,821.4,1157.0,rqds
2008-10-17,24,783.2,1163.0,rqds
2008-10-18,24,701.8,1054.0,rqds
2008-10-19,24,691.9,1036.0,rqds
2008-10-20,24,837.4,1151.0,rqds
2008-10-21,24,872.6,1075.0,rqds
2008-10-22,24,844.6,1070.0,rqds
2008-10-23,24,920.4,1103.0,rqds
2008-10-24,24,1060.5,1230.0,rqds
2008-10-25,24,863.5,997.0,rqds
2008-10-26,24,850.5,1043.0,rqds
2008-10-27,24,911.5,1165.0,rqds
2008-10-28,24,947.2,1241.0,rqds
2008-10-29,24,795.8,1099.0,rqds
2008-10-30,24,702.0,1011.0,rqds
2008-10-31,24,672.3,1039.0,rqds
2008-11-01,24,694.6,1018.0,rqds
2008-11-02,24,753.4,1072.0,rqds
2008-11-03,24,852.0,1172.0,rqds
2008-11-04,24,849.7,1103.0,rqds
2008-11-05,24,857.2,1035.0,rqds
2008-11-06,24,682.0,768.0,rqds
2008-11-07,24,591.7,674.0,rqds
2008-11-08,24,631.3,760.0,rqds
2008-11-09,24,689.7,848.0,rqds
2008-11-10,24,794.5,1063.0,rqds
2008-11-11,24,822.9,1154.0,rqds
2008-11-12,24,762.8,1150.0,rqds
2008-11-13,24,657.1,1111.0,rqds
2008-11-14,24,554.2,999.0,rqds
2008-11-15,24,532.2,972.0,rqds
2008-11-16,24,575.5,947.0,rqds
2008-11-17,24,628.4,945.0,rqds
2008-11-18,24,730.2,1008.0,rqds
2008-11-19,24,867.8,1061.0,rqds
2008-11-20,24,954.4,1089.0,rqds
2008-11-21,24,980.3,1090.0,rqds
2008-11-22,24,1077.8,1285.0,rqds
2008-11-23,24,1026.4,1275.0,rqds
2008-11-24,24,925.9,1219.0,rqds
2008-11-25,24,936.0,1278.0,rqds
2008-11-26,24,901.3,1263.0,rqds
2008-11-27,24,738.4,1118.0,rqds
2008-11-28,24,681.8,1073.0,rqds
2008-11-29,24,629.5,1014.0,rqds
2008-11-30,24,564.9,904.0,rqds
2008-12-01,24,636.1,981.0,rqds
2008-12-02,24,841.9,1170.0,rqds
2008-12-03,24,997.3,1265.0,rqds
2008-12-04,24,949.0,1134.0,rqds
2008-12-05,24,866.5,998.0,rqds
2008-12-06,24,818.2,939.0,rqds
2008-12-07,24,835.6,1030.0,rqds
2008-12-08,24,851.3,1111.0,rqds
2008-12-09,24,886.9,1236.0,rqds
2008-12-10,24,875.1,1307.0,rqds
2008-12-11,24,797.3,1266.0,rqds
2008-12-12,24,717.1,1203.0,rqds
2008-12-13,24,720.0,1206.0,rqds
2008-12-14,24,820.2,1272.0,rqds
2008-12-15,24,823.7,1167.0,rqds
2008-12-16,24,747.5,1025.0,rqds
2008-12-17,24,668.3,846.0,rqds
2008-12-18,24,691.2,808.0,rqds
2008-12-19,24,779.8,912.0,rqds
2008-12-20,24,794.3,969.0,rqds
2008-12-21,24,753.8,1011.0,rqds
2008-12-22,24,714.2,984.0,rqds
2008-12-23,24,666.0,990.0,rqds
2008-12-24,24,670.8,1014.0,rqds
2008-12-25,24,609.4,974.0,rqds
2008-12-26,24,582.9,963.0,rqds
2008-12-27,24,584.6,980.0,rqds
2008-12-28,24,644.8,1021.0,rqds
2008-12-29,24,801.1,1196.0,rqds
2008-12-30,24,879.9,1194.0,rqds
2008-12-31,24,922.9,1175.0,rqds
2009-01-01,24,910.2,1118.0,rqds
2009-01-02,24,900.6,1052.0,rqds
2009-01-03,24,787.2,921.0,rqds
2009-01-04,24,769.1,964.0,rqds
2009-01-05,24,781.2,1048.0,rqds
2009-01-06,24,778.8,1112.0,rqds
2009-01-07,24,777.4,1163.0,rqds
2009-01-08,24,783.9,1239.0,rqds
2009-01-09,24,836.9,1312.0,rqds
2009-01-10,24,833.2,1327.0,rqds
2009-01-11,24,869.4,1303.0,rqds
2009-01-12,24,805.1,1157.0,rqds
2009-01-13,24,739.8,1029.0,rqds
2009-01-14,24,660.9,863.0,rqds
2009-01-15,24,712.7,852.0,rqds
2009-01-16,24,783.0,887.0,rqds
2009-01-17,24,791.5,930.0,rqds
2009-01-18,24,791.8,1023.0,rqds
2009-01-19,24,709.1,974.0,rqds
2009-01-20,24,645.2,945.0,rqds
2009-01-21,24,661.2,952.0,rqds
2009-01-22,24,697.6,1025.0,rqds
2009-01-23,24,806.7,1177.0,rqds
2009-01-24,24,830.1,1189.0,rqds
2009-01-25,24,850.3,1213.0,rqds
2009-01-26,24,894.7,1269.0,rqds
2009-01-27,24,918.7,1233.0,rqds
2009-01-28,24,934.9,1195.0,rqds
2009-01-29,24,860.5,1047.0,rqds
2009-01-30,24,891.1,1011.0,rqds
2009-01-31,24,870.4,990.0,rqds
2009-02-01,24,882.8,1081.0,rqds
2009-02-02,24,870.3,1098.0,rqds
2009-02-03,24,869.1,1163.0,rqds
2009-02-04,24,763.0,1102.0,rqds
2009-02-05,24,734.7,1118.0,rqds
2009-02-06,24,644.8,1054.0,rqds
2009-02-07,24,584.3,1003.0,rqds
2009-02-08,24,610.8,1044.0,rqds
2009-02-09,24,763.8,1162.0,rqds
2009-02-10,24,947.9,1253.0,rqds
2009-02-11,24,994.4,1185.0,rqds
2009-02-12,24,919.0,1068.0,rqds
2009-02-13,24,740.2,907.0,rqds
2009-02-14,24,769.9,927.0,rqds
2009-02-15,24,863.0,1045.0,rqds
2009-02-16,24,850.1,1140.0,rqds
2009-02-17,24,787.0,1040.0,rqds
2009-02-18,24,827.1,1075.0,rqds
2009-02-19,24,873.3,1142.0,rqds
2009-02-20,24,921.5,1205.0,rqds
2009-02-21,24,985.9,1293.0,rqds
2009-02-22,24,879.3,1171.0,rqds
2009-02-23,24,969.8,1250.0,rqds
2009-02-24,24,1023.0,1287.0,rqds
2009-02-25,24,993.7,1196.0,rqds
2009-02-26,24,820.6,981.0,rqds
2009-02-27,24,756.5,914.0,rqds
2009-02-28,24,792.2,962.0,rqds
2009-03-01,24,875.2,1100.0,rqds
2009-03-02,24,685.1,1061.0,rqds
2009-03-03,24,601.8,905.0,rqds
2009-03-04,24,667.2,945.0,rqds
2009-03-05,24,841.2,1136.0,rqds
2009-03-06,24,899.1,1228.0,rqds
2009-03-07,24,918.7,1242.0,rqds
2009-03-08,24,978.9,1310.0,rqds
2009-03-09,24,1017.6,1325.0,rqds
2009-03-10,24,1045.9,1256.0,rqds
2009-03-11,24,1010.6,1138.0,rqds
2009-03-12,24,923.3,1128.0,rqds
2009-03-13,24,801.3,1039.0,rqds
2009-03-14,24,821.2,1014.0,rqds
2009-03-15,24,961.1,1167.0,rqds
2009-03-16,24,998.1,1274.0,rqds
2009-03-17,24,951.6,1296.0,rqds
2009-03-18,24,782.2,1057.0,rqds
2009-03-19,24,823.5,1016.0,rqds
2009-03-20,24,860.5,1076.0,rqds
2009-03-21,24,875.4,1072.0,rqds
2009-03-22,24,933.6,1167.0,rqds
2009-03-23,24,888.6,1085.0,rqds
2009-03-24,24,850.8,1051.0,rqds
2009-03-25,24,778.7,914.0,rqds
2009-03-26,24,747.7,904.0,rqds
2009-03-27,24,810.3,1010.0,rqds
2009-03-28,24,764.6,1066.0,rqds
2009-03-29,24,722.1,1040.0,rqds
2009-03-30,24,729.0,1096.0,rqds
2009-03-31,24,694.7,1062.0,rqds
2009-04-01,24,639.3,1005.0,rqds
2009-04-02,24,580.7,906.0,rqds
2009-04-03,24,603.0,859.0,rqds
2009-04-04,24,710.2,955.0,rqds
2009-04-05,24,791.1,1004.0,rqds
2009-04-06,24,837.3,1032.0,rqds
2009-04-07,24,905.5,1028.0,rqds
2009-04-08,24,946.1,1071.0,rqds
2009-04-09,24,980.7,1167.0,rqds
2009-04-10,24,1014.6,1251.0,rqds
2009-04-11,24,994.2,1321.0,rqds
2009-04-12,24,940.3,1295.0,rqds
2009-04-13,24,930.6,1264.0,rqds
2009-04-14,24,933.4,1279.0,rqds
2009-04-15,24,870.5,1196.0,rqds
2009-04-16,24,861.1,1111.0,rqds
2009-04-17,24,879.6,1094.0,rqds
2009-04-18,24,905.8,1098.0,rqds
2009-04-19,24,918.2,1055.0,rqds
2009-04-20,24,890.4,988.0,rqds
2009-04-21,24,876.1,984.0,rqds
2009-04-22,24,732.1,979.0,rqds
2009-04-23,24,714.7,935.0,rqds
2009-04-24,24,745.1,1012.0,rqds
2009-04-25,24,749.7,1093.0,rqds
2009-04-26,24,787.6,1156.0,rqds
2009-04-27,24,814.5,1242.0,rqds
2009-04-28,24,819.3,1197.0,rqds
2009-04-29,24,818.4,1254.0,rqds
2009-04-30,24,726.4,1105.0,rqds
2009-05-01,24,723.1,967.0,rqds
2009-05-02,24,848.4,1010.0,rqds
2009-05-03,24,899.1,999.0,rqds
2009-05-04,24,908.1,997.0,rqds
2009-05-05,24,917.6,1055.0,rqds
2009-05-06,24,919.2,1154.0,rqds
2009-05-07,24,935.5,1175.0,rqds
2009-05-08,24,923.7,1213.0,rqds
2009-05-09,24,991.4,1292.0,rqds
2009-05-10,24,1021.3,1392.0,rqds
2009-05-11,24,911.5,1341.0,rqds
2009-05-12,24,832.4,1215.0,rqds
2009-05-13,24,837.7,1193.0,rqds
2009-05-14,24,867.6,1173.0,rqds
2009-05-15,24,912.4,1163.0,rqds
2009-05-16,24,952.7,1153.0,rqds
2009-05-17,24,1051.6,1177.0,rqds
2009-05-18,24,1069.0,1167.0,rqds
2009-05-19,24,1069.6,1310.0,rqds
2009-05-20,24,1192.0,1555.0,rqds
2009-05-21,24,1376.5,1612.0,rqds
2009-05-22,24,1207.0,1652.0,rqds
2009-05-23,24,907.5,1433.0,rqds
2009-05-24,24,860.0,1292.0,rqds
2009-05-25,24,909.2,1349.0,rqds
2009-05-26,24,963.5,1438.0,rqds
2009-05-27,24,976.8,1419.0,rqds
2009-05-28,24,957.5,1320.0,rqds
2009-05-29,24,928.9,1179.0,rqds
2009-05-30,24,996.0,1151.0,rqds
2009-05-31,24,982.9,1113.0,rqds
2009-06-01,24,971.9,1103.0,rqds
2009-06-02,24,943.9,1124.0,rqds
2009-06-03,24,900.5,1125.0,rqds
2009-06-04,24,819.8,1133.0,rqds
2009-06-05,24,775.5,1106.0,rqds
2009-06-06,24,779.0,1133.0,rqds
2009-06-07,24,804.4,1156.0,rqds
2009-06-08,24,857.4,1200.0,rqds
2009-06-09,24,1055.0,1332.0,rqds
2009-06-10,24,1115.0,1481.0,rqds
2009-06-11,24,1004.1,1420.0,rqds
2009-06-12,24,921.8,1229.0,rqds
2009-06-13,24,819.6,1110.0,rqds
2009-06-14,24,844.7,1007.0,rqds
2009-06-15,24,833.4,940.0,rqds
2009-06-16,24,886.4,1078.0,rqds
2009-06-17,24,1026.3,1261.0,rqds
2009-06-18,24,1102.6,1531.0,rqds
2009-06-19,24,1077.8,1549.0,rqds
2009-06-20,24,989.3,1352.0,rqds
2009-06-21,24,832.5,1290.0,rqds
2009-06-22,24,873.9,1361.0,rqds
2009-06-23,24,1077.3,1499.0,rqds
2009-06-24,24,1185.7,1666.0,rqds
2009-06-25,24,1020.7,1502.0,rqds
2009-06-26,24,1082.5,1294.0,rqds
2009-06-27,24,1181.7,1330.0,rqds
2009-06-28,24,1218.6,1544.0,rqds
2009-06-29,24,1184.6,1460.0,rqds
2009-06-30,24,876.8,1182.0,rqds
2009-07-01,24,683.8,929.0,rqds
2009-07-02,24,623.8,924.0,rqds
2009-07-03,24,678.7,1054.0,rqds
2009-07-04,24,776.8,1103.0,rqds
2009-07-05,24,810.5,1241.0,rqds
2009-07-06,24,930.7,1307.0,rqds
2009-07-07,24,813.1,1224.0,rqds
2009-07-08,24,897.5,1197.0,rqds
2009-07-09,24,1010.5,1367.0,rqds
2009-07-10,24,911.0,1304.0,rqds
2009-07-11,24,823.2,1095.0,rqds
2009-07-12,24,729.7,925.0,rqds
2009-07-13,24,681.6,834.0,rqds
2009-07-14,24,704.2,885.0,rqds
2009-07-15,24,974.0,1202.0,rqds
2009-07-16,24,991.3,1177.0,rqds
2009-07-17,24,822.6,1177.0,rqds
2009-07-18,24,936.2,1320.0,rqds
2009-07-19,24,1026.1,1561.0,rqds
2009-07-20,24,1023.3,1500.0,rqds
2009-07-21,24,733.7,1285.0,rqds
2009-07-22,24,815.7,1179.0,rqds
2009-07-23,24,749.4,1174.0,rqds
2009-07-24,24,725.0,1002.0,rqds
2009-07-25,24,607.2,768.0,rqds
2009-07-26,24,608.5,679.0,rqds
2009-07-27,24,577.8,675.0,rqds
2009-07-28,24,562.7,722.0,rqds
2009-07-29,24,615.0,853.0,rqds
2009-07-30,24,696.8,980.0,rqds
2009-07-31,24,755.8,1038.0,rqds
2009-08-01,24,771.9,1058.0,rqds
2009-08-02,24,762.2,1095.0,rqds
2009-08-03,24,768.7,1091.0,rqds
2009-08-04,24,812.5,1142.0,rqds
2009-08-05,24,946.1,1189.0,rqds
2009-08-06,24,854.5,1193.0,rqds
2009-08-07,24,850.5,1109.0,rqds
2009-08-08,24,898.0,1106.0,rqds
2009-08-09,24,953.5,1081.0,rqds
2009-08-10,24,1031.0,1219.0,rqds
2009-08-11,24,991.9,1188.0,rqds
2009-08-12,24,1000.1,1176.0,rqds
2009-08-13,24,1063.1,1319.0,rqds
2009-08-14,24,1117.9,1377.0,rqds
2009-08-15,24,868.0,1154.0,rqds
2009-08-16,24,772.1,1182.0,rqds
2009-08-17,24,863.5,1376.0,rqds
2009-08-18,24,907.6,1376.0,rqds
2009-08-19,24,854.3,1230.0,rqds
2009-08-20,24,848.5,1254.0,rqds
2009-08-21,24,874.4,1127.0,rqds
2009-08-22,24,896.6,1041.0,rqds
2009-08-23,24,762.5,855.0,rqds
2009-08-24,24,690.9,864.0,rqds
2009-08-25,24,672.0,897.0,rqds
2009-08-26,24,688.2,897.0,rqds
2009-08-27,24,723.4,957.0,rqds
2009-08-28,24,676.4,825.0,rqds
2009-08-29,24,596.4,812.0,rqds
2009-08-30,24,598.4,867.0,rqds
2009-08-31,24,702.8,1054.0,rqds
2009-09-01,24,782.8,1015.0,rqds
2009-09-02,24,660.7,958.0,rqds
2009-09-03,24,690.4,901.0,rqds
2009-09-04,24,845.6,1012.0,rqds
2009-09-05,24,738.8,982.0,rqds
2009-09-06,24,691.8,827.0,rqds
2009-09-07,24,757.5,926.0,rqds
2009-09-08,24,775.3,1011.0,rqds
2009-09-09,24,869.0,1149.0,rqds
2009-09-10,24,1108.8,1368.0,rqds
2009-09-11,24,1004.3,1207.0,rqds
2009-09-12,24,768.1,993.0,rqds
2009-09-13,24,767.0,1085.0,rqds
2009-09-14,24,885.1,1210.0,rqds
2009-09-15,24,794.4,1136.0,rqds
2009-09-16,24,727.5,1049.0,rqds
2009-09-17,24,893.5,1050.0,rqds
2009-09-18,24,787.8,1038.0,rqds
2009-09-19,24,758.2,897.0,rqds
2009-09-20,24,897.8,1119.0,rqds
2009-09-21,24,798.2,975.0,rqds
2009-09-22,24,698.4,973.0,rqds
2009-09-23,24,707.4,995.0,rqds
2009-09-24,24,607.7,807.0,rqds
2009-09-25,24,520.0,736.0,rqds
2009-09-26,24,578.7,803.0,rqds
2009-09-27,24,747.6,958.0,rqds
2009-09-28,24,763.8,981.0,rqds
2009-09-29,24,762.0,960.0,rqds
2009-09-30,24,637.2,785.0,rqds
2009-10-01,24,625.6,758.0,rqds
2009-10-02,24,709.0,848.0,rqds
2009-10-03,24,677.5,853.0,rqds
2009-10-04,24,680.1,892.0,rqds
2009-10-05,24,708.7,957.0,rqds
2009-10-06,24,701.5,980.0,rqds
2009-10-07,24,684.9,1002.0,rqds
2009-10-08,24,697.3,1010.0,rqds
2009-10-09,24,720.1,1023.0,rqds
2009-10-10,24,695.4,949.0,rqds
2009-10-11,24,585.0,793.0,rqds
2009-10-12,24,540.0,707.0,rqds
2009-10-13,24,483.5,626.0,rqds
2009-10-14,24,434.7,575.0,rqds
2009-10-15,24,429.5,558.0,rqds
2009-10-16,24,565.6,775.0,rqds
2009-10-17,24,761.3,1012.0,rqds
2009-10-18,24,797.8,1073.0,rqds
2009-10-19,24,701.9,1003.0,rqds
2009-10-20,24,671.6,1002.0,rqds
2009-10-21,24,699.6,1026.0,rqds
2009-10-22,24,700.4,1009.0,rqds
2009-10-23,24,672.9,925.0,rqds
2009-10-24,24,662.2,930.0,rqds
2009-10-25,24,816.9,1042.0,rqds
2009-10-26,24,864.4,1049.0,rqds
2009-10-27,24,865.7,955.0,rqds
2009-10-28,24,870.6,1017.0,rqds
2009-10-29,24,680.8,815.0,rqds
2009-10-30,24,615.3,793.0,rqds
2009-10-31,24,527.1,781.0,rqds
2009-11-01,24,473.5,799.0,rqds
2009-11-02,24,475.2,822.0,rqds
2009-11-03,24,630.8,1032.0,rqds
2009-11-04,24,764.0,1176.0,rqds
2009-11-05,24,811.8,1201.0,rqds
2009-11-06,24,875.3,1237.0,rqds
2009-11-07,24,821.1,1129.0,rqds
2009-11-08,24,710.7,959.0,rqds
2009-11-09,24,682.0,886.0,rqds
2009-11-10,24,728.9,859.0,rqds
2009-11-11,24,806.5,936.0,rqds
2009-11-12,24,861.6,1071.0,rqds
2009-11-13,24,896.2,1146.0,rqds
2009-11-14,24,853.2,1141.0,rqds
2009-11-15,24,850.4,1190.0,rqds
2009-11-16,24,824.2,1195.0,rqds
2009-11-17,24,882.6,1276.0,rqds
2009-11-18,24,1025.8,1442.0,rqds
2009-11-19,24,727.3,1041.0,rqds
2009-11-20,24,577.1,910.0,rqds
2009-11-21,24,502.2,769.0,rqds
2009-11-22,24,467.2,682.0,rqds
2009-11-23,24,514.0,742.0,rqds
2009-11-24,24,673.8,864.0,rqds
2009-11-25,24,687.4,814.0,rqds
2009-11-26,24,578.5,742.0,rqds
2009-11-27,24,558.2,766.0,rqds
2009-11-28,24,644.4,922.0,rqds
2009-11-29,24,721.3,1061.0,rqds
2009-11-30,24,767.2,1142.0,rqds
2009-12-01,24,737.0,1168.0,rqds
2009-12-02,24,643.2,1084.0,rqds
2009-12-03,24,573.1,1016.0,rqds
2009-12-04,24,587.8,994.0,rqds
2009-12-05,24,664.9,1035.0,rqds
2009-12-06,24,701.2,966.0,rqds
2009-12-07,24,612.1,782.0,rqds
2009-12-08,24,567.8,704.0,rqds
2009-12-09,24,479.1,627.0,rqds
2009-12-10,24,469.1,650.0,rqds
2009-12-11,24,521.0,796.0,rqds
2009-12-12,24,648.2,956.0,rqds
2009-12-13,24,760.2,1109.0,rqds
2009-12-14,24,774.0,1152.0,rqds
2009-12-15,24,682.8,1088.0,rqds
2009-12-16,24,563.4,950.0,rqds
2009-12-17,24,534.8,929.0,rqds
2009-12-18,24,583.9,934.0,rqds
2009-12-19,24,748.8,1090.0,rqds
2009-12-20,24,830.2,1111.0,rqds
2009-12-21,24,798.7,1009.0,rqds
2009-12-22,24,759.8,923.0,rqds
2009-12-23,24,590.0,708.0,rqds
2009-12-24,24,560.1,686.0,rqds
2009-12-25,24,587.4,783.0,rqds
2009-12-26,24,639.4,872.0,rqds
2009-12-27,24,740.4,1054.0,rqds
2009-12-28,24,831.2,1193.0,rqds
2009-12-29,24,920.7,1420.0,rqds
2009-12-30,24,751.4,1224.0,rqds
2009-12-31,24,667.4,1139.0,rqds
2010-01-01,24,582.3,1023.0,rqds
2010-01-02,24,609.1,999.0,rqds
2010-01-03,24,632.6,959.0,rqds
2010-01-04,24,630.7,823.0,rqds
2010-01-05,24,749.3,884.0,rqds
2010-01-06,24,831.7,963.0,rqds
2010-01-07,24,749.1,928.0,rqds
2010-01-08,24,713.8,931.0,rqds
2010-01-09,24,708.2,1001.0,rqds
2010-01-10,24,616.2,945.0,rqds
2010-01-11,24,529.0,877.0,rqds
2010-01-12,24,485.9,848.0,rqds
2010-01-13,24,508.2,861.0,rqds
2010-01-14,24,555.9,946.0,rqds
2010-01-15,24,519.5,890.0,rqds
2010-01-16,24,605.5,976.0,rqds
2010-01-17,24,750.1,1056.0,rqds
2010-01-18,24,859.4,1104.0,rqds
2010-01-19,24,879.2,1082.0,rqds
2010-01-20,24,741.0,873.0,rqds
2010-01-21,24,654.1,778.0,rqds
2010-01-22,24,654.5,805.0,rqds
2010-01-23,24,710.3,886.0,rqds
2010-01-24,24,805.2,1047.0,rqds
2010-01-25,24,807.2,1133.0,rqds
2010-01-26,24,785.4,1175.0,rqds
2010-01-27,24,721.5,1130.0,rqds
2010-01-28,24,701.3,1143.0,rqds
2010-01-29,24,734.2,1169.0,rqds
2010-01-30,24,613.0,960.0,rqds
2010-01-31,24,573.8,878.0,rqds
2010-02-01,24,574.1,771.0,rqds
2010-02-02,24,447.6,626.0,rqds
2010-02-03,24,359.7,532.0,rqds
2010-02-04,24,418.5,624.0,rqds
2010-02-05,24,552.0,750.0,rqds
2010-02-06,24,666.9,888.0,rqds
2010-02-07,24,682.5,917.0,rqds
2010-02-08,24,725.0,986.0,rqds
2010-02-09,24,760.8,1056.0,rqds
2010-02-10,24,764.4,1076.0,rqds
2010-02-11,24,765.1,1079.0,rqds
2010-02-12,24,721.0,997.0,rqds
2010-02-13,24,753.3,1044.0,rqds
2010-02-14,24,809.1,1070.0,rqds
2010-02-15,24,754.7,960.0,rqds
2010-02-16,24,728.6,915.0,rqds
2010-02-17,24,758.5,876.0,rqds
2010-02-18,24,756.0,933.0,rqds
2010-02-19,24,712.3,937.0,rqds
2010-02-20,24,646.6,890.0,rqds
2010-02-21,24,594.4,868.0,rqds
2010-02-22,24,598.2,899.0,rqds
2010-02-23,24,599.0,884.0,rqds
2010-02-24,24,656.1,985.0,rqds
2010-02-25,24,767.2,1127.0,rqds
2010-02-26,24,824.0,1206.0,rqds
2010-02-27,24,808.0,1162.0,rqds
2010-02-28,24,812.7,1091.0,rqds
2010-03-01,24,812.8,1001.0,rqds
2010-03-02,24,752.4,942.0,rqds
2010-03-03,24,653.2,875.0,rqds
2010-03-04,24,539.0,836.0,rqds
2010-03-05,24,470.5,758.0,rqds
2010-03-06,24,491.8,746.0,rqds
2010-03-07,24,550.5,806.0,rqds
2010-03-08,24,630.8,867.0,rqds
2010-03-09,24,706.6,928.0,rqds
2010-03-10,24,777.6,991.0,rqds
2010-03-11,24,826.3,1041.0,rqds
2010-03-12,24,852.7,1064.0,rqds
2010-03-13,24,859.2,1072.0,rqds
2010-03-14,24,891.0,1063.0,rqds
2010-03-15,24,860.4,1000.0,rqds
2010-03-16,24,693.8,873.0,rqds
2010-03-17,24,663.8,864.0,rqds
2010-03-18,24,638.0,864.0,rqds
2010-03-19,24,676.8,956.0,rqds
2010-03-20,24,705.8,991.0,rqds
2010-03-21,24,740.0,1021.0,rqds
2010-03-22,24,806.8,1087.0,rqds
2010-03-23,24,891.0,1182.0,rqds
2010-03-24,24,852.6,1133.0,rqds
2010-03-25,24,783.5,1032.0,rqds
2010-03-26,24,817.8,1067.0,rqds
2010-03-27,24,750.6,962.0,rqds
2010-03-28,24,709.3,920.0,rqds
2010-03-29,24,719.5,820.0,rqds
2010-03-30,24,789.4,989.0,rqds
2010-03-31,24,712.4,1021.0,rqds
2010-04-01,24,719.0,988.0,rqds
2010-04-02,24,757.5,1091.0,rqds
2010-04-03,24,774.0,1050.0,rqds
2010-04-04,24,788.3,1090.0,rqds
2010-04-05,24,829.5,1058.0,rqds
2010-04-06,24,862.9,1088.0,rqds
2010-04-07,24,776.7,968.0,rqds
2010-04-08,24,732.4,880.0,rqds
2010-04-09,24,675.3,816.0,rqds
2010-04-10,24,671.2,773.0,rqds
2010-04-11,24,778.0,980.0,rqds
2010-04-12,24,905.9,1076.0,rqds
2010-04-13,24,1020.9,1223.0,rqds
2010-04-14,24,1072.0,1365.0,rqds
2010-04-15,24,976.2,1314.0,rqds
2010-04-16,24,876.4,1244.0,rqds
2010-04-17,24,847.5,1211.0,rqds
2010-04-18,24,874.3,1238.0,rqds
2010-04-19,24,917.0,1259.0,rqds
2010-04-20,24,880.5,1189.0,rqds
2010-04-21,24,796.9,1103.0,rqds
2010-04-22,24,737.8,943.0,rqds
2010-04-23,24,701.4,865.0,rqds
2010-04-24,24,695.4,814.0,rqds
2010-04-25,24,780.7,896.0,rqds
2010-04-26,24,717.4,918.0,rqds
2010-04-27,24,728.4,1023.0,rqds
2010-04-28,24,828.4,1151.0,rqds
2010-04-29,24,884.1,1234.0,rqds
2010-04-30,24,853.0,1231.0,rqds
2010-05-01,24,778.9,1155.0,rqds
2010-05-02,24,804.7,1129.0,rqds
2010-05-03,24,738.3,1096.0,rqds
2010-05-04,24,705.6,966.0,rqds
2010-05-05,24,752.9,938.0,rqds
2010-05-06,24,804.0,957.0,rqds
2010-05-07,24,879.5,983.0,rqds
2010-05-08,24,896.5,981.0,rqds
2010-05-09,24,823.5,969.0,rqds
2010-05-10,24,760.5,989.0,rqds
2010-05-11,24,874.9,1225.0,rqds
2010-05-12,24,992.6,1268.0,rqds
2010-05-13,24,863.4,1291.0,rqds
2010-05-14,24,777.8,1177.0,rqds
2010-05-15,24,827.2,1190.0,rqds
2010-05-16,24,846.1,1285.0,rqds
2010-05-17,24,881.2,1221.0,rqds
2010-05-18,24,1034.8,1352.0,rqds
2010-05-19,24,1035.6,1330.0,rqds
2010-05-20,24,1010.6,1218.0,rqds
2010-05-21,24,1098.2,1332.0,rqds
2010-05-22,24,1215.2,1362.0,rqds
2010-05-23,24,938.5,1199.0,rqds
2010-05-24,24,839.0,1157.0,rqds
2010-05-25,24,903.9,1248.0,rqds
2010-05-26,24,1015.2,1356.0,rqds
2010-05-27,24,857.2,1440.0,rqds
2010-05-28,24,756.7,1156.0,rqds
2010-05-29,24,842.2,1191.0,rqds
2010-05-30,24,883.4,1230.0,rqds
2010-05-31,24,877.9,1222.0,rqds
2010-06-01,24,875.7,1149.0,rqds
2010-06-02,24,896.8,1133.0,rqds
2010-06-03,24,828.8,1061.0,rqds
2010-06-04,24,832.9,942.0,rqds
2010-06-05,24,922.9,1055.0,rqds
2010-06-06,24,965.2,1143.0,rqds
2010-06-07,24,907.0,1119.0,rqds
2010-06-08,24,781.8,1057.0,rqds
2010-06-09,24,803.9,1156.0,rqds
2010-06-10,24,885.9,1272.0,rqds
2010-06-11,24,899.2,1316.0,rqds
2010-06-12,24,923.5,1337.0,rqds
2010-06-13,24,1023.0,1396.0,rqds
2010-06-14,24,962.8,1397.0,rqds
2010-06-15,24,1029.4,1430.0,rqds
2010-06-16,24,947.5,1269.0,rqds
2010-06-17,24,865.3,1075.0,rqds
2010-06-18,24,823.1,954.0,rqds
2010-06-19,24,805.5,933.0,rqds
2010-06-20,24,817.6,1046.0,rqds
2010-06-21,24,878.4,1168.0,rqds
2010-06-22,24,942.6,1261.0,rqds
2010-06-23,24,807.8,1249.0,rqds
2010-06-24,24,722.5,1075.0,rqds
2010-06-25,24,734.2,1100.0,rqds
2010-06-26,24,783.9,1125.0,rqds
2010-06-27,24,793.1,1173.0,rqds
2010-06-28,24,726.2,1100.0,rqds
2010-06-29,24,674.4,993.0,rqds
2010-06-30,24,687.6,955.0,rqds
2010-07-01,24,823.6,975.0,rqds
2010-07-02,24,824.4,985.0,rqds
2010-07-03,24,780.8,872.0,rqds
2010-07-04,24,756.9,898.0,rqds
2010-07-05,24,769.2,991.0,rqds
2010-07-06,24,835.1,1133.0,rqds
2010-07-07,24,986.3,1386.0,rqds
2010-07-08,24,1185.2,1555.0,rqds
2010-07-09,24,972.1,1609.0,rqds
2010-07-10,24,862.3,1279.0,rqds
2010-07-11,24,1063.2,1395.0,rqds
2010-07-12,24,938.7,1526.0,rqds
2010-07-13,24,779.4,1189.0,rqds
2010-07-14,24,823.5,1102.0,rqds
2010-07-15,24,915.4,1108.0,rqds
2010-07-16,24,881.0,1019.0,rqds
2010-07-17,24,823.9,942.0,rqds
2010-07-18,24,799.9,973.0,rqds
2010-07-19,24,768.8,984.0,rqds
2010-07-20,24,761.5,1043.0,rqds
2010-07-21,24,786.3,1119.0,rqds
2010-07-22,24,781.4,1096.0,rqds
2010-07-23,24,767.0,1137.0,rqds
2010-07-24,24,875.2,1185.0,rqds
2010-07-25,24,977.5,1259.0,rqds
2010-07-26,24,965.3,1325.0,rqds
2010-07-27,24,910.4,1229.0,rqds
2010-07-28,24,888.9,1156.0,rqds
2010-07-29,24,765.0,1014.0,rqds
2010-07-30,24,741.3,877.0,rqds
2010-07-31,24,722.1,825.0,rqds
2010-08-01,24,740.5,910.0,rqds
2010-08-02,24,824.6,988.0,rqds
2010-08-03,24,853.1,1087.0,rqds
2010-08-04,24,909.6,1161.0,rqds
2010-08-05,24,915.3,1204.0,rqds
2010-08-06,24,851.2,1172.0,rqds
2010-08-07,24,771.6,1150.0,rqds
2010-08-08,24,672.4,1099.0,rqds
2010-08-09,24,668.8,1038.0,rqds
2010-08-10,24,889.9,1173.0,rqds
2010-08-11,24,1123.9,1373.0,rqds
2010-08-12,24,1186.6,1366.0,rqds
2010-08-13,24,988.7,1121.0,rqds
2010-08-14,24,834.5,962.0,rqds
2010-08-15,24,811.8,1047.0,rqds
2010-08-16,24,946.8,1221.0,rqds
2010-08-17,24,935.4,1109.0,rqds
2010-08-18,24,780.4,1020.0,rqds
2010-08-19,24,761.0,1050.0,rqds
2010-08-20,24,790.8,1063.0,rqds
2010-08-21,24,814.7,1064.0,rqds
2010-08-22,24,731.5,1035.0,rqds
2010-08-23,24,722.0,985.0,rqds
2010-08-24,24,641.5,927.0,rqds
2010-08-25,24,581.0,778.0,rqds
2010-08-26,24,630.5,759.0,rqds
2010-08-27,24,763.7,901.0,rqds
2010-08-28,24,894.8,1061.0,rqds
2010-08-29,24,913.3,1103.0,rqds
2010-08-30,24,919.0,1127.0,rqds
2010-08-31,24,827.1,1012.0,rqds
2010-09-01,24,723.8,925.0,rqds
2010-09-02,24,671.5,931.0,rqds
2010-09-03,24,720.7,1020.0,rqds
2010-09-04,24,699.0,1010.0,rqds
2010-09-05,24,661.7,1021.0,rqds
2010-09-06,24,766.2,1105.0,rqds
2010-09-07,24,924.9,1205.0,rqds
2010-09-08,24,842.5,1129.0,rqds
2010-09-09,24,725.7,906.0,rqds
2010-09-10,24,757.2,937.0,rqds
2010-09-11,24,795.1,1057.0,rqds
2010-09-12,24,630.8,852.0,rqds
2010-09-13,24,613.0,862.0,rqds
2010-09-14,24,600.8,833.0,rqds
2010-09-15,24,619.8,813.0,rqds
2010-09-16,24,631.8,829.0,rqds
2010-09-17,24,656.8,826.0,rqds
2010-09-18,24,677.1,839.0,rqds
2010-09-19,24,720.0,885.0,rqds
2010-09-20,24,763.5,881.0,rqds
2010-09-21,24,819.1,928.0,rqds
2010-09-22,24,836.3,978.0,rqds
2010-09-23,24,873.3,1040.0,rqds
2010-09-24,24,883.1,1077.0,rqds
2010-09-25,24,842.1,1055.0,rqds
2010-09-26,24,762.6,1001.0,rqds
2010-09-27,24,754.9,1016.0,rqds
2010-09-28,24,777.9,1071.0,rqds
2010-09-29,24,845.2,1108.0,rqds
2010-09-30,24,883.3,1163.0,rqds
2010-10-01,24,879.2,1098.0,rqds
2010-10-02,24,785.0,970.0,rqds
2010-10-03,24,718.2,919.0,rqds
2010-10-04,24,657.4,871.0,rqds
2010-10-05,24,581.4,841.0,rqds
2010-10-06,24,569.8,720.0,rqds
2010-10-07,24,644.3,863.0,rqds
2010-10-08,24,854.8,1142.0,rqds
2010-10-09,24,1007.2,1334.0,rqds
2010-10-10,24,901.7,1166.0,rqds
2010-10-11,24,795.8,1113.0,rqds
2010-10-12,24,751.1,1029.0,rqds
2010-10-13,24,684.0,973.0,rqds
2010-10-14,24,570.5,743.0,rqds
2010-10-15,24,599.7,769.0,rqds
2010-10-16,24,724.2,896.0,rqds
2010-10-17,24,837.7,934.0,rqds
2010-10-18,24,924.7,1034.0,rqds
2010-10-19,24,972.6,1115.0,rqds
2010-10-20,24,982.1,1215.0,rqds
2010-10-21,24,838.4,1061.0,rqds
2010-10-22,24,800.8,1058.0,rqds
2010-10-23,24,766.2,1060.0,rqds
2010-10-24,24,710.5,1022.0,rqds
2010-10-25,24,677.9,1008.0,rqds
2010-10-26,24,737.0,1083.0,rqds
2010-10-27,24,841.7,1189.0,rqds
2010-10-28,24,768.8,1004.0,rqds
2010-10-29,24,634.9,835.0,rqds
2010-10-30,24,620.8,803.0,rqds
2010-10-31,24,683.2,837.0,rqds
2010-11-01,24,819.3,936.0,rqds
2010-11-02,24,920.0,1084.0,rqds
2010-11-03,24,999.1,1240.0,rqds
2010-11-04,24,982.7,1285.0,rqds
2010-11-05,24,946.6,1276.0,rqds
2010-11-06,24,907.2,1275.0,rqds
2010-11-07,24,865.5,1258.0,rqds
2010-11-08,24,896.5,1267.0,rqds
2010-11-09,24,943.7,1322.0,rqds
2010-11-10,24,932.3,1240.0,rqds
2010-11-11,24,825.6,1047.0,rqds
2010-11-12,24,767.3,969.0,rqds
2010-11-13,24,743.8,892.0,rqds
2010-11-14,24,717.9,837.0,rqds
2010-11-15,24,667.8,819.0,rqds
2010-11-16,24,705.8,907.0,rqds
2010-11-17,24,780.4,1017.0,rqds
2010-11-18,24,891.7,1180.0,rqds
2010-11-19,24,982.8,1306.0,rqds
2010-11-20,24,978.5,1328.0,rqds
2010-11-21,24,1036.5,1427.0,rqds
2010-11-22,24,952.6,1329.0,rqds
2010-11-23,24,816.9,1204.0,rqds
2010-11-24,24,782.0,1141.0,rqds
2010-11-25,24,727.2,1046.0,rqds
2010-11-26,24,647.8,910.0,rqds
2010-11-27,24,695.7,894.0,rqds
2010-11-28,24,797.5,968.0,rqds
2010-11-29,24,953.4,1094.0,rqds
2010-11-30,24,953.1,1156.0,rqds
2010-12-01,24,875.5,1144.0,rqds
2010-12-02,24,866.6,1202.0,rqds
2010-12-03,24,889.3,1265.0,rqds
2010-12-04,24,952.1,1349.0,rqds
2010-12-05,24,973.1,1400.0,rqds
2010-12-06,24,1006.0,1414.0,rqds
2010-12-07,24,947.7,1315.0,rqds
2010-12-08,24,819.5,1152.0,rqds
2010-12-09,24,688.3,969.0,rqds
2010-12-10,24,677.8,922.0,rqds
2010-12-11,24,730.6,931.0,rqds
2010-12-12,24,860.8,1015.0,rqds
2010-12-13,24,874.5,1000.0,rqds
2010-12-14,24,804.3,982.0,rqds
2010-12-15,24,758.4,970.0,rqds
2010-12-16,24,802.4,1073.0,rqds
2010-12-17,24,958.3,1327.0,rqds
2010-12-18,24,944.8,1328.0,rqds
2010-12-19,24,894.7,1321.0,rqds
2010-12-20,24,941.3,1388.0,rqds
2010-12-21,24,1068.4,1496.0,rqds
2010-12-22,24,1040.6,1460.0,rqds
2010-12-23,24,1009.2,1404.0,rqds
2010-12-24,24,975.3,1291.0,rqds
2010-12-25,24,910.6,1117.0,rqds
2010-12-26,24,913.2,1068.0,rqds
2010-12-27,24,959.4,1077.0,rqds
2010-12-28,24,865.1,1046.0,rqds
2010-12-29,24,842.7,1067.0,rqds
2010-12-30,24,793.9,1105.0,rqds
2010-12-31,24,706.8,1074.0,rqds
2011-01-01,24,700.8,1104.0,rqds
2011-01-02,24,812.3,1221.0,rqds
2011-01-03,24,977.2,1370.0,rqds
2011-01-04,24,1084.1,1446.0,rqds
2011-01-05,24,1272.2,1673.0,rqds
2011-01-06,24,1216.6,1529.0,rqds
2011-01-07,24,1110.6,1365.0,rqds
2011-01-08,24,1041.6,1235.0,rqds
2011-01-09,24,1033.7,1217.0,rqds
2011-01-10,24,1057.0,1181.0,rqds
2011-01-11,24,1084.6,1236.0,rqds
2011-01-12,24,1170.7,1341.0,rqds
2011-01-13,24,1144.1,1424.0,rqds
2011-01-14,24,931.5,1213.0,rqds
2011-01-15,24,784.9,1098.0,rqds
2011-01-16,24,777.2,1140.0,rqds
2011-01-17,24,803.3,1218.0,rqds
2011-01-18,24,837.2,1232.0,rqds
2011-01-19,24,906.7,1351.0,rqds
2011-01-20,24,887.8,1281.0,rqds
2011-01-21,24,893.3,1224.0,rqds
2011-01-22,24,887.2,1122.0,rqds
2011-01-23,24,906.8,1045.0,rqds
2011-01-24,24,921.0,1032.0,rqds
2011-01-25,24,952.8,1123.0,rqds
2011-01-26,24,875.7,1119.0,rqds
2011-01-27,24,856.1,1109.0,rqds
2011-01-28,24,918.1,1203.0,rqds
2011-01-29,24,1062.7,1414.0,rqds
2011-01-30,24,1327.4,1707.0,rqds
2011-01-31,24,1035.6,1336.0,rqds
2011-02-01,24,943.6,1264.0,rqds
2011-02-02,24,939.9,1258.0,rqds
2011-02-03,24,970.4,1254.0,rqds
2011-02-04,24,901.5,1110.0,rqds
2011-02-05,24,762.5,948.0,rqds
2011-02-06,24,747.5,915.0,rqds
2011-02-07,24,922.0,1052.0,rqds
2011-02-08,24,1024.3,1152.0,rqds
2011-02-09,24,1043.0,1235.0,rqds
2011-02-10,24,971.9,1224.0,rqds
2011-02-11,24,926.1,1145.0,rqds
2011-02-12,24,1068.9,1333.0,rqds
2011-02-13,24,1187.4,1526.0,rqds
2011-02-14,24,1137.3,1483.0,rqds
2011-02-15,24,1106.5,1462.0,rqds
2011-02-16,24,1142.1,1499.0,rqds
2011-02-17,24,1191.2,1559.0,rqds
2011-02-18,24,1260.9,1563.0,rqds
2011-02-19,24,1149.5,1319.0,rqds
2011-02-20,24,1157.7,1290.0,rqds
2011-02-21,24,1196.3,1365.0,rqds
2011-02-22,24,1157.0,1429.0,rqds
2011-02-23,24,1057.6,1340.0,rqds
2011-02-24,24,1025.2,1299.0,rqds
2011-02-25,24,1073.4,1296.0,rqds
2011-02-26,24,1155.8,1431.0,rqds
2011-02-27,24,1110.1,1340.0,rqds
2011-02-28,24,1074.8,1318.0,rqds
2011-03-01,24,963.8,1238.0,rqds
2011-03-02,24,918.5,1163.0,rqds
2011-03-03,24,996.5,1228.0,rqds
2011-03-04,24,1062.3,1244.0,rqds
2011-03-05,24,982.5,1111.0,rqds
2011-03-06,24,890.8,1023.0,rqds
2011-03-07,24,862.4,1049.0,rqds
2011-03-08,24,794.9,1025.0,rqds
2011-03-09,24,813.7,1030.0,rqds
2011-03-10,24,854.9,1138.0,rqds
2011-03-11,24,887.0,1159.0,rqds
2011-03-12,24,783.6,1087.0,rqds
2011-03-13,24,779.0,1037.0,rqds
2011-03-14,24,880.2,1131.0,rqds
2011-03-15,24,971.8,1258.0,rqds
2011-03-16,24,1002.7,1304.0,rqds
2011-03-17,24,1059.7,1338.0,rqds
2011-03-18,24,1043.2,1288.0,rqds
2011-03-19,24,938.8,1107.0,rqds
2011-03-20,24,867.8,1055.0,rqds
2011-03-21,24,919.2,1133.0,rqds
2011-03-22,24,958.3,1246.0,rqds
2011-03-23,24,883.0,1208.0,rqds
2011-03-24,24,866.2,1141.0,rqds
2011-03-25,24,951.5,1217.0,rqds
2011-03-26,24,1001.2,1215.0,rqds
2011-03-27,24,998.1,1199.0,rqds
2011-03-28,24,988.0,1164.0,rqds
2011-03-29,24,935.7,1110.0,rqds
2011-03-30,24,922.8,1071.0,rqds
2011-03-31,24,964.4,1105.0,rqds
2011-04-01,24,965.4,1077.0,rqds
2011-04-02,24,1009.8,1099.0,rqds
2011-04-03,24,1080.6,1257.0,rqds
2011-04-04,24,1120.0,1342.0,rqds
2011-04-05,24,1142.3,1380.0,rqds
2011-04-06,24,1149.1,1434.0,rqds
2011-04-07,24,1071.8,1465.0,rqds
2011-04-08,24,901.6,1262.0,rqds
2011-04-09,24,868.3,1164.0,rqds
2011-04-10,24,1075.8,1298.0,rqds
2011-04-11,24,1141.6,1377.0,rqds
2011-04-12,24,1095.6,1287.0,rqds
2011-04-13,24,1053.8,1247.0,rqds
2011-04-14,24,978.8,1139.0,rqds
2011-04-15,24,990.6,1130.0,rqds
2011-04-16,24,1085.8,1209.0,rqds
2011-04-17,24,1030.8,1294.0,rqds
2011-04-18,24,946.1,1284.0,rqds
2011-04-19,24,890.0,1284.0,rqds
2011-04-20,24,858.0,1224.0,rqds
2011-04-21,24,903.6,1233.0,rqds
2011-04-22,24,1083.6,1334.0,rqds
2011-04-23,24,1230.4,1485.0,rqds
2011-04-24,24,1197.2,1477.0,rqds
2011-04-25,24,1154.2,1310.0,rqds
2011-04-26,24,1214.2,1320.0,rqds
2011-04-27,24,1211.8,1325.0,rqds
2011-04-28,24,1051.9,1167.0,rqds
2011-04-29,24,985.1,1125.0,rqds
2011-04-30,24,930.7,1140.0,rqds
2011-05-01,24,909.8,1159.0,rqds
2011-05-02,24,903.1,1204.0,rqds
2011-05-03,24,945.0,1230.0,rqds
2011-05-04,24,1018.4,1338.0,rqds
2011-05-05,24,1042.2,1409.0,rqds
2011-05-06,24,945.4,1347.0,rqds
2011-05-07,24,935.5,1245.0,rqds
2011-05-08,24,1063.3,1332.0,rqds
2011-05-09,24,987.9,1290.0,rqds
2011-05-10,24,974.8,1201.0,rqds
2011-05-11,24,958.5,1120.0,rqds
2011-05-12,24,973.4,1057.0,rqds
2011-05-13,24,1052.0,1252.0,rqds
2011-05-14,24,1139.5,1418.0,rqds
2011-05-15,24,1237.6,1566.0,rqds
2011-05-16,24,1301.4,1630.0,rqds
2011-05-17,24,1165.5,1664.0,rqds
2011-05-18,24,1029.4,1462.0,rqds
2011-05-19,24,1155.6,1576.0,rqds
2011-05-20,24,1081.0,1759.0,rqds
2011-05-21,24,876.5,1218.0,rqds
2011-05-22,24,807.7,1099.0,rqds
2011-05-23,24,791.7,978.0,rqds
2011-05-24,24,836.8,945.0,rqds
2011-05-25,24,926.2,1067.0,rqds
2011-05-26,24,1019.5,1190.0,rqds
2011-05-27,24,1081.2,1261.0,rqds
2011-05-28,24,1040.2,1290.0,rqds
2011-05-29,24,1170.7,1547.0,rqds
2011-05-30,24,1163.2,1544.0,rqds
2011-05-31,24,1090.9,1453.0,rqds
2011-06-01,24,1112.7,1499.0,rqds
2011-06-02,24,950.8,1406.0,rqds
2011-06-03,24,892.2,1326.0,rqds
2011-06-04,24,907.8,1281.0,rqds
2011-06-05,24,910.6,1236.0,rqds
2011-06-06,24,864.8,1207.0,rqds
2011-06-07,24,809.2,1025.0,rqds
2011-06-08,24,822.1,953.0,rqds
2011-06-09,24,889.1,1034.0,rqds
2011-06-10,24,984.8,1177.0,rqds
2011-06-11,24,1008.5,1261.0,rqds
2011-06-12,24,977.1,1295.0,rqds
2011-06-13,24,1091.4,1599.0,rqds
2011-06-14,24,1173.2,1605.0,rqds
2011-06-15,24,1047.3,1560.0,rqds
2011-06-16,24,901.0,1331.0,rqds
2011-06-17,24,976.6,1296.0,rqds
2011-06-18,24,967.0,1365.0,rqds
2011-06-19,24,930.3,1184.0,rqds
2011-06-20,24,874.2,1141.0,rqds
2011-06-21,24,840.2,1005.0,rqds
2011-06-22,24,879.8,985.0,rqds
2011-06-23,24,998.2,1171.0,rqds
2011-06-24,24,1148.0,1242.0,rqds
2011-06-25,24,939.7,1149.0,rqds
2011-06-26,24,883.1,1215.0,rqds
2011-06-27,24,1060.1,1544.0,rqds
2011-06-28,24,1099.1,1513.0,rqds
2011-06-29,24,995.0,1395.0,rqds
2011-06-30,24,1038.2,1456.0,rqds
2011-07-01,24,930.9,1359.0,rqds
2011-07-02,24,840.5,1279.0,rqds
2011-07-03,24,753.5,1163.0,rqds
2011-07-04,24,687.4,1006.0,rqds
2011-07-05,24,667.8,887.0,rqds
2011-07-06,24,688.4,823.0,rqds
2011-07-07,24,732.2,836.0,rqds
2011-07-08,24,702.9,847.0,rqds
2011-07-09,24,703.2,944.0,rqds
2011-07-10,24,740.8,1128.0,rqds
2011-07-11,24,883.4,1263.0,rqds
2011-07-12,24,945.5,1331.0,rqds
2011-07-13,24,971.7,1338.0,rqds
2011-07-14,24,1062.5,1457.0,rqds
2011-07-15,24,1092.2,1604.0,rqds
2011-07-16,24,879.4,1276.0,rqds
2011-07-17,24,847.6,1122.0,rqds
2011-07-18,24,934.3,1117.0,rqds
2011-07-19,24,986.0,1157.0,rqds
2011-07-20,24,980.4,1103.0,rqds
2011-07-21,24,951.0,1054.0,rqds
2011-07-22,24,917.4,1027.0,rqds
2011-07-23,24,849.2,1017.0,rqds
2011-07-24,24,850.8,1073.0,rqds
2011-07-25,24,923.4,1160.0,rqds
2011-07-26,24,874.0,1224.0,rqds
2011-07-27,24,1081.6,1548.0,rqds
2011-07-28,24,1198.2,1622.0,rqds
2011-07-29,24,1076.9,1451.0,rqds
2011-07-30,24,1138.5,1497.0,rqds
2011-07-31,24,1091.2,1543.0,rqds
2011-08-01,24,1073.6,1442.0,rqds
2011-08-02,24,993.3,1255.0,rqds
2011-08-03,24,831.0,1014.0,rqds
2011-08-04,24,758.2,897.0,rqds
2011-08-05,24,791.9,999.0,rqds
2011-08-06,24,940.9,1209.0,rqds
2011-08-07,24,954.6,1237.0,rqds
2011-08-08,24,920.0,1139.0,rqds
2011-08-09,24,797.7,1083.0,rqds
2011-08-10,24,763.8,1071.0,rqds
2011-08-11,24,788.3,1081.0,rqds
2011-08-12,24,878.2,1165.0,rqds
2011-08-13,24,1043.8,1267.0,rqds
2011-08-14,24,964.5,1340.0,rqds
2011-08-15,24,1025.5,1277.0,rqds
2011-08-16,24,775.1,993.0,rqds
2011-08-17,24,730.6,822.0,rqds
2011-08-18,24,775.3,920.0,rqds
2011-08-19,24,867.2,1045.0,rqds
2011-08-20,24,924.8,1108.0,rqds
2011-08-21,24,1058.6,1313.0,rqds
2011-08-22,24,903.5,1091.0,rqds
2011-08-23,24,861.9,1070.0,rqds
2011-08-24,24,707.5,970.0,rqds
2011-08-25,24,707.6,1001.0,rqds
2011-08-26,24,715.1,1046.0,rqds
2011-08-27,24,758.5,1062.0,rqds
2011-08-28,24,775.7,1085.0,rqds
2011-08-29,24,870.8,1091.0,rqds
2011-08-30,24,913.1,1104.0,rqds
2011-08-31,24,931.5,1062.0,rqds
2011-09-01,24,1077.8,1336.0,rqds
2011-09-02,24,986.8,1141.0,rqds
2011-09-03,24,857.4,1079.0,rqds
2011-09-04,24,795.0,1027.0,rqds
2011-09-05,24,702.7,861.0,rqds
2011-09-06,24,570.9,745.0,rqds
2011-09-07,24,481.8,674.0,rqds
2011-09-08,24,461.6,663.0,rqds
2011-09-09,24,503.8,701.0,rqds
2011-09-10,24,604.9,755.0,rqds
2011-09-11,24,744.9,870.0,rqds
2011-09-12,24,859.5,1005.0,rqds
2011-09-13,24,855.4,991.0,rqds
2011-09-14,24,918.0,1108.0,rqds
2011-09-15,24,984.8,1183.0,rqds
2011-09-16,24,1047.7,1257.0,rqds
2011-09-17,24,1145.9,1426.0,rqds
2011-09-18,24,1050.8,1265.0,rqds
2011-09-19,24,860.8,1061.0,rqds
2011-09-20,24,874.3,1110.0,rqds
2011-09-21,24,862.6,974.0,rqds
2011-09-22,24,736.7,937.0,rqds
2011-09-23,24,751.9,1026.0,rqds
2011-09-24,24,784.0,1009.0,rqds
2011-09-25,24,790.5,993.0,rqds
2011-09-26,24,832.7,1031.0,rqds
2011-09-27,24,829.8,1071.0,rqds
2011-09-28,24,763.0,998.0,rqds
2011-09-29,24,746.3,997.0,rqds
2011-09-30,24,806.8,1104.0,rqds
2011-10-01,24,911.4,1208.0,rqds
2011-10-02,24,913.0,1158.0,rqds
2011-10-03,24,766.4,973.0,rqds
2011-10-04,24,697.7,876.0,rqds
2011-10-05,24,716.7,866.0,rqds
2011-10-06,24,749.7,862.0,rqds
2011-10-07,24,785.3,912.0,rqds
2011-10-08,24,841.5,957.0,rqds
2011-10-09,24,795.3,930.0,rqds
2011-10-10,24,806.7,975.0,rqds
2011-10-11,24,841.5,1063.0,rqds
2011-10-12,24,849.7,1084.0,rqds
2011-10-13,24,837.4,1077.0,rqds
2011-10-14,24,747.7,1021.0,rqds
2011-10-15,24,699.8,992.0,rqds
2011-10-16,24,799.4,1120.0,rqds
2011-10-17,24,817.8,1078.0,rqds
2011-10-18,24,759.8,962.0,rqds
2011-10-19,24,676.6,898.0,rqds
2011-10-20,24,683.8,864.0,rqds
2011-10-21,24,754.5,948.0,rqds
2011-10-22,24,859.9,976.0,rqds
2011-10-23,24,863.0,983.0,rqds
2011-10-24,24,900.0,1118.0,rqds
2011-10-25,24,987.5,1233.0,rqds
2011-10-26,24,1048.0,1370.0,rqds
2011-10-27,24,960.0,1296.0,rqds
2011-10-28,24,816.0,1185.0,rqds
2011-10-29,24,755.6,1114.0,rqds
2011-10-30,24,708.8,1035.0,rqds
2011-10-31,24,689.3,964.0,rqds
2011-11-01,24,774.2,1016.0,rqds
2011-11-02,24,901.1,1100.0,rqds
2011-11-03,24,1033.2,1164.0,rqds
2011-11-04,24,1030.4,1133.0,rqds
2011-11-05,24,1077.8,1221.0,rqds
2011-11-06,24,1083.6,1300.0,rqds
2011-11-07,24,1138.5,1406.0,rqds
2011-11-08,24,997.3,1272.0,rqds
2011-11-09,24,894.4,1191.0,rqds
2011-11-10,24,871.0,1183.0,rqds
2011-11-11,24,787.0,1134.0,rqds
2011-11-12,24,767.8,1116.0,rqds
2011-11-13,24,819.4,1170.0,rqds
2011-11-14,24,758.8,1081.0,rqds
2011-11-15,24,731.4,1019.0,rqds
2011-11-16,24,796.0,1068.0,rqds
2011-11-17,24,882.0,1064.0,rqds
2011-11-18,24,796.3,912.0,rqds
2011-11-19,24,682.6,799.0,rqds
2011-11-20,24,651.7,821.0,rqds
2011-11-21,24,682.7,917.0,rqds
2011-11-22,24,798.3,1110.0,rqds
2011-11-23,24,913.3,1276.0,rqds
2011-11-24,24,997.9,1395.0,rqds
2011-11-25,24,940.5,1349.0,rqds
2011-11-26,24,845.1,1240.0,rqds
2011-11-27,24,853.8,1244.0,rqds
2011-11-28,24,844.9,1196.0,rqds
2011-11-29,24,734.5,986.0,rqds
2011-11-30,24,705.8,897.0,rqds
2011-12-01,24,758.8,938.0,rqds
2011-12-02,24,855.7,992.0,rqds
2011-12-03,24,974.5,1148.0,rqds
2011-12-04,24,1027.5,1227.0,rqds
2011-12-05,24,1035.1,1294.0,rqds
2011-12-06,24,1010.5,1291.0,rqds
2011-12-07,24,1025.9,1375.0,rqds
2011-12-08,24,949.4,1310.0,rqds
2011-12-09,24,889.3,1252.0,rqds
2011-12-10,24,857.0,1229.0,rqds
2011-12-11,24,885.9,1268.0,rqds
2011-12-12,24,907.8,1205.0,rqds
2011-12-13,24,909.4,1224.0,rqds
2011-12-14,24,874.7,1161.0,rqds
2011-12-15,24,830.2,1057.0,rqds
2011-12-16,24,837.5,1023.0,rqds
2011-12-17,24,842.2,956.0,rqds
2011-12-18,24,819.8,973.0,rqds
2011-12-19,24,820.5,1043.0,rqds
2011-12-20,24,837.1,1134.0,rqds
2011-12-21,24,848.2,1209.0,rqds
2011-12-22,24,849.4,1270.0,rqds
2011-12-23,24,800.6,1245.0,rqds
2011-12-24,24,764.2,1182.0,rqds
2011-12-25,24,702.0,1091.0,rqds
2011-12-26,24,698.6,1041.0,rqds
2011-12-27,24,783.2,1090.0,rqds
2011-12-28,24,908.5,1140.0,rqds
2011-12-29,24,1013.5,1211.0,rqds
2011-12-30,24,999.9,1143.0,rqds
2011-12-31,24,948.1,1086.0,rqds
2012-01-01,24,860.5,1002.0,rqds
2012-01-02,24,833.0,1067.0,rqds
2012-01-03,24,776.2,1030.0,rqds
2012-01-04,24,978.0,1269.0,rqds
2012-01-05,24,1132.6,1488.0,rqds
2012-01-06,24,1014.0,1374.0,rqds
2012-01-07,24,877.5,1297.0,rqds
2012-01-08,24,775.9,1166.0,rqds
2012-01-09,24,752.0,1147.0,rqds
2012-01-10,24,842.1,1221.0,rqds
2012-01-11,24,979.9,1320.0,rqds
2012-01-12,24,1040.7,1304.0,rqds
2012-01-13,24,1099.2,1274.0,rqds
2012-01-14,24,1151.8,1257.0,rqds
2012-01-15,24,1113.1,1265.0,rqds
2012-01-16,24,939.0,1201.0,rqds
2012-01-17,24,863.9,1114.0,rqds
2012-01-18,24,950.1,1258.0,rqds
2012-01-19,24,1082.2,1464.0,rqds
2012-01-20,24,1084.2,1492.0,rqds
2012-01-21,24,1091.4,1491.0,rqds
2012-01-22,24,979.8,1344.0,rqds
2012-01-23,24,843.1,1188.0,rqds
2012-01-24,24,871.5,1162.0,rqds
2012-01-25,24,1012.5,1281.0,rqds
2012-01-26,24,1103.2,1322.0,rqds
2012-01-27,24,1136.4,1284.0,rqds
2012-01-28,24,1107.7,1269.0,rqds
2012-01-29,24,889.0,1118.0,rqds
2012-01-30,24,856.7,1008.0,rqds
2012-01-31,24,1023.0,1193.0,rqds
2012-02-01,24,1186.7,1392.0,rqds
2012-02-02,24,1285.9,1557.0,rqds
2012-02-03,24,1131.2,1485.0,rqds
2012-02-04,24,837.2,1178.0,rqds
2012-02-05,24,768.0,1125.0,rqds
2012-02-06,24,778.0,1124.0,rqds
2012-02-07,24,832.2,1216.0,rqds
2012-02-08,24,930.8,1253.0,rqds
2012-02-09,24,988.7,1230.0,rqds
2012-02-10,24,1003.2,1136.0,rqds
2012-02-11,24,986.4,1101.0,rqds
2012-02-12,24,912.8,1069.0,rqds
2012-02-13,24,945.5,1152.0,rqds
2012-02-14,24,953.7,1186.0,rqds
2012-02-15,24,945.2,1196.0,rqds
2012-02-16,24,954.7,1241.0,rqds
2012-02-17,24,931.5,1248.0,rqds
2012-02-18,24,912.9,1228.0,rqds
2012-02-19,24,883.5,1175.0,rqds
2012-02-20,24,936.2,1203.0,rqds
2012-02-21,24,1034.1,1274.0,rqds
2012-02-22,24,1111.0,1332.0,rqds
2012-02-23,24,1124.4,1288.0,rqds
2012-02-24,24,1048.3,1166.0,rqds
2012-02-25,24,998.0,1163.0,rqds
2012-02-26,24,924.7,1128.0,rqds
2012-02-27,24,860.4,1087.0,rqds
2012-02-28,24,808.4,1056.0,rqds
2012-02-29,24,771.8,1011.0,rqds
2012-03-01,24,905.0,1113.0,rqds
2012-03-02,24,1016.0,1254.0,rqds
2012-03-03,24,1063.5,1317.0,rqds
2012-03-04,24,1095.0,1366.0,rqds
2012-03-05,24,1082.5,1362.0,rqds
2012-03-06,24,1090.8,1382.0,rqds
2012-03-07,24,976.3,1216.0,rqds
2012-03-08,24,896.0,1090.0,rqds
2012-03-09,24,948.3,1084.0,rqds
2012-03-10,24,1110.0,1259.0,rqds
2012-03-11,24,1149.5,1375.0,rqds
2012-03-12,24,1168.3,1496.0,rqds
2012-03-13,24,1023.7,1328.0,rqds
2012-03-14,24,1008.5,1329.0,rqds
2012-03-15,24,937.5,1209.0,rqds
2012-03-16,24,973.2,1177.0,rqds
2012-03-17,24,1158.1,1377.0,rqds
2012-03-18,24,1242.5,1462.0,rqds
2012-03-19,24,1087.4,1289.0,rqds
2012-03-20,24,917.2,1038.0,rqds
2012-03-21,24,859.2,972.0,rqds
2012-03-22,24,828.1,961.0,rqds
2012-03-23,24,907.1,1011.0,rqds
2012-03-24,24,1011.0,1195.0,rqds
2012-03-25,24,1008.9,1274.0,rqds
2012-03-26,24,938.3,1224.0,rqds
2012-03-27,24,870.7,1161.0,rqds
2012-03-28,24,855.0,1117.0,rqds
2012-03-29,24,886.0,1169.0,rqds
2012-03-30,24,830.8,1067.0,rqds
2012-03-31,24,878.5,1032.0,rqds
2012-04-01,24,1006.0,1196.0,rqds
2012-04-02,24,1065.6,1230.0,rqds
2012-04-03,24,1088.0,1257.0,rqds
2012-04-04,24,1088.4,1268.0,rqds
2012-04-05,24,900.7,1144.0,rqds
2012-04-06,24,856.8,1026.0,rqds
2012-04-07,24,950.1,1182.0,rqds
2012-04-08,24,1044.3,1345.0,rqds
2012-04-09,24,1027.0,1379.0,rqds
2012-04-10,24,1001.6,1331.0,rqds
2012-04-11,24,1043.8,1333.0,rqds
2012-04-12,24,1033.5,1306.0,rqds
2012-04-13,24,1017.0,1227.0,rqds
2012-04-14,24,1030.0,1185.0,rqds
2012-04-15,24,1052.4,1135.0,rqds
2012-04-16,24,1076.7,1170.0,rqds
2012-04-17,24,1142.4,1294.0,rqds
2012-04-18,24,1099.1,1297.0,rqds
2012-04-19,24,1041.5,1242.0,rqds
2012-04-20,24,969.0,1273.0,rqds
2012-04-21,24,904.3,1198.0,rqds
2012-04-22,24,847.5,1167.0,rqds
2012-04-23,24,792.8,1111.0,rqds
2012-04-24,24,821.0,1124.0,rqds
2012-04-25,24,930.2,1191.0,rqds
2012-04-26,24,992.2,1269.0,rqds
2012-04-27,24,1034.7,1273.0,rqds
2012-04-28,24,1166.9,1352.0,rqds
2012-04-29,24,1153.3,1376.0,rqds
2012-04-30,24,992.7,1143.0,rqds
2012-05-01,24,961.7,1059.0,rqds
2012-05-02,24,1055.2,1289.0,rqds
2012-05-03,24,1125.3,1318.0,rqds
2012-05-04,24,1133.5,1478.0,rqds
2012-05-05,24,1161.2,1500.0,rqds
2012-05-06,24,1122.1,1520.0,rqds
2012-05-07,24,1213.2,1605.0,rqds
2012-05-08,24,1030.0,1508.0,rqds
2012-05-09,24,966.0,1324.0,rqds
2012-05-10,24,911.0,1239.0,rqds
2012-05-11,24,862.0,1115.0,rqds
2012-05-12,24,950.0,1084.0,rqds
2012-05-13,24,1028.1,1133.0,rqds
2012-05-14,24,975.8,1095.0,rqds
2012-05-15,24,968.0,1125.0,rqds
2012-05-16,24,986.2,1196.0,rqds
2012-05-17,24,977.4,1228.0,rqds
2012-05-18,24,964.0,1219.0,rqds
2012-05-19,24,979.7,1274.0,rqds
2012-05-20,24,993.9,1306.0,rqds
2012-05-21,24,929.3,1311.0,rqds
2012-05-22,24,834.0,1275.0,rqds
2012-05-23,24,774.4,1111.0,rqds
2012-05-24,24,864.7,1159.0,rqds
2012-05-25,24,957.8,1216.0,rqds
2012-05-26,24,963.6,1215.0,rqds
2012-05-27,24,1009.0,1182.0,rqds
2012-05-28,24,1009.2,1157.0,rqds
2012-05-29,24,1078.3,1226.0,rqds
2012-05-30,24,1156.6,1312.0,rqds
2012-05-31,24,1127.4,1294.0,rqds
2012-06-01,24,1005.4,1322.0,rqds
2012-06-02,24,1046.4,1394.0,rqds
2012-06-03,24,1077.8,1453.0,rqds
2012-06-04,24,1065.0,1510.0,rqds
2012-06-05,24,1052.6,1485.0,rqds
2012-06-06,24,1202.7,1525.0,rqds
2012-06-07,24,1230.8,1613.0,rqds
2012-06-08,24,1066.3,1364.0,rqds
2012-06-09,24,1136.5,1330.0,rqds
2012-06-10,24,1449.7,1938.0,rqds
2012-06-11,24,1369.4,1662.0,rqds
2012-06-12,24,1310.2,1536.0,rqds
2012-06-13,24,1028.8,1286.0,rqds
2012-06-14,24,994.5,1183.0,rqds
2012-06-15,24,894.8,1161.0,rqds
2012-06-16,24,858.8,1160.0,rqds
2012-06-17,24,847.5,1177.0,rqds
2012-06-18,24,997.1,1450.0,rqds
2012-06-19,24,1015.5,1493.0,rqds
2012-06-20,24,881.5,1332.0,rqds
2012-06-21,24,715.6,1080.0,rqds
2012-06-22,24,725.5,1020.0,rqds
2012-06-23,24,761.3,1018.0,rqds
2012-06-24,24,877.4,1083.0,rqds
2012-06-25,24,1053.5,1189.0,rqds
2012-06-26,24,1233.8,1326.0,rqds
2012-06-27,24,1090.6,1279.0,rqds
2012-06-28,24,899.0,1111.0,rqds
2012-06-29,24,874.6,1179.0,rqds
2012-06-30,24,835.4,1183.0,rqds
2012-07-01,24,819.6,1201.0,rqds
2012-07-02,24,854.0,1250.0,rqds
2012-07-03,24,897.5,1294.0,rqds
2012-07-04,24,946.0,1326.0,rqds
2012-07-05,24,1009.0,1327.0,rqds
2012-07-06,24,1033.8,1293.0,rqds
2012-07-07,24,992.3,1204.0,rqds
2012-07-08,24,852.6,1008.0,rqds
2012-07-09,24,935.8,1107.0,rqds
2012-07-10,24,1079.4,1164.0,rqds
2012-07-11,24,835.3,1012.0,rqds
2012-07-12,24,741.7,948.0,rqds
2012-07-13,24,714.9,967.0,rqds
2012-07-14,24,734.5,1017.0,rqds
2012-07-15,24,791.3,1129.0,rqds
2012-07-16,24,797.8,1165.0,rqds
2012-07-17,24,724.7,1116.0,rqds
2012-07-18,24,686.8,1064.0,rqds
2012-07-19,24,674.0,1016.0,rqds
2012-07-20,24,702.3,1012.0,rqds
2012-07-21,24,835.5,1070.0,rqds
2012-07-22,24,961.3,1171.0,rqds
2012-07-23,24,902.8,1104.0,rqds
2012-07-24,24,796.2,875.0,rqds
2012-07-25,24,786.8,928.0,rqds
2012-07-26,24,734.4,912.0,rqds
2012-07-27,24,724.6,992.0,rqds
2012-07-28,24,755.5,1087.0,rqds
2012-07-29,24,833.2,1251.0,rqds
2012-07-30,24,974.3,1407.0,rqds
2012-07-31,24,1006.5,1427.0,rqds
2012-08-01,24,880.0,1298.0,rqds
2012-08-02,24,909.0,1197.0,rqds
2012-08-03,24,889.9,1143.0,rqds
2012-08-04,24,837.8,1080.0,rqds
2012-08-05,24,867.7,966.0,rqds
2012-08-06,24,972.4,1061.0,rqds
2012-08-07,24,823.0,925.0,rqds
2012-08-08,24,751.8,889.0,rqds
2012-08-09,24,751.6,935.0,rqds
2012-08-10,24,760.7,947.0,rqds
2012-08-11,24,829.2,1121.0,rqds
2012-08-12,24,950.9,1073.0,rqds
2012-08-13,24,776.8,1060.0,rqds
2012-08-14,24,759.2,1053.0,rqds
2012-08-15,24,697.9,1009.0,rqds
2012-08-16,24,657.9,973.0,rqds
2012-08-17,24,708.1,991.0,rqds
2012-08-18,24,765.7,1011.0,rqds
2012-08-19,24,794.5,1028.0,rqds
2012-08-20,24,921.3,1065.0,rqds
2012-08-21,24,979.5,1131.0,rqds
2012-08-22,24,740.4,874.0,rqds
2012-08-23,24,716.9,913.0,rqds
2012-08-24,24,711.0,915.0,rqds
2012-08-25,24,701.3,978.0,rqds
2012-08-26,24,715.9,997.0,rqds
2012-08-27,24,754.1,1095.0,rqds
2012-08-28,24,751.8,1066.0,rqds
2012-08-29,24,718.7,998.0,rqds
2012-08-30,24,777.8,996.0,rqds
2012-08-31,24,866.8,1078.0,rqds
2012-09-01,24,803.0,987.0,rqds
2012-09-02,24,868.7,993.0,rqds
2012-09-03,24,1104.5,1354.0,rqds
2012-09-04,24,934.8,1100.0,rqds
2012-09-05,24,742.2,895.0,rqds
2012-09-06,24,617.2,790.0,rqds
2012-09-07,24,590.5,780.0,rqds
2012-09-08,24,690.0,920.0,rqds
2012-09-09,24,846.6,1058.0,rqds
2012-09-10,24,878.0,1078.0,rqds
2012-09-11,24,765.6,963.0,rqds
2012-09-12,24,632.6,866.0,rqds
2012-09-13,24,596.3,826.0,rqds
2012-09-14,24,627.5,829.0,rqds
2012-09-15,24,657.5,864.0,rqds
2012-09-16,24,775.0,934.0,rqds
2012-09-17,24,965.8,1157.0,rqds
2012-09-18,24,942.6,1129.0,rqds
2012-09-19,24,918.1,1199.0,rqds
2012-09-20,24,942.7,1208.0,rqds
2012-09-21,24,1010.0,1218.0,rqds
2012-09-22,24,732.9,944.0,rqds
2012-09-23,24,719.3,946.0,rqds
2012-09-24,24,826.6,1129.0,rqds
2012-09-25,24,928.1,1107.0,rqds
2012-09-26,24,959.3,1107.0,rqds
2012-09-27,24,757.2,1086.0,rqds
2012-09-28,24,643.8,769.0,rqds
2012-09-29,24,649.8,795.0,rqds
2012-09-30,24,699.1,903.0,rqds
2012-10-01,24,797.6,1036.0,rqds
2012-10-02,24,957.5,1278.0,rqds
2012-10-03,24,876.5,1128.0,rqds
2012-10-04,24,778.2,1030.0,rqds
2012-10-05,24,704.1,928.0,rqds
2012-10-06,24,786.6,1018.0,rqds
2012-10-07,24,749.7,914.0,rqds
2012-10-08,24,622.7,752.0,rqds
2012-10-09,24,551.1,655.0,rqds
2012-10-10,24,581.0,774.0,rqds
2012-10-11,24,759.0,978.0,rqds
2012-10-12,24,883.8,1004.0,rqds
2012-10-13,24,899.3,1087.0,rqds
2012-10-14,24,832.2,1051.0,rqds
2012-10-15,24,779.7,1036.0,rqds
2012-10-16,24,768.6,1077.0,rqds
2012-10-17,24,771.9,1082.0,rqds
2012-10-18,24,796.7,1126.0,rqds
2012-10-19,24,755.1,1052.0,rqds
2012-10-20,24,747.1,1024.0,rqds
2012-10-21,24,800.7,1048.0,rqds
2012-10-22,24,802.7,957.0,rqds
2012-10-23,24,650.3,754.0,rqds
2012-10-24,24,534.9,613.0,rqds
2012-10-25,24,509.9,652.0,rqds
2012-10-26,24,559.3,749.0,rqds
2012-10-27,24,740.6,988.0,rqds
2012-10-28,24,886.5,1174.0,rqds
2012-10-29,24,861.2,1145.0,rqds
2012-10-30,24,780.4,1080.0,rqds
2012-10-31,24,731.5,1044.0,rqds
2012-11-01,24,840.2,1160.0,rqds
2012-11-02,24,955.6,1266.0,rqds
2012-11-03,24,1052.4,1352.0,rqds
2012-11-04,24,1051.8,1302.0,rqds
2012-11-05,24,859.3,1064.0,rqds
2012-11-06,24,744.1,913.0,rqds
2012-11-07,24,683.8,782.0,rqds
2012-11-08,24,620.4,728.0,rqds
2012-11-09,24,650.6,787.0,rqds
2012-11-10,24,694.5,935.0,rqds
2012-11-11,24,594.5,868.0,rqds
2012-11-12,24,586.8,907.0,rqds
2012-11-13,24,601.1,987.0,rqds
2012-11-14,24,612.5,994.0,rqds
2012-11-15,24,674.5,1076.0,rqds
2012-11-16,24,715.9,1074.0,rqds
2012-11-17,24,758.2,1079.0,rqds
2012-11-18,24,746.9,985.0,rqds
2012-11-19,24,754.1,935.0,rqds
2012-11-20,24,684.8,801.0,rqds
2012-11-21,24,700.6,858.0,rqds
2012-11-22,24,756.0,938.0,rqds
2012-11-23,24,797.5,1018.0,rqds
2012-11-24,24,750.2,1048.0,rqds
2012-11-25,24,766.2,1057.0,rqds
2012-11-26,24,868.7,1198.0,rqds
2012-11-27,24,1036.8,1386.0,rqds
2012-11-28,24,1292.7,1788.0,rqds
2012-11-29,24,1001.8,1359.0,rqds
2012-11-30,24,780.1,1116.0,rqds
2012-12-01,24,710.2,1003.0,rqds
2012-12-02,24,628.9,919.0,rqds
2012-12-03,24,620.2,869.0,rqds
2012-12-04,24,751.8,1008.0,rqds
2012-12-05,24,897.7,1058.0,rqds
2012-12-06,24,896.0,998.0,rqds
2012-12-07,24,788.4,923.0,rqds
2012-12-08,24,704.2,938.0,rqds
2012-12-09,24,731.0,992.0,rqds
2012-12-10,24,903.5,1268.0,rqds
2012-12-11,24,944.4,1360.0,rqds
2012-12-12,24,884.2,1333.0,rqds
2012-12-13,24,848.8,1270.0,rqds
2012-12-14,24,772.5,1165.0,rqds
2012-12-15,24,772.0,1138.0,rqds
2012-12-16,24,815.1,1093.0,rqds
2012-12-17,24,856.5,1079.0,rqds
2012-12-18,24,836.5,1003.0,rqds
2012-12-19,24,780.4,914.0,rqds
2012-12-20,24,833.2,973.0,rqds
2012-12-21,24,844.2,1035.0,rqds
2012-12-22,24,820.7,1049.0,rqds
2012-12-23,24,779.0,1044.0,rqds
2012-12-24,24,760.9,1060.0,rqds
2012-12-25,24,778.8,1121.0,rqds
2012-12-26,24,755.7,1127.0,rqds
2012-12-27,24,822.5,1172.0,rqds
2012-12-28,24,915.5,1293.0,rqds
2012-12-29,24,968.1,1315.0,rqds
2012-12-30,24,1020.5,1344.0,rqds
2012-12-31,24,1070.0,1371.0,rqds
2013-01-01,24,1098.8,1326.0,rqds
2013-01-02,24,1019.8,1174.0,rqds
2013-01-03,24,932.7,1048.0,rqds
2013-01-04,24,851.0,977.0,rqds
2013-01-05,24,867.1,1029.0,rqds
2013-01-06,24,936.9,1162.0,rqds
2013-01-07,24,1036.2,1346.0,rqds
2013-01-08,24,988.4,1368.0,rqds
2013-01-09,24,866.9,1271.0,rqds
2013-01-10,24,793.2,1236.0,rqds
2013-01-11,24,759.4,1177.0,rqds
2013-01-12,24,771.2,1111.0,rqds
2013-01-13,24,953.8,1319.0,rqds
2013-01-14,24,1151.4,1391.0,rqds
2013-01-15,24,1337.5,1529.0,rqds
2013-01-16,24,1174.1,1381.0,rqds
2013-01-17,24,828.5,968.0,rqds
2013-01-18,24,766.0,949.0,rqds
2013-01-19,24,784.8,977.0,rqds
2013-01-20,24,821.1,1077.0,rqds
2013-01-21,24,771.2,1054.0,rqds
2013-01-22,24,753.5,1021.0,rqds
2013-01-23,24,752.8,1100.0,rqds
2013-01-24,24,620.1,960.0,rqds
2013-01-25,24,583.0,924.0,rqds
2013-01-26,24,604.3,960.0,rqds
2013-01-27,24,652.0,968.0,rqds
2013-01-28,24,677.4,977.0,rqds
2013-01-29,24,725.5,984.0,rqds
2013-01-30,24,695.1,861.0,rqds
2013-01-31,24,683.4,798.0,rqds
2013-02-01,24,764.8,859.0,rqds
2013-02-02,24,882.0,1024.0,rqds
2013-02-03,24,965.5,1193.0,rqds
2013-02-04,24,921.6,1187.0,rqds
2013-02-05,24,842.0,1159.0,rqds
2013-02-06,24,770.2,1130.0,rqds
2013-02-07,24,757.5,1131.0,rqds
2013-02-08,24,741.2,1091.0,rqds
2013-02-09,24,766.2,1111.0,rqds
2013-02-10,24,940.7,1235.0,rqds
2013-02-11,24,1036.8,1261.0,rqds
2013-02-12,24,1039.5,1161.0,rqds
2013-02-13,24,1020.9,1132.0,rqds
2013-02-14,24,935.5,1144.0,rqds
2013-02-15,24,909.5,1072.0,rqds
2013-02-16,24,921.1,1112.0,rqds
2013-02-17,24,787.9,1050.0,rqds
2013-02-18,24,721.0,963.0,rqds
2013-02-19,24,764.5,971.0,rqds
2013-02-20,24,994.9,1250.0,rqds
2013-02-21,24,1085.1,1363.0,rqds
2013-02-22,24,1012.5,1295.0,rqds
2013-02-23,24,900.7,1184.0,rqds
2013-02-24,24,829.0,1111.0,rqds
2013-02-25,24,814.4,1075.0,rqds
2013-02-26,24,811.0,1014.0,rqds
2013-02-27,24,948.5,1126.0,rqds
2013-02-28,24,1049.5,1156.0,rqds
2013-03-01,24,1032.0,1211.0,rqds
2013-03-02,24,992.4,1218.0,rqds
2013-03-03,24,1045.8,1251.0,rqds
2013-03-04,24,1100.8,1331.0,rqds
2013-03-05,24,1010.0,1292.0,rqds
2013-03-06,24,879.2,1142.0,rqds
2013-03-07,24,837.6,1101.0,rqds
2013-03-08,24,811.5,1067.0,rqds
2013-03-09,24,879.5,1120.0,rqds
2013-03-10,24,949.4,1196.0,rqds
2013-03-11,24,793.0,971.0,rqds
2013-03-12,24,654.1,774.0,rqds
2013-03-13,24,677.5,803.0,rqds
2013-03-14,24,789.7,938.0,rqds
2013-03-15,24,884.9,1126.0,rqds
2013-03-16,24,853.5,1087.0,rqds
2013-03-17,24,905.6,1142.0,rqds
2013-03-18,24,928.6,1181.0,rqds
2013-03-19,24,916.7,1144.0,rqds
2013-03-20,24,842.3,1040.0,rqds
2013-03-21,24,818.2,1019.0,rqds
2013-03-22,24,790.1,980.0,rqds
2013-03-23,24,762.6,941.0,rqds
2013-03-24,24,827.0,992.0,rqds
2013-03-25,24,899.1,1121.0,rqds
2013-03-26,24,765.4,908.0,rqds
2013-03-27,24,714.5,916.0,rqds
2013-03-28,24,693.6,917.0,rqds
2013-03-29,24,705.7,962.0,rqds
2013-03-30,24,732.7,1005.0,rqds
2013-03-31,24,808.2,1091.0,rqds
2013-04-01,24,884.8,1181.0,rqds
2013-04-02,24,945.2,1202.0,rqds
2013-04-03,24,1002.3,1216.0,rqds
2013-04-04,24,998.2,1170.0,rqds
2013-04-05,24,922.1,1072.0,rqds
2013-04-06,24,851.5,974.0,rqds
2013-04-07,24,896.8,1011.0,rqds
2013-04-08,24,1018.8,1151.0,rqds
2013-04-09,24,1049.5,1239.0,rqds
2013-04-10,24,1041.3,1253.0,rqds
2013-04-11,24,1059.1,1329.0,rqds
2013-04-12,24,999.0,1313.0,rqds
2013-04-13,24,1046.3,1295.0,rqds
2013-04-14,24,1090.8,1385.0,rqds
2013-04-15,24,1072.8,1339.0,rqds
2013-04-16,24,1033.7,1297.0,rqds
2013-04-17,24,1033.5,1250.0,rqds
2013-04-18,24,1047.0,1211.0,rqds
2013-04-19,24,1061.5,1231.0,rqds
2013-04-20,24,988.1,1102.0,rqds
2013-04-21,24,987.3,1071.0,rqds
2013-04-22,24,928.3,1052.0,rqds
2013-04-23,24,874.4,1032.0,rqds
2013-04-24,24,855.6,1067.0,rqds
2013-04-25,24,885.0,1160.0,rqds
2013-04-26,24,885.1,1194.0,rqds
2013-04-27,24,897.2,1267.0,rqds
2013-04-28,24,861.2,1233.0,rqds
2013-04-29,24,895.4,1216.0,rqds
2013-04-30,24,1015.4,1278.0,rqds
2013-05-01,24,1149.1,1343.0,rqds
2013-05-02,24,1114.5,1344.0,rqds
2013-05-03,24,977.8,1129.0,rqds
2013-05-04,24,939.2,1050.0,rqds
2013-05-05,24,999.5,1161.0,rqds
2013-05-06,24,1052.6,1273.0,rqds
2013-05-07,24,1243.8,1579.0,rqds
2013-05-08,24,1400.6,1672.0,rqds
2013-05-09,24,1133.6,1468.0,rqds
2013-05-10,24,940.6,1290.0,rqds
2013-05-11,24,831.6,1208.0,rqds
2013-05-12,24,737.7,1096.0,rqds
2013-05-13,24,756.1,1029.0,rqds
2013-05-14,24,936.4,1167.0,rqds
2013-05-15,24,1070.2,1316.0,rqds
2013-05-16,24,1168.9,1367.0,rqds
2013-05-17,24,1077.0,1264.0,rqds
2013-05-18,24,1108.9,1195.0,rqds
2013-05-19,24,1167.0,1308.0,rqds
2013-05-20,24,1098.7,1322.0,rqds
2013-05-21,24,930.4,1147.0,rqds
2013-05-22,24,962.2,1216.0,rqds
2013-05-23,24,954.1,1256.0,rqds
2013-05-24,24,1000.4,1362.0,rqds
2013-05-25,24,1110.8,1472.0,rqds
2013-05-26,24,1164.4,1577.0,rqds
2013-05-27,24,1192.5,1606.0,rqds
2013-05-28,24,1090.1,1448.0,rqds
2013-05-29,24,1139.3,1335.0,rqds
2013-05-30,24,935.3,1260.0,rqds
2013-05-31,24,750.0,947.0,rqds
2013-06-01,24,667.5,799.0,rqds
2013-06-02,24,688.9,932.0,rqds
2013-06-03,24,874.7,1178.0,rqds
2013-06-04,24,1020.4,1267.0,rqds
2013-06-05,24,1006.6,1272.0,rqds
2013-06-06,24,945.8,1260.0,rqds
2013-06-07,24,958.6,1290.0,rqds
2013-06-08,24,1056.3,1370.0,rqds
2013-06-09,24,1087.2,1460.0,rqds
2013-06-10,24,973.7,1338.0,rqds
2013-06-11,24,980.5,1279.0,rqds
2013-06-12,24,1071.6,1333.0,rqds
2013-06-13,24,1108.1,1394.0,rqds
2013-06-14,24,1076.7,1306.0,rqds
2013-06-15,24,1034.5,1181.0,rqds
2013-06-16,24,1036.8,1126.0,rqds
2013-06-17,24,1006.0,1166.0,rqds
2013-06-18,24,923.8,1124.0,rqds
2013-06-19,24,878.0,1163.0,rqds
2013-06-20,24,873.0,1237.0,rqds
2013-06-21,24,971.2,1386.0,rqds
2013-06-22,24,1081.8,1483.0,rqds
2013-06-23,24,1185.8,1602.0,rqds
2013-06-24,24,1211.4,1598.0,rqds
2013-06-25,24,1154.0,1562.0,rqds
2013-06-26,24,1104.8,1383.0,rqds
2013-06-27,24,1081.5,1288.0,rqds
2013-06-28,24,998.2,1174.0,rqds
2013-06-29,24,906.8,1020.0,rqds
2013-06-30,24,964.8,1176.0,rqds
2013-07-01,24,1061.4,1262.0,rqds
2013-07-02,24,1089.6,1342.0,rqds
2013-07-03,24,1023.2,1316.0,rqds
2013-07-04,24,951.2,1255.0,rqds
2013-07-05,24,940.8,1242.0,rqds
2013-07-06,24,873.1,1246.0,rqds
2013-07-07,24,823.7,1178.0,rqds
2013-07-08,24,862.1,1168.0,rqds
2013-07-09,24,947.1,1253.0,rqds
2013-07-10,24,946.3,1234.0,rqds
2013-07-11,24,982.5,1236.0,rqds
2013-07-12,24,963.5,1169.0,rqds
2013-07-13,24,1002.8,1132.0,rqds
2013-07-14,24,1069.4,1142.0,rqds
2013-07-15,24,1100.3,1216.0,rqds
2013-07-16,24,1162.5,1331.0,rqds
2013-07-17,24,826.2,1001.0,rqds
2013-07-18,24,728.1,1017.0,rqds
2013-07-19,24,676.0,1003.0,rqds
2013-07-20,24,679.5,1111.0,rqds
2013-07-21,24,814.7,1212.0,rqds
2013-07-22,24,988.1,1351.0,rqds
2013-07-23,24,1138.2,1490.0,rqds
2013-07-24,24,985.5,1356.0,rqds
2013-07-25,24,1103.3,1304.0,rqds
2013-07-26,24,1258.3,1394.0,rqds
2013-07-27,24,1008.0,1365.0,rqds
2013-07-28,24,881.4,1002.0,rqds
2013-07-29,24,903.8,1072.0,rqds
2013-07-30,24,919.2,1102.0,rqds
2013-07-31,24,842.0,1043.0,rqds
2013-08-01,24,774.8,989.0,rqds
2013-08-02,24,734.1,981.0,rqds
2013-08-03,24,774.9,1116.0,rqds
2013-08-04,24,942.8,1241.0,rqds
2013-08-05,24,1012.7,1312.0,rqds
2013-08-06,24,1032.9,1289.0,rqds
2013-08-07,24,1124.2,1379.0,rqds
2013-08-08,24,1037.5,1381.0,rqds
2013-08-09,24,908.0,1124.0,rqds
2013-08-10,24,931.6,1087.0,rqds
2013-08-11,24,849.3,963.0,rqds
2013-08-12,24,851.6,1015.0,rqds
2013-08-13,24,783.2,939.0,rqds
2013-08-14,24,867.6,1149.0,rqds
2013-08-15,24,890.3,1053.0,rqds
2013-08-16,24,784.0,1058.0,rqds
2013-08-17,24,748.5,1062.0,rqds
2013-08-18,24,762.8,1079.0,rqds
2013-08-19,24,729.5,1097.0,rqds
2013-08-20,24,693.5,1025.0,rqds
2013-08-21,24,626.2,934.0,rqds
2013-08-22,24,625.2,800.0,rqds
2013-08-23,24,761.0,903.0,rqds
2013-08-24,24,908.8,1054.0,rqds
2013-08-25,24,1038.1,1230.0,rqds
2013-08-26,24,899.2,1047.0,rqds
2013-08-27,24,978.7,1161.0,rqds
2013-08-28,24,970.2,1154.0,rqds
2013-08-29,24,1017.3,1229.0,rqds
2013-08-30,24,1098.0,1320.0,rqds
2013-08-31,24,1056.1,1262.0,rqds
2013-09-01,24,908.2,1158.0,rqds
2013-09-02,24,936.6,1214.0,rqds
2013-09-03,24,1006.0,1248.0,rqds
2013-09-04,24,804.7,1075.0,rqds
2013-09-05,24,729.0,975.0,rqds
2013-09-06,24,695.1,840.0,rqds
2013-09-07,24,746.8,871.0,rqds
2013-09-08,24,768.2,920.0,rqds
2013-09-09,24,907.9,1126.0,rqds
2013-09-10,24,1094.2,1420.0,rqds
2013-09-11,24,1140.7,1299.0,rqds
2013-09-12,24,912.7,1103.0,rqds
2013-09-13,24,1009.6,1330.0,rqds
2013-09-14,24,917.3,1213.0,rqds
2013-09-15,24,778.0,1105.0,rqds
2013-09-16,24,979.4,1079.0,rqds
2013-09-17,24,854.1,1087.0,rqds
2013-09-18,24,915.5,1109.0,rqds
2013-09-19,24,888.7,1017.0,rqds
2013-09-20,24,925.6,1070.0,rqds
2013-09-21,24,1053.5,1269.0,rqds
2013-09-22,24,1178.8,1513.0,rqds
2013-09-23,24,1140.4,1378.0,rqds
2013-09-24,24,947.8,1158.0,rqds
2013-09-25,24,783.9,998.0,rqds
2013-09-26,24,757.7,914.0,rqds
2013-09-27,24,715.2,892.0,rqds
2013-09-28,24,807.1,973.0,rqds
2013-09-29,24,803.3,905.0,rqds
2013-09-30,24,685.5,866.0,rqds
2013-10-01,24,685.8,822.0,rqds
2013-10-02,24,699.8,838.0,rqds
2013-10-03,24,776.4,895.0,rqds
2013-10-04,24,856.8,1011.0,rqds
2013-10-05,24,916.2,1078.0,rqds
2013-10-06,24,916.2,1138.0,rqds
2013-10-07,24,948.5,1214.0,rqds
2013-10-08,24,950.3,1206.0,rqds
2013-10-09,24,800.8,1026.0,rqds
2013-10-10,24,791.5,1051.0,rqds
2013-10-11,24,778.4,956.0,rqds
2013-10-12,24,619.9,756.0,rqds
2013-10-13,24,602.3,744.0,rqds
2013-10-14,24,642.4,764.0,rqds
2013-10-15,24,720.5,846.0,rqds
2013-10-16,24,733.7,890.0,rqds
2013-10-17,24,792.5,1015.0,rqds
2013-10-18,24,875.5,1120.0,rqds
2013-10-19,24,905.2,1162.0,rqds
2013-10-20,24,768.7,1019.0,rqds
2013-10-21,24,706.6,989.0,rqds
2013-10-22,24,697.5,978.0,rqds
2013-10-23,24,736.0,1034.0,rqds
2013-10-24,24,873.2,1156.0,rqds
2013-10-25,24,918.7,1126.0,rqds
2013-10-26,24,860.6,1014.0,rqds
2013-10-27,24,807.3,926.0,rqds
2013-10-28,24,793.2,880.0,rqds
2013-10-29,24,831.0,935.0,rqds
2013-10-30,24,905.2,1056.0,rqds
2013-10-31,24,874.1,1083.0,rqds
2013-11-01,24,783.2,1028.0,rqds
2013-11-02,24,737.2,1017.0,rqds
2013-11-03,24,858.0,1198.0,rqds
2013-11-04,24,942.8,1296.0,rqds
2013-11-05,24,882.0,1212.0,rqds
2013-11-06,24,793.6,1112.0,rqds
2013-11-07,24,717.1,1003.0,rqds
2013-11-08,24,704.3,939.0,rqds
2013-11-09,24,730.6,924.0,rqds
2013-11-10,24,831.7,979.0,rqds
2013-11-11,24,829.0,955.0,rqds
2013-11-12,24,699.9,877.0,rqds
2013-11-13,24,646.8,867.0,rqds
2013-11-14,24,691.8,963.0,rqds
2013-11-15,24,810.0,1116.0,rqds
2013-11-16,24,935.3,1251.0,rqds
2013-11-17,24,917.7,1276.0,rqds
2013-11-18,24,831.0,1169.0,rqds
2013-11-19,24,793.4,1174.0,rqds
2013-11-20,24,854.3,1188.0,rqds
2013-11-21,24,954.4,1274.0,rqds
2013-11-22,24,1017.6,1279.0,rqds
2013-11-23,24,991.3,1219.0,rqds
2013-11-24,24,927.1,1079.0,rqds
2013-11-25,24,864.6,985.0,rqds
2013-11-26,24,856.8,990.0,rqds
2013-11-27,24,850.4,992.0,rqds
2013-11-28,24,895.9,1087.0,rqds
2013-11-29,24,988.2,1245.0,rqds
2013-11-30,24,879.6,1186.0,rqds
2013-12-01,24,782.4,1129.0,rqds
2013-12-02,24,688.6,1069.0,rqds
2013-12-03,24,537.1,914.0,rqds
2013-12-04,24,499.2,898.0,rqds
2013-12-05,24,602.1,974.0,rqds
2013-12-06,24,825.6,1151.0,rqds
2013-12-07,24,803.9,996.0,rqds
2013-12-08,24,676.6,850.0,rqds
2013-12-09,24,650.6,786.0,rqds
2013-12-10,24,676.6,840.0,rqds
2013-12-11,24,741.2,939.0,rqds
2013-12-12,24,849.4,1115.0,rqds
2013-12-13,24,929.4,1229.0,rqds
2013-12-14,24,984.8,1324.0,rqds
2013-12-15,24,994.4,1354.0,rqds
2013-12-16,24,1026.9,1405.0,rqds
2013-12-17,24,1006.2,1370.0,rqds
2013-12-18,24,887.7,1270.0,rqds
2013-12-19,24,814.8,1146.0,rqds
2013-12-20,24,750.8,1038.0,rqds
2013-12-21,24,718.0,973.0,rqds
2013-12-22,24,720.3,926.0,rqds
2013-12-23,24,725.5,886.0,rqds
2013-12-24,24,765.1,889.0,rqds
2013-12-25,24,788.3,898.0,rqds
2013-12-26,24,827.2,988.0,rqds
2013-12-27,24,818.2,1063.0,rqds
2013-12-28,24,755.6,1044.0,rqds
2013-12-29,24,762.8,1124.0,rqds
2013-12-30,24,855.8,1267.0,rqds
2013-12-31,24,933.3,1359.0,rqds
2014-01-01,24,924.8,1350.0,rqds
2014-01-02,24,903.5,1282.0,rqds
2014-01-03,24,804.0,1097.0,rqds
2014-01-04,24,682.8,895.0,rqds
2014-01-05,24,731.9,909.0,rqds
2014-01-06,24,857.8,989.0,rqds
2014-01-07,24,876.5,1030.0,rqds
2014-01-08,24,809.5,989.0,rqds
2014-01-09,24,761.4,1001.0,rqds
2014-01-10,24,750.5,989.0,rqds
2014-01-11,24,797.7,1088.0,rqds
2014-01-12,24,869.0,1216.0,rqds
2014-01-13,24,827.5,1166.0,rqds
2014-01-14,24,792.8,1125.0,rqds
2014-01-15,24,830.5,1205.0,rqds
2014-01-16,24,722.3,1047.0,rqds
2014-01-17,24,641.8,934.0,rqds
2014-01-18,24,652.0,936.0,rqds
2014-01-19,24,689.5,904.0,rqds
2014-01-20,24,734.5,909.0,rqds
2014-01-21,24,769.0,906.0,rqds
2014-01-22,24,788.0,898.0,rqds
2014-01-23,24,719.9,895.0,rqds
2014-01-24,24,701.2,886.0,rqds
2014-01-25,24,803.9,1046.0,rqds
2014-01-26,24,816.9,1122.0,rqds
2014-01-27,24,738.6,1117.0,rqds
2014-01-28,24,670.0,1100.0,rqds
2014-01-29,24,704.8,1086.0,rqds
2014-01-30,24,809.9,1202.0,rqds
2014-01-31,24,831.6,1151.0,rqds
2014-02-01,24,765.5,1006.0,rqds
2014-02-02,24,640.9,764.0,rqds
2014-02-03,24,703.7,797.0,rqds
2014-02-04,24,850.2,971.0,rqds
2014-02-05,24,851.9,1035.0,rqds
2014-02-06,24,781.5,971.0,rqds
2014-02-07,24,716.3,955.0,rqds
2014-02-08,24,627.3,857.0,rqds
2014-02-09,24,673.8,928.0,rqds
2014-02-10,24,642.2,913.0,rqds
2014-02-11,24,639.8,939.0,rqds
2014-02-12,24,672.0,977.0,rqds
2014-02-13,24,770.7,1067.0,rqds
2014-02-14,24,848.0,1112.0,rqds
2014-02-15,24,853.8,1117.0,rqds
2014-02-16,24,788.1,994.0,rqds
2014-02-17,24,778.7,934.0,rqds
2014-02-18,24,786.2,900.0,rqds
2014-02-19,24,845.0,953.0,rqds
2014-02-20,24,866.1,1030.0,rqds
2014-02-21,24,866.8,1063.0,rqds
2014-02-22,24,876.2,1099.0,rqds
2014-02-23,24,883.0,1121.0,rqds
2014-02-24,24,790.5,1068.0,rqds
2014-02-25,24,695.5,1010.0,rqds
2014-02-26,24,734.6,1066.0,rqds
2014-02-27,24,788.0,1092.0,rqds
2014-02-28,24,857.6,1146.0,rqds
2014-03-01,24,912.8,1121.0,rqds
2014-03-02,24,908.7,1038.0,rqds
2014-03-03,24,766.0,997.0,rqds
2014-03-04,24,640.6,828.0,rqds
2014-03-05,24,645.9,859.0,rqds
2014-03-06,24,695.6,885.0,rqds
2014-03-07,24,793.3,987.0,rqds
2014-03-08,24,788.1,997.0,rqds
2014-03-09,24,724.8,933.0,rqds
2014-03-10,24,636.0,846.0,rqds
2014-03-11,24,637.8,817.0,rqds
2014-03-12,24,810.8,1031.0,rqds
2014-03-13,24,895.5,1133.0,rqds
2014-03-14,24,782.3,993.0,rqds
2014-03-15,24,760.0,969.0,rqds
2014-03-16,24,778.3,946.0,rqds
2014-03-17,24,775.5,899.0,rqds
2014-03-18,24,753.7,917.0,rqds
2014-03-19,24,768.5,962.0,rqds
2014-03-20,24,760.6,979.0,rqds
2014-03-21,24,792.3,1012.0,rqds
2014-03-22,24,841.6,1085.0,rqds
2014-03-23,24,941.5,1175.0,rqds
2014-03-24,24,931.0,1174.0,rqds
2014-03-25,24,826.9,1060.0,rqds
2014-03-26,24,847.9,1053.0,rqds
2014-03-27,24,855.2,1069.0,rqds
2014-03-28,24,893.6,1104.0,rqds
2014-03-29,24,949.1,1081.0,rqds
2014-03-30,24,946.2,1096.0,rqds
2014-03-31,24,946.3,1166.0,rqds
2014-04-01,24,808.8,1067.0,rqds
2014-04-02,24,746.7,1036.0,rqds
2014-04-03,24,754.2,1016.0,rqds
2014-04-04,24,822.5,1042.0,rqds
2014-04-05,24,875.5,1122.0,rqds
2014-04-06,24,854.1,1085.0,rqds
2014-04-07,24,810.6,1036.0,rqds
2014-04-08,24,890.8,1045.0,rqds
2014-04-09,24,968.6,1097.0,rqds
2014-04-10,24,955.7,1065.0,rqds
2014-04-11,24,945.0,1052.0,rqds
2014-04-12,24,945.0,1057.0,rqds
2014-04-13,24,879.2,1066.0,rqds
2014-04-14,24,855.4,1033.0,rqds
2014-04-15,24,846.0,1102.0,rqds
2014-04-16,24,810.7,1088.0,rqds
2014-04-17,24,780.9,1095.0,rqds
2014-04-18,24,822.7,1102.0,rqds
2014-04-19,24,858.9,1138.0,rqds
2014-04-20,24,882.2,1187.0,rqds
2014-04-21,24,867.7,1115.0,rqds
2014-04-22,24,860.1,1074.0,rqds
2014-04-23,24,874.8,997.0,rqds
2014-04-24,24,968.9,1081.0,rqds
2014-04-25,24,1015.1,1136.0,rqds
2014-04-26,24,1091.7,1278.0,rqds
2014-04-27,24,1085.4,1337.0,rqds
2014-04-28,24,846.5,1224.0,rqds
2014-04-29,24,764.2,1082.0,rqds
2014-04-30,24,723.4,1060.0,rqds
2014-05-01,24,631.8,1000.0,rqds
2014-05-02,24,610.0,902.0,rqds
2014-05-03,24,762.0,992.0,rqds
2014-05-04,24,910.6,1104.0,rqds
2014-05-05,24,988.9,1192.0,rqds
2014-05-06,24,1088.6,1216.0,rqds
2014-05-07,24,1235.1,1383.0,rqds
2014-05-08,24,1150.5,1346.0,rqds
2014-05-09,24,978.2,1151.0,rqds
2014-05-10,24,937.1,1119.0,rqds
2014-05-11,24,985.5,1192.0,rqds
2014-05-12,24,926.5,1215.0,rqds
2014-05-13,24,887.8,1145.0,rqds
2014-05-14,24,888.6,1221.0,rqds
2014-05-15,24,874.5,1217.0,rqds
2014-05-16,24,866.4,1241.0,rqds
2014-05-17,24,878.4,1217.0,rqds
2014-05-18,24,898.1,1222.0,rqds
2014-05-19,24,936.5,1197.0,rqds
2014-05-20,24,984.0,1201.0,rqds
2014-05-21,24,1011.8,1131.0,rqds
2014-05-22,24,1114.6,1273.0,rqds
2014-05-23,24,1189.7,1355.0,rqds
2014-05-24,24,1120.8,1363.0,rqds
2014-05-25,24,1028.0,1267.0,rqds
2014-05-26,24,1010.0,1350.0,rqds
2014-05-27,24,1000.4,1364.0,rqds
2014-05-28,24,875.2,1264.0,rqds
2014-05-29,24,823.9,1168.0,rqds
2014-05-30,24,838.8,1178.0,rqds
2014-05-31,24,1005.2,1241.0,rqds
2014-06-01,24,990.7,1337.0,rqds
2014-06-02,24,931.1,1209.0,rqds
2014-06-03,24,868.1,1109.0,rqds
2014-06-04,24,851.5,1008.0,rqds
2014-06-05,24,895.0,1025.0,rqds
2014-06-06,24,934.8,1057.0,rqds
2014-06-07,24,1039.9,1218.0,rqds
2014-06-08,24,1111.5,1311.0,rqds
2014-06-09,24,1157.9,1484.0,rqds
2014-06-10,24,950.5,1417.0,rqds
2014-06-11,24,816.0,1215.0,rqds
2014-06-12,24,798.6,1154.0,rqds
2014-06-13,24,803.0,1191.0,rqds
2014-06-14,24,856.9,1238.0,rqds
2014-06-15,24,927.0,1258.0,rqds
2014-06-16,24,1107.6,1333.0,rqds
2014-06-17,24,1364.8,1677.0,rqds
2014-06-18,24,1079.4,1318.0,rqds
2014-06-19,24,988.4,1093.0,rqds
2014-06-20,24,1067.8,1302.0,rqds
2014-06-21,24,1084.8,1271.0,rqds
2014-06-22,24,764.3,1105.0,rqds
2014-06-23,24,683.9,962.0,rqds
2014-06-24,24,730.9,1068.0,rqds
2014-06-25,24,864.2,1233.0,rqds
2014-06-26,24,850.7,1262.0,rqds
2014-06-27,24,743.4,1098.0,rqds
2014-06-28,24,761.0,1084.0,rqds
2014-06-29,24,884.2,1132.0,rqds
2014-06-30,24,993.4,1263.0,rqds
2014-07-01,24,1088.5,1348.0,rqds
2014-07-02,24,1048.4,1411.0,rqds
2014-07-03,24,922.0,1062.0,rqds
2014-07-04,24,974.6,1075.0,rqds
2014-07-05,24,1023.9,1280.0,rqds
2014-07-06,24,1047.8,1243.0,rqds
2014-07-07,24,1077.8,1241.0,rqds
2014-07-08,24,776.2,1120.0,rqds
2014-07-09,24,741.2,1090.0,rqds
2014-07-10,24,793.5,1140.0,rqds
2014-07-11,24,751.4,1204.0,rqds
2014-07-12,24,745.8,1110.0,rqds
2014-07-13,24,901.0,1203.0,rqds
2014-07-14,24,868.0,1267.0,rqds
2014-07-15,24,784.7,1058.0,rqds
2014-07-16,24,718.1,871.0,rqds
2014-07-17,24,770.4,852.0,rqds
2014-07-18,24,882.6,1060.0,rqds
2014-07-19,24,1026.9,1193.0,rqds
2014-07-20,24,924.7,1117.0,rqds
2014-07-21,24,949.1,1156.0,rqds
2014-07-22,24,841.0,1108.0,rqds
2014-07-23,24,809.2,1082.0,rqds
2014-07-24,24,842.0,1167.0,rqds
2014-07-25,24,994.7,1293.0,rqds
2014-07-26,24,985.8,1380.0,rqds
2014-07-27,24,906.3,1260.0,rqds
2014-07-28,24,881.3,1180.0,rqds
2014-07-29,24,880.1,1126.0,rqds
2014-07-30,24,825.0,1063.0,rqds
2014-07-31,24,746.6,881.0,rqds
2014-08-01,24,793.2,885.0,rqds
2014-08-02,24,751.8,833.0,rqds
2014-08-03,24,677.1,797.0,rqds
2014-08-04,24,711.2,927.0,rqds
2014-08-05,24,811.6,1073.0,rqds
2014-08-06,24,897.3,1190.0,rqds
2014-08-07,24,877.5,1201.0,rqds
2014-08-08,24,850.5,1177.0,rqds
2014-08-09,24,827.0,1195.0,rqds
2014-08-10,24,841.0,1192.0,rqds
2014-08-11,24,847.1,1170.0,rqds
2014-08-12,24,840.5,1077.0,rqds
2014-08-13,24,875.1,991.0,rqds
2014-08-14,24,905.6,995.0,rqds
2014-08-15,24,879.9,1022.0,rqds
2014-08-16,24,937.0,1119.0,rqds
2014-08-17,24,1082.6,1327.0,rqds
2014-08-18,24,1064.0,1223.0,rqds
2014-08-19,24,929.4,1166.0,rqds
2014-08-20,24,1023.0,1383.0,rqds
2014-08-21,24,1004.4,1292.0,rqds
2014-08-22,24,807.2,1106.0,rqds
2014-08-23,24,780.4,1035.0,rqds
2014-08-24,24,840.0,1084.0,rqds
2014-08-25,24,871.3,1113.0,rqds
2014-08-26,24,774.0,1009.0,rqds
2014-08-27,24,801.4,975.0,rqds
2014-08-28,24,900.4,995.0,rqds
2014-08-29,24,963.4,1071.0,rqds
2014-08-30,24,860.0,994.0,rqds
2014-08-31,24,800.9,950.0,rqds
2014-09-01,24,828.2,1024.0,rqds
2014-09-02,24,862.5,1029.0,rqds
2014-09-03,24,831.0,1042.0,rqds
2014-09-04,24,877.3,1189.0,rqds
2014-09-05,24,1007.2,1402.0,rqds
2014-09-06,24,1136.2,1371.0,rqds
2014-09-07,24,1150.9,1417.0,rqds
2014-09-08,24,1058.6,1353.0,rqds
2014-09-09,24,842.6,1068.0,rqds
2014-09-10,24,814.2,959.0,rqds
2014-09-11,24,794.8,930.0,rqds
2014-09-12,24,774.3,962.0,rqds
2014-09-13,24,733.4,936.0,rqds
2014-09-14,24,717.0,919.0,rqds
2014-09-15,24,671.7,844.0,rqds
2014-09-16,24,648.2,811.0,rqds
2014-09-17,24,652.9,799.0,rqds
2014-09-18,24,646.6,834.0,rqds
2014-09-19,24,738.4,926.0,rqds
2014-09-20,24,879.4,1155.0,rqds
2014-09-21,24,888.5,1254.0,rqds
2014-09-22,24,665.5,906.0,rqds
2014-09-23,24,612.8,783.0,rqds
2014-09-24,24,663.8,796.0,rqds
2014-09-25,24,722.8,874.0,rqds
2014-09-26,24,905.5,1115.0,rqds
2014-09-27,24,920.5,1071.0,rqds
2014-09-28,24,849.2,1068.0,rqds
2014-09-29,24,752.4,965.0,rqds
2014-09-30,24,710.3,923.0,rqds
2014-10-01,24,760.0,974.0,rqds
2014-10-02,24,838.7,998.0,rqds
2014-10-03,24,784.5,949.0,rqds
2014-10-04,24,822.4,1039.0,rqds
2014-10-05,24,832.5,1068.0,rqds
2014-10-06,24,696.9,851.0,rqds
2014-10-07,24,724.7,907.0,rqds
2014-10-08,24,736.2,950.0,rqds
2014-10-09,24,624.5,835.0,rqds
2014-10-10,24,638.2,877.0,rqds
2014-10-11,24,618.0,889.0,rqds
2014-10-12,24,578.5,826.0,rqds
2014-10-13,24,562.3,792.0,rqds
2014-10-14,24,601.2,805.0,rqds
2014-10-15,24,725.9,938.0,rqds
2014-10-16,24,834.9,960.0,rqds
2014-10-17,24,834.4,928.0,rqds
2014-10-18,24,825.5,898.0,rqds
2014-10-19,24,843.8,927.0,rqds
2014-10-20,24,828.5,941.0,rqds
2014-10-21,24,841.1,981.0,rqds
2014-10-22,24,953.1,1177.0,rqds
2014-10-23,24,894.9,1124.0,rqds
2014-10-24,24,869.4,1120.0,rqds
2014-10-25,24,822.0,1105.0,rqds
2014-10-26,24,737.1,1020.0,rqds
2014-10-27,24,697.8,966.0,rqds
2014-10-28,24,724.2,997.0,rqds
2014-10-29,24,713.9,938.0,rqds
2014-10-30,24,727.8,936.0,rqds
2014-10-31,24,689.0,829.0,rqds
2014-11-01,24,740.5,856.0,rqds
2014-11-02,24,761.0,928.0,rqds
2014-11-03,24,644.9,830.0,rqds
2014-11-04,24,629.8,846.0,rqds
2014-11-05,24,675.5,937.0,rqds
2014-11-06,24,821.8,1212.0,rqds
2014-11-07,24,778.0,1090.0,rqds
2014-11-08,24,716.7,1009.0,rqds
2014-11-09,24,773.0,1093.0,rqds
2014-11-10,24,828.0,1141.0,rqds
2014-11-11,24,775.9,1018.0,rqds
2014-11-12,24,702.0,911.0,rqds
2014-11-13,24,553.4,692.0,rqds
2014-11-14,24,539.0,670.0,rqds
2014-11-15,24,578.4,680.0,rqds
2014-11-16,24,650.8,778.0,rqds
2014-11-17,24,757.5,908.0,rqds
2014-11-18,24,823.5,1026.0,rqds
2014-11-19,24,826.8,1046.0,rqds
2014-11-20,24,915.0,1208.0,rqds
2014-11-21,24,904.8,1224.0,rqds
2014-11-22,24,847.2,1174.0,rqds
2014-11-23,24,733.6,1101.0,rqds
2014-11-24,24,656.4,981.0,rqds
2014-11-25,24,672.5,1004.0,rqds
2014-11-26,24,779.8,1108.0,rqds
2014-11-27,24,887.8,1129.0,rqds
2014-11-28,24,864.6,1027.0,rqds
2014-11-29,24,792.2,908.0,rqds
2014-11-30,24,816.2,961.0,rqds
2014-12-01,24,790.7,1011.0,rqds
2014-12-02,24,798.3,1065.0,rqds
2014-12-03,24,793.5,1112.0,rqds
2014-12-04,24,742.2,1104.0,rqds
2014-12-05,24,734.0,1074.0,rqds
2014-12-06,24,780.1,1142.0,rqds
2014-12-07,24,812.6,1176.0,rqds
2014-12-08,24,697.5,1039.0,rqds
2014-12-09,24,606.0,875.0,rqds
2014-12-10,24,592.6,853.0,rqds
2014-12-11,24,645.4,869.0,rqds
2014-12-12,24,588.2,741.0,rqds
2014-12-13,24,583.0,731.0,rqds
2014-12-14,24,629.4,741.0,rqds
2014-12-15,24,664.8,803.0,rqds
2014-12-16,24,710.5,898.0,rqds
2014-12-17,24,698.5,939.0,rqds
2014-12-18,24,685.8,975.0,rqds
2014-12-19,24,773.0,1115.0,rqds
2014-12-20,24,724.0,1105.0,rqds
2014-12-21,24,668.7,1055.0,rqds
2014-12-22,24,671.1,1058.0,rqds
2014-12-23,24,658.1,1045.0,rqds
2014-12-24,24,618.2,937.0,rqds
2014-12-25,24,591.2,849.0,rqds
2014-12-26,24,674.8,865.0,rqds
2014-12-27,24,752.8,891.0,rqds
2014-12-28,24,760.2,886.0,rqds
2014-12-29,24,782.4,953.0,rqds
2014-12-30,24,827.3,1075.0,rqds
2014-12-31,24,797.0,1084.0,rqds
2015-01-01,24,776.5,1111.0,rqds
2015-01-02,24,727.8,1100.0,rqds
2015-01-03,24,703.3,1094.0,rqds
2015-01-04,24,723.8,1067.0,rqds
2015-01-05,24,829.5,1186.0,rqds
2015-01-06,24,836.4,1163.0,rqds
2015-01-07,24,703.6,987.0,rqds
2015-01-08,24,634.5,880.0,rqds
2015-01-09,24,582.8,791.0,rqds
2015-01-10,24,609.8,811.0,rqds
2015-01-11,24,720.3,858.0,rqds
2015-01-12,24,814.3,902.0,rqds
2015-01-13,24,821.2,950.0,rqds
2015-01-14,24,756.9,964.0,rqds
2015-01-15,24,647.0,917.0,rqds
2015-01-16,24,625.3,909.0,rqds
2015-01-17,24,724.2,1089.0,rqds
2015-01-18,24,795.9,1168.0,rqds
2015-01-19,24,857.6,1256.0,rqds
2015-01-20,24,887.6,1308.0,rqds
2015-01-21,24,807.4,1133.0,rqds
2015-01-22,24,730.1,1006.0,rqds
2015-01-23,24,714.8,905.0,rqds
2015-01-24,24,703.6,810.0,rqds
2015-01-25,24,715.2,836.0,rqds
2015-01-26,24,754.5,902.0,rqds
2015-01-27,24,809.5,992.0,rqds
2015-01-28,24,907.7,1140.0,rqds
2015-01-29,24,865.2,1115.0,rqds
2015-01-30,24,838.2,1140.0,rqds
2015-01-31,24,864.5,1208.0,rqds
2015-02-01,24,865.8,1252.0,rqds
2015-02-02,24,926.6,1262.0,rqds
2015-02-03,24,952.6,1268.0,rqds
2015-02-04,24,952.3,1230.0,rqds
2015-02-05,24,846.5,1082.0,rqds
2015-02-06,24,724.9,938.0,rqds
2015-02-07,24,717.0,886.0,rqds
2015-02-08,24,766.6,892.0,rqds
2015-02-09,24,834.0,920.0,rqds
2015-02-10,24,754.0,943.0,rqds
2015-02-11,24,731.7,871.0,rqds
2015-02-12,24,796.0,957.0,rqds
2015-02-13,24,860.4,1100.0,rqds
2015-02-14,24,751.1,1049.0,rqds
2015-02-15,24,728.9,1039.0,rqds
2015-02-16,24,777.1,1100.0,rqds
2015-02-17,24,852.9,1194.0,rqds
2015-02-18,24,860.5,1165.0,rqds
2015-02-19,24,823.0,1083.0,rqds
2015-02-20,24,798.0,963.0,rqds
2015-02-21,24,777.2,892.0,rqds
2015-02-22,24,693.6,887.0,rqds
2015-02-23,24,695.6,877.0,rqds
2015-02-24,24,770.7,946.0,rqds
2015-02-25,24,896.0,1071.0,rqds
2015-02-26,24,996.3,1187.0,rqds
2015-02-27,24,900.0,1133.0,rqds
2015-02-28,24,808.0,1029.0,rqds
2015-03-01,24,807.2,1062.0,rqds
2015-03-02,24,755.2,1005.0,rqds
2015-03-03,24,722.3,967.0,rqds
2015-03-04,24,730.5,977.0,rqds
2015-03-05,24,805.8,1020.0,rqds
2015-03-06,24,868.3,1040.0,rqds
2015-03-07,24,840.6,978.0,rqds
2015-03-08,24,832.1,957.0,rqds
2015-03-09,24,870.9,1025.0,rqds
2015-03-10,24,857.6,1074.0,rqds
2015-03-11,24,861.2,1057.0,rqds
2015-03-12,24,921.2,1119.0,rqds
2015-03-13,24,976.2,1174.0,rqds
2015-03-14,24,997.3,1234.0,rqds
2015-03-15,24,1064.7,1235.0,rqds
2015-03-16,24,1113.2,1361.0,rqds
2015-03-17,24,1023.4,1248.0,rqds
2015-03-18,24,986.7,1203.0,rqds
2015-03-19,24,842.5,1031.0,rqds
2015-03-20,24,838.8,979.0,rqds
2015-03-21,24,808.3,1046.0,rqds
2015-03-22,24,619.0,891.0,rqds
2015-03-23,24,569.7,811.0,rqds
2015-03-24,24,574.0,856.0,rqds
2015-03-25,24,605.1,826.0,rqds
2015-03-26,24,758.0,944.0,rqds
2015-03-27,24,856.7,1059.0,rqds
2015-03-28,24,837.1,998.0,rqds
2015-03-29,24,852.2,995.0,rqds
2015-03-30,24,884.5,998.0,rqds
2015-03-31,24,892.1,1057.0,rqds
2015-04-01,24,866.3,1002.0,rqds
2015-04-02,24,940.6,1084.0,rqds
2015-04-03,24,941.2,1088.0,rqds
2015-04-04,24,855.8,1025.0,rqds
2015-04-05,24,853.4,1031.0,rqds
2015-04-06,24,887.0,1058.0,rqds
2015-04-07,24,1004.3,1175.0,rqds
2015-04-08,24,1014.6,1306.0,rqds
2015-04-09,24,1053.6,1242.0,rqds
2015-04-10,24,1116.2,1394.0,rqds
2015-04-11,24,1019.8,1284.0,rqds
2015-04-12,24,921.2,1129.0,rqds
2015-04-13,24,919.7,1100.0,rqds
2015-04-14,24,845.8,1032.0,rqds
2015-04-15,24,704.4,834.0,rqds
2015-04-16,24,677.6,793.0,rqds
2015-04-17,24,732.2,894.0,rqds
2015-04-18,24,736.9,955.0,rqds
2015-04-19,24,813.3,1056.0,rqds
2015-04-20,24,884.0,1146.0,rqds
2015-04-21,24,959.5,1235.0,rqds
2015-04-22,24,1004.3,1299.0,rqds
2015-04-23,24,902.5,1211.0,rqds
2015-04-24,24,872.6,1117.0,rqds
2015-04-25,24,941.3,1111.0,rqds
2015-04-26,24,1031.1,1202.0,rqds
2015-04-27,24,1082.3,1189.0,rqds
2015-04-28,24,1127.8,1202.0,rqds
2015-04-29,24,1163.8,1257.0,rqds
2015-04-30,24,1154.6,1281.0,rqds
2015-05-01,24,1033.8,1171.0,rqds
2015-05-02,24,1042.8,1255.0,rqds
2015-05-03,24,1152.2,1351.0,rqds
2015-05-04,24,890.4,1247.0,rqds
2015-05-05,24,782.9,1105.0,rqds
2015-05-06,24,749.7,1050.0,rqds
2015-05-07,24,777.5,1099.0,rqds
2015-05-08,24,789.1,1105.0,rqds
2015-05-09,24,763.7,1052.0,rqds
2015-05-10,24,743.6,968.0,rqds
2015-05-11,24,758.4,938.0,rqds
2015-05-12,24,815.4,924.0,rqds
2015-05-13,24,874.5,1068.0,rqds
2015-05-14,24,969.3,1169.0,rqds
2015-05-15,24,1091.3,1330.0,rqds
2015-05-16,24,1264.1,1570.0,rqds
2015-05-17,24,1263.1,1658.0,rqds
2015-05-18,24,983.7,1427.0,rqds
2015-05-19,24,854.1,1244.0,rqds
2015-05-20,24,795.9,1161.0,rqds
2015-05-21,24,845.8,1132.0,rqds
2015-05-22,24,927.2,1182.0,rqds
2015-05-23,24,865.5,1149.0,rqds
2015-05-24,24,819.7,1017.0,rqds
2015-05-25,24,776.9,924.0,rqds
2015-05-26,24,771.5,876.0,rqds
2015-05-27,24,732.5,831.0,rqds
2015-05-28,24,735.5,887.0,rqds
2015-05-29,24,735.2,907.0,rqds
2015-05-30,24,753.9,1014.0,rqds
2015-05-31,24,836.1,1130.0,rqds
2015-06-01,24,1008.0,1319.0,rqds
2015-06-02,24,1052.8,1408.0,rqds
2015-06-03,24,942.3,1353.0,rqds
2015-06-04,24,905.7,1264.0,rqds
2015-06-05,24,894.0,1239.0,rqds
2015-06-06,24,894.2,1205.0,rqds
2015-06-07,24,846.2,1122.0,rqds
2015-06-08,24,779.3,993.0,rqds
2015-06-09,24,793.0,938.0,rqds
2015-06-10,24,908.2,1092.0,rqds
2015-06-11,24,995.9,1183.0,rqds
2015-06-12,24,902.7,1157.0,rqds
2015-06-13,24,809.2,1113.0,rqds
2015-06-14,24,778.6,1122.0,rqds
2015-06-15,24,791.9,1125.0,rqds
2015-06-16,24,863.1,1188.0,rqds
2015-06-17,24,916.0,1248.0,rqds
2015-06-18,24,1013.0,1325.0,rqds
2015-06-19,24,1007.7,1324.0,rqds
2015-06-20,24,1029.8,1289.0,rqds
2015-06-21,24,961.0,1335.0,rqds
2015-06-22,24,691.3,927.0,rqds
2015-06-23,24,654.8,766.0,rqds
2015-06-24,24,740.1,830.0,rqds
2015-06-25,24,769.2,898.0,rqds
2015-06-26,24,729.2,882.0,rqds
2015-06-27,24,697.6,933.0,rqds
2015-06-28,24,751.5,1056.0,rqds
2015-06-29,24,814.2,1128.0,rqds
2015-06-30,24,839.4,1156.0,rqds
2015-07-01,24,827.8,1202.0,rqds
2015-07-02,24,856.5,1216.0,rqds
2015-07-03,24,832.2,1218.0,rqds
2015-07-04,24,841.1,1164.0,rqds
2015-07-05,24,826.7,1110.0,rqds
2015-07-06,24,841.7,1024.0,rqds
2015-07-07,24,793.4,988.0,rqds
2015-07-08,24,624.3,743.0,rqds
2015-07-09,24,645.0,825.0,rqds
2015-07-10,24,587.5,812.0,rqds
2015-07-11,24,579.6,869.0,rqds
2015-07-12,24,628.0,965.0,rqds
2015-07-13,24,703.9,1041.0,rqds
2015-07-14,24,777.5,1089.0,rqds
2015-07-15,24,825.1,1133.0,rqds
2015-07-16,24,915.5,1200.0,rqds
2015-07-17,24,980.2,1294.0,rqds
2015-07-18,24,963.3,1218.0,rqds
2015-07-19,24,1112.3,1288.0,rqds
2015-07-20,24,1123.7,1361.0,rqds
2015-07-21,24,963.1,1133.0,rqds
2015-07-22,24,953.8,1049.0,rqds
2015-07-23,24,822.5,953.0,rqds
2015-07-24,24,767.8,891.0,rqds
2015-07-25,24,710.7,876.0,rqds
2015-07-26,24,694.1,930.0,rqds
2015-07-27,24,770.9,1167.0,rqds
2015-07-28,24,930.5,1289.0,rqds
2015-07-29,24,897.0,1278.0,rqds
2015-07-30,24,928.7,1278.0,rqds
2015-07-31,24,891.2,1338.0,rqds
2015-08-01,24,660.7,1056.0,rqds
2015-08-02,24,551.7,842.0,rqds
2015-08-03,24,554.4,732.0,rqds
2015-08-04,24,609.8,689.0,rqds
2015-08-05,24,684.8,831.0,rqds
2015-08-06,24,840.3,1050.0,rqds
2015-08-07,24,920.3,1173.0,rqds
2015-08-08,24,836.8,1063.0,rqds
2015-08-09,24,739.1,1097.0,rqds
2015-08-10,24,746.6,1053.0,rqds
2015-08-11,24,612.8,933.0,rqds
2015-08-12,24,588.5,880.0,rqds
2015-08-13,24,645.3,896.0,rqds
2015-08-14,24,745.3,978.0,rqds
2015-08-15,24,803.4,1027.0,rqds
2015-08-16,24,863.4,1068.0,rqds
2015-08-17,24,911.3,1079.0,rqds
2015-08-18,24,880.5,1022.0,rqds
2015-08-19,24,986.5,1102.0,rqds
2015-08-20,24,877.5,989.0,rqds
2015-08-21,24,879.1,991.0,rqds
2015-08-22,24,706.4,809.0,rqds
2015-08-23,24,578.9,720.0,rqds
2015-08-24,24,559.4,787.0,rqds
2015-08-25,24,623.3,926.0,rqds
2015-08-26,24,683.1,1006.0,rqds
2015-08-27,24,785.9,1095.0,rqds
2015-08-28,24,803.2,1112.0,rqds
2015-08-29,24,859.0,1133.0,rqds
2015-08-30,24,753.4,1052.0,rqds
2015-08-31,24,759.6,999.0,rqds
2015-09-01,24,635.7,745.0,rqds
2015-09-02,24,627.3,781.0,rqds
2015-09-03,24,712.5,911.0,rqds
2015-09-04,24,783.3,976.0,rqds
2015-09-05,24,650.6,796.0,rqds
2015-09-06,24,577.7,742.0,rqds
2015-09-07,24,549.2,755.0,rqds
2015-09-08,24,618.5,867.0,rqds
2015-09-09,24,742.6,1045.0,rqds
2015-09-10,24,783.1,1024.0,rqds
2015-09-11,24,807.8,971.0,rqds
2015-09-12,24,716.2,1012.0,rqds
2015-09-13,24,598.4,807.0,rqds
2015-09-14,24,545.2,735.0,rqds
2015-09-15,24,520.5,633.0,rqds
2015-09-16,24,534.8,693.0,rqds
2015-09-17,24,616.8,814.0,rqds
2015-09-18,24,690.7,879.0,rqds
2015-09-19,24,576.1,725.0,rqds
2015-09-20,24,543.5,713.0,rqds
2015-09-21,24,566.6,750.0,rqds
2015-09-22,24,681.0,895.0,rqds
2015-09-23,24,773.9,991.0,rqds
2015-09-24,24,804.0,988.0,rqds
2015-09-25,24,712.9,956.0,rqds
2015-09-26,24,641.9,878.0,rqds
2015-09-27,24,664.4,820.0,rqds
2015-09-28,24,757.2,933.0,rqds
2015-09-29,24,776.5,970.0,rqds
2015-09-30,24,731.7,956.0,rqds
2015-10-01,24,757.9,998.0,rqds
2015-10-02,24,770.0,1010.0,rqds
2015-10-03,24,786.0,1011.0,rqds
2015-10-04,24,827.1,1056.0,rqds
2015-10-05,24,680.9,825.0,rqds
2015-10-06,24,599.2,715.0,rqds
2015-10-07,24,651.5,766.0,rqds
2015-10-08,24,657.0,774.0,rqds
2015-10-09,24,671.0,765.0,rqds
2015-10-10,24,665.3,765.0,rqds
2015-10-11,24,754.5,897.0,rqds
2015-10-12,24,791.7,954.0,rqds
2015-10-13,24,841.3,1031.0,rqds
2015-10-14,24,808.8,1031.0,rqds
2015-10-15,24,694.5,943.0,rqds
2015-10-16,24,674.6,932.0,rqds
2015-10-17,24,723.7,991.0,rqds
2015-10-18,24,735.6,990.0,rqds
2015-10-19,24,700.5,915.0,rqds
2015-10-20,24,659.7,829.0,rqds
2015-10-21,24,678.4,835.0,rqds
2015-10-22,24,693.5,832.0,rqds
2015-10-23,24,638.7,762.0,rqds
2015-10-24,24,601.9,749.0,rqds
2015-10-25,24,608.8,820.0,rqds
2015-10-26,24,668.2,924.0,rqds
2015-10-27,24,717.9,999.0,rqds
2015-10-28,24,775.2,1083.0,rqds
2015-10-29,24,818.4,1114.0,rqds
2015-10-30,24,841.5,1163.0,rqds
2015-10-31,24,796.8,1073.0,rqds
2015-11-01,24,878.0,1150.0,rqds
2015-11-02,24,827.0,1014.0,rqds
2015-11-03,24,726.1,860.0,rqds
2015-11-04,24,744.5,866.0,rqds
2015-11-05,24,821.1,915.0,rqds
2015-11-06,24,767.0,902.0,rqds
2015-11-07,24,691.1,870.0,rqds
2015-11-08,24,662.8,885.0,rqds
2015-11-09,24,644.9,863.0,rqds
2015-11-10,24,664.7,905.0,rqds
2015-11-11,24,645.2,935.0,rqds
2015-11-12,24,647.1,965.0,rqds
2015-11-13,24,739.5,1082.0,rqds
2015-11-14,24,853.0,1171.0,rqds
2015-11-15,24,799.3,1076.0,rqds
2015-11-16,24,830.3,1122.0,rqds
2015-11-17,24,862.2,1074.0,rqds
2015-11-18,24,772.4,942.0,rqds
2015-11-19,24,603.8,712.0,rqds
2015-11-20,24,566.6,693.0,rqds
2015-11-21,24,642.0,827.0,rqds
2015-11-22,24,794.1,1028.0,rqds
2015-11-23,24,830.0,1139.0,rqds
2015-11-24,24,714.0,1060.0,rqds
2015-11-25,24,648.1,1012.0,rqds
2015-11-26,24,701.4,1099.0,rqds
2015-11-27,24,722.2,1101.0,rqds
2015-11-28,24,741.3,1078.0,rqds
2015-11-29,24,665.5,935.0,rqds
2015-11-30,24,543.6,758.0,rqds
2015-12-01,24,538.2,755.0,rqds
2015-12-02,24,622.2,793.0,rqds
2015-12-03,24,675.2,836.0,rqds
2015-12-04,24,671.8,789.0,rqds
2015-12-05,24,733.2,866.0,rqds
2015-12-06,24,717.2,915.0,rqds
2015-12-07,24,654.6,907.0,rqds
2015-12-08,24,631.0,912.0,rqds
2015-12-09,24,584.0,899.0,rqds
2015-12-10,24,535.4,881.0,rqds
2015-12-11,24,603.4,953.0,rqds
2015-12-12,24,630.1,984.0,rqds
2015-12-13,24,666.2,1020.0,rqds
2015-12-14,24,657.1,974.0,rqds
2015-12-15,24,668.3,929.0,rqds
2015-12-16,24,636.9,846.0,rqds
2015-12-17,24,647.1,811.0,rqds
2015-12-18,24,657.9,764.0,rqds
2015-12-19,24,582.0,761.0,rqds
2015-12-20,24,609.3,852.0,rqds
2015-12-21,24,672.5,981.0,rqds
2015-12-22,24,714.2,1057.0,rqds
2015-12-23,24,744.2,1120.0,rqds
2015-12-24,24,618.0,1036.0,rqds
2015-12-25,24,552.5,953.0,rqds
2015-12-26,24,567.1,910.0,rqds
2015-12-27,24,613.4,955.0,rqds
2015-12-28,24,688.9,975.0,rqds
2015-12-29,24,677.4,924.0,rqds
2015-12-30,24,572.0,763.0,rqds
2015-12-31,24,519.1,677.0,rqds
2016-01-01,24,578.0,709.0,rqds
2016-01-02,24,721.9,845.0,rqds
2016-01-03,24,746.1,905.0,rqds
2016-01-04,24,756.5,976.0,rqds
2016-01-05,24,751.9,1015.0,rqds
2016-01-06,24,733.0,1056.0,rqds
2016-01-07,24,753.5,1099.0,rqds
2016-01-08,24,747.1,1103.0,rqds
2016-01-09,24,761.9,1123.0,rqds
2016-01-10,24,750.2,1115.0,rqds
2016-01-11,24,786.2,1135.0,rqds
2016-01-12,24,687.3,959.0,rqds
2016-01-13,24,563.8,798.0,rqds
2016-01-14,24,610.8,784.0,rqds
2016-01-15,24,756.6,886.0,rqds
2016-01-16,24,844.8,977.0,rqds
2016-01-17,24,818.1,1007.0,rqds
2016-01-18,24,858.0,1124.0,rqds
2016-01-19,24,898.9,1208.0,rqds
2016-01-20,24,865.5,1221.0,rqds
2016-01-21,24,733.0,1091.0,rqds
2016-01-22,24,717.0,1084.0,rqds
2016-01-23,24,731.9,1080.0,rqds
2016-01-24,24,794.5,1127.0,rqds
2016-01-25,24,817.7,1091.0,rqds
2016-01-26,24,803.5,1086.0,rqds
2016-01-27,24,738.2,941.0,rqds
2016-01-28,22,747.4,904.0,rqds
2016-01-29,7,873.3,981.0,rqds
2016-01-30,16,961.4,1034.0,rqds
2016-01-31,8,676.0,771.0,rqds
2016-02-01,24,712.8,887.0,rqds
2016-02-02,24,617.0,835.0,rqds
2016-02-03,24,590.6,818.0,rqds
2016-02-04,24,672.7,944.0,rqds
2016-02-05,24,766.2,1110.0,rqds
2016-02-06,24,759.1,1099.0,rqds
2016-02-07,24,752.9,1100.0,rqds
2016-02-08,24,795.0,1141.0,rqds
2016-02-09,24,822.7,1113.0,rqds
2016-02-10,24,809.2,1027.0,rqds
2016-02-11,24,762.6,906.0,rqds
2016-02-12,24,618.8,741.0,rqds
2016-02-13,24,538.1,696.0,rqds
2016-02-14,24,520.5,722.0,rqds
2016-02-15,24,584.8,785.0,rqds
2016-02-16,24,776.2,1009.0,rqds
2016-02-17,24,812.5,1114.0,rqds
2016-02-18,24,720.8,1001.0,rqds
2016-02-19,24,740.7,1014.0,rqds
2016-02-20,24,826.8,1108.0,rqds
2016-02-21,24,851.5,1121.0,rqds
2016-02-22,24,824.0,1060.0,rqds
2016-02-23,24,803.2,1017.0,rqds
2016-02-24,24,705.0,857.0,rqds
2016-02-25,24,661.5,787.0,rqds
2016-02-26,24,700.8,813.0,rqds
2016-02-27,24,829.9,911.0,rqds
2016-02-28,24,850.2,1025.0,rqds
2016-02-29,24,780.6,968.0,rqds
2016-03-01,24,698.3,889.0,rqds
2016-03-02,24,712.5,892.0,rqds
2016-03-03,24,729.9,938.0,rqds
2016-03-04,24,703.0,944.0,rqds
2016-03-05,24,676.0,943.0,rqds
2016-03-06,24,678.0,955.0,rqds
2016-03-07,24,774.4,1052.0,rqds
2016-03-08,24,857.0,1097.0,rqds
2016-03-09,24,882.9,1079.0,rqds
2016-03-10,24,841.4,999.0,rqds
2016-03-11,24,815.8,1024.0,rqds
2016-03-12,24,812.2,1047.0,rqds
2016-03-13,24,831.0,1051.0,rqds
2016-03-14,24,904.5,1121.0,rqds
2016-03-15,24,902.8,1174.0,rqds
2016-03-16,24,748.5,994.0,rqds
2016-03-17,24,673.8,886.0,rqds
2016-03-18,24,710.2,904.0,rqds
2016-03-19,24,764.5,968.0,rqds
2016-03-20,24,779.8,967.0,rqds
2016-03-21,24,782.8,997.0,rqds
2016-03-22,24,739.8,883.0,rqds
2016-03-23,24,686.4,815.0,rqds
2016-03-24,24,633.1,759.0,rqds
2016-03-25,24,724.0,838.0,rqds
2016-03-26,24,761.5,975.0,rqds
2016-03-27,24,675.1,944.0,rqds
2016-03-28,24,637.2,847.0,rqds
2016-03-29,24,623.9,854.0,rqds
2016-03-30,24,701.1,883.0,rqds
2016-03-31,24,784.1,966.0,rqds
2016-04-01,24,789.7,977.0,rqds
2016-04-02,24,763.7,952.0,rqds
2016-04-03,24,796.3,985.0,rqds
2016-04-04,24,759.0,974.0,rqds
2016-04-05,24,620.8,791.0,rqds
2016-04-06,24,578.5,704.0,rqds
2016-04-07,24,630.9,798.0,rqds
2016-04-08,24,763.8,963.0,rqds
2016-04-09,24,801.6,1095.0,rqds
2016-04-10,24,822.2,1077.0,rqds
2016-04-11,24,869.7,1145.0,rqds
2016-04-12,24,871.8,1153.0,rqds
2016-04-13,24,802.5,1061.0,rqds
2016-04-14,24,785.3,989.0,rqds
2016-04-15,24,772.4,883.0,rqds
2016-04-16,24,885.7,983.0,rqds
2016-04-17,24,922.3,1000.0,rqds
2016-04-18,24,941.0,1036.0,rqds
2016-04-19,24,864.1,1038.0,rqds
2016-04-20,24,742.3,921.0,rqds
2016-04-21,24,691.0,889.0,rqds
2016-04-22,24,758.2,949.0,rqds
2016-04-23,24,917.7,1127.0,rqds
2016-04-24,24,958.8,1265.0,rqds
2016-04-25,24,984.6,1216.0,rqds
2016-04-26,24,935.3,1370.0,rqds
2016-04-27,24,857.0,1121.0,rqds
2016-04-28,24,905.9,1182.0,rqds
2016-04-29,24,881.0,1133.0,rqds
2016-04-30,24,786.2,958.0,rqds
2016-05-01,24,763.7,887.0,rqds
2016-05-02,24,722.0,823.0,rqds
2016-05-03,24,710.0,863.0,rqds
2016-05-04,24,758.5,909.0,rqds
2016-05-05,24,765.8,973.0,rqds
2016-05-06,24,869.0,1109.0,rqds
2016-05-07,24,753.0,1195.0,rqds
2016-05-08,24,685.1,1053.0,rqds
2016-05-09,24,669.1,1026.0,rqds
2016-05-10,24,686.2,1012.0,rqds
2016-05-11,24,807.3,1014.0,rqds
2016-05-12,24,926.4,1129.0,rqds
2016-05-13,24,1015.2,1159.0,rqds
2016-05-14,24,982.5,1137.0,rqds
2016-05-15,24,947.0,1106.0,rqds
2016-05-16,24,890.5,1000.0,rqds
2016-05-17,24,869.5,1022.0,rqds
2016-05-18,24,849.8,1032.0,rqds
2016-05-19,24,861.8,1112.0,rqds
2016-05-20,24,1076.9,1619.0,rqds
2016-05-21,24,1094.5,1704.0,rqds
2016-05-22,24,846.2,1221.0,rqds
2016-05-23,24,1021.4,1296.0,rqds
2016-05-24,24,1005.2,1394.0,rqds
2016-05-25,24,949.9,1286.0,rqds
2016-05-26,24,843.8,1186.0,rqds
2016-05-27,24,928.6,1136.0,rqds
2016-05-28,24,877.9,1135.0,rqds
2016-05-29,24,850.7,985.0,rqds
2016-05-30,24,856.5,956.0,rqds
2016-05-31,24,830.7,951.0,rqds
2016-06-01,24,775.8,991.0,rqds
2016-06-02,24,822.9,1185.0,rqds
2016-06-03,24,959.9,1242.0,rqds
2016-06-04,24,831.1,1251.0,rqds
2016-06-05,24,879.2,1233.0,rqds
2016-06-06,24,1008.6,1384.0,rqds
2016-06-07,24,776.3,1249.0,rqds
2016-06-08,24,631.9,964.0,rqds
2016-06-09,24,676.6,890.0,rqds
2016-06-10,24,724.0,940.0,rqds
2016-06-11,24,793.8,902.0,rqds
2016-06-12,24,976.6,1056.0,rqds
2016-06-13,24,896.8,1058.0,rqds
2016-06-14,24,813.9,991.0,rqds
2016-06-15,24,876.5,1119.0,rqds
2016-06-16,24,896.1,1104.0,rqds
2016-06-17,24,882.5,1173.0,rqds
2016-06-18,24,992.9,1308.0,rqds
2016-06-19,24,1091.8,1418.0,rqds
2016-06-20,24,1011.0,1395.0,rqds
2016-06-21,24,928.7,1264.0,rqds
2016-06-22,24,903.8,1271.0,rqds
2016-06-23,24,867.7,1187.0,rqds
2016-06-24,24,906.5,1154.0,rqds
2016-06-25,24,848.2,1116.0,rqds
2016-06-26,24,852.5,1005.0,rqds
2016-06-27,24,955.0,1128.0,rqds
2016-06-28,24,1040.6,1149.0,rqds
2016-06-29,24,870.4,1101.0,rqds
2016-06-30,24,846.2,1137.0,rqds
2016-07-01,24,813.6,1134.0,rqds
2016-07-02,24,802.8,1178.0,rqds
2016-07-03,24,742.2,1226.0,rqds
2016-07-04,24,756.0,1116.0,rqds
2016-07-05,24,849.8,1173.0,rqds
2016-07-06,24,966.3,1275.0,rqds
2016-07-07,24,1079.6,1297.0,rqds
2016-07-08,24,1037.5,1292.0,rqds
2016-07-09,24,966.7,1148.0,rqds
2016-07-10,24,807.4,983.0,rqds
2016-07-11,24,717.7,826.0,rqds
2016-07-12,24,714.0,820.0,rqds
2016-07-13,24,801.1,1047.0,rqds
2016-07-14,24,1003.8,1244.0,rqds
2016-07-15,24,1054.0,1323.0,rqds
2016-07-16,24,1135.1,1401.0,rqds
2016-07-17,24,1061.8,1430.0,rqds
2016-07-18,24,843.8,1231.0,rqds
2016-07-19,24,841.2,1152.0,rqds
2016-07-20,24,984.6,1251.0,rqds
2016-07-21,24,921.3,1286.0,rqds
2016-07-22,24,774.0,1053.0,rqds
2016-07-23,12,655.6,911.0,rqds
2016-07-24,24,682.9,834.0,rqds
2016-07-25,24,690.1,774.0,rqds
2016-07-26,24,704.5,814.0,rqds
2016-07-27,24,742.2,964.0,rqds
2016-07-28,24,830.6,1145.0,rqds
2016-07-29,24,955.7,1162.0,rqds
2016-07-30,24,945.9,1283.0,rqds
2016-07-31,24,701.1,1280.0,rqds
2016-08-01,24,641.4,960.0,rqds
2016-08-02,24,779.5,1112.0,rqds
2016-08-03,24,945.1,1267.0,rqds
2016-08-04,24,903.9,1214.0,rqds
2016-08-05,24,890.0,1092.0,rqds
2016-08-06,24,1041.8,1150.0,rqds
2016-08-07,24,990.4,1078.0,rqds
2016-08-08,24,854.7,988.0,rqds
2016-08-09,24,784.2,845.0,rqds
2016-08-10,24,809.2,950.0,rqds
2016-08-11,24,805.6,900.0,rqds
2016-08-12,24,680.0,856.0,rqds
2016-08-13,24,651.0,892.0,rqds
2016-08-14,24,724.8,1083.0,rqds
2016-08-15,24,768.1,1109.0,rqds
2016-08-16,24,877.5,1321.0,rqds
2016-08-17,24,983.2,1493.0,rqds
2016-08-18,24,741.3,1113.0,rqds
2016-08-19,24,754.8,1010.0,rqds
2016-08-20,24,796.4,1006.0,rqds
2016-08-21,24,789.8,977.0,rqds
2016-08-22,24,663.8,768.0,rqds
2016-08-23,24,657.2,761.0,rqds
2016-08-24,24,642.7,819.0,rqds
2016-08-25,24,767.6,1023.0,rqds
2016-08-26,24,1005.0,1317.0,rqds
2016-08-27,24,996.8,1247.0,rqds
2016-08-28,24,775.5,1086.0,rqds
2016-08-29,24,776.8,1040.0,rqds
2016-08-30,24,876.2,1178.0,rqds
2016-08-31,24,772.5,1190.0,rqds
2016-09-01,24,671.4,887.0,rqds
2016-09-02,24,680.5,876.0,rqds
2016-09-03,24,685.0,798.0,rqds
2016-09-04,24,699.7,799.0,rqds
2016-09-05,24,758.2,883.0,rqds
2016-09-06,24,991.8,1357.0,rqds
2016-09-07,24,952.8,1092.0,rqds
2016-09-08,24,758.0,897.0,rqds
2016-09-09,24,777.4,950.0,rqds
2016-09-10,24,783.6,894.0,rqds
2016-09-11,24,644.8,777.0,rqds
2016-09-12,24,581.1,772.0,rqds
2016-09-13,24,545.2,779.0,rqds
2016-09-14,24,611.7,894.0,rqds
2016-09-15,24,696.9,931.0,rqds
2016-09-16,24,583.2,812.0,rqds
2016-09-17,24,635.0,771.0,rqds
2016-09-18,24,802.5,1097.0,rqds
2016-09-19,24,676.7,834.0,rqds
2016-09-20,24,685.9,903.0,rqds
2016-09-21,24,782.0,1042.0,rqds
2016-09-22,24,846.0,1075.0,rqds
2016-09-23,24,762.5,956.0,rqds
2016-09-24,24,829.3,1017.0,rqds
2016-09-25,24,758.0,971.0,rqds
2016-09-26,24,783.2,1026.0,rqds
2016-09-27,24,781.3,1005.0,rqds
2016-09-28,24,637.5,807.0,rqds
2016-09-29,24,734.2,883.0,rqds
2016-09-30,24,911.3,1128.0,rqds
2016-10-01,24,883.5,1139.0,rqds
2016-10-02,24,714.5,864.0,rqds
2016-10-03,24,725.7,887.0,rqds
2016-10-04,7,692.7,734.0,rqds
2016-10-05,19,890.0,1094.0,rqds
2016-10-06,24,915.5,1141.0,rqds
2016-10-07,23,990.4,1225.0,rqds
2016-10-08,8,1019.0,1125.0,rqds
2016-10-09,24,783.5,915.0,rqds
2016-10-10,24,666.8,784.0,rqds
2016-10-11,24,678.2,861.0,rqds
2016-10-12,24,839.7,1066.0,rqds
2016-10-13,24,932.2,1086.0,rqds
2016-10-14,24,958.2,1131.0,rqds
2016-10-15,24,735.0,981.0,rqds
2016-10-16,24,656.1,888.0,rqds
2016-10-17,24,612.1,853.0,rqds
2016-10-18,24,645.0,931.0,rqds
2016-10-19,24,720.1,1039.0,rqds
2016-10-20,24,607.1,850.0,rqds
2016-10-21,24,626.2,878.0,rqds
2016-10-22,24,749.9,994.0,rqds
2016-10-23,24,851.0,991.0,rqds
2016-10-24,24,873.4,982.0,rqds
2016-10-25,24,836.8,901.0,rqds
2016-10-26,24,839.1,946.0,rqds
2016-10-27,24,804.0,922.0,rqds
2016-10-28,24,860.6,1031.0,rqds
2016-10-29,24,834.6,1014.0,rqds
2016-10-30,16,803.3,970.0,rqds
2016-10-31,18,679.6,919.0,rqds
2016-11-01,24,669.7,954.0,rqds
2016-11-02,24,691.6,975.0,rqds
2016-11-03,24,619.2,890.0,rqds
2016-11-04,24,579.0,829.0,rqds
2016-11-05,24,642.0,908.0,rqds
2016-11-06,24,646.8,863.0,rqds
2016-11-07,24,679.4,842.0,rqds
2016-11-08,24,707.0,834.0,rqds
2016-11-09,24,742.0,843.0,rqds
2016-11-10,24,802.5,959.0,rqds
2016-11-11,24,699.6,884.0,rqds
2016-11-12,24,621.9,880.0,rqds
2016-11-13,24,629.2,953.0,rqds
2016-11-14,24,783.4,1149.0,rqds
2016-11-15,1,626.0,626.0,rqds
2016-11-16,8,749.6,1158.0,rqds
2016-11-17,24,719.3,1030.0,rqds
2016-11-18,24,711.0,992.0,rqds
2016-11-19,24,698.4,924.0,rqds
2016-11-20,24,652.9,829.0,rqds
2016-11-21,24,642.8,798.0,rqds
2016-11-22,24,634.1,735.0,rqds
2016-11-23,24,631.8,761.0,rqds
2016-11-24,24,682.9,866.0,rqds
2016-11-25,24,801.8,1014.0,rqds
2016-11-26,24,899.0,1166.0,rqds
2016-11-27,24,891.5,1177.0,rqds
2016-11-28,24,821.9,1128.0,rqds
2016-11-29,24,764.2,1080.0,rqds
2016-11-30,24,746.5,1067.0,rqds
2016-12-01,8,617.1,685.0,rqds
2016-12-02,19,852.9,1116.0,rqds
2016-12-03,24,808.4,1115.0,rqds
2016-12-04,24,753.2,1025.0,rqds
2016-12-05,24,712.9,937.0,rqds
2016-12-06,24,699.7,886.0,rqds
2016-12-07,24,635.9,740.0,rqds
2016-12-08,24,687.5,841.0,rqds
2016-12-09,24,792.2,1029.0,rqds
2016-12-10,24,904.9,1179.0,rqds
2016-12-11,24,902.5,1221.0,rqds
2016-12-12,24,817.8,1203.0,rqds
2016-12-13,24,697.1,1133.0,rqds
2016-12-14,24,702.0,1101.0,rqds
2016-12-15,24,790.7,1211.0,rqds
2016-12-16,24,747.5,1078.0,rqds
2016-12-17,24,759.8,1064.0,rqds
2016-12-18,24,753.4,1018.0,rqds
2016-12-19,24,718.2,906.0,rqds
2016-12-20,24,729.2,877.0,rqds
2016-12-21,24,832.0,980.0,rqds
2016-12-22,24,822.5,1013.0,rqds
2016-12-23,24,813.3,1012.0,rqds
2016-12-24,24,713.1,984.0,rqds
2016-12-25,24,665.5,943.0,rqds
2016-12-26,24,743.4,1053.0,rqds
2016-12-27,24,673.5,991.0,rqds
2016-12-28,24,696.8,1063.0,rqds
2016-12-29,24,746.3,1111.0,rqds
2016-12-30,24,700.8,1026.0,rqds
2016-12-31,24,624.3,938.0,rqds
2017-01-01,24,618.4,912.0,rqds
2017-01-02,24,669.8,923.0,rqds
2017-01-03,24,781.4,983.0,rqds
2017-01-04,9,740.3,845.0,rqds
2017-01-05,19,833.1,993.0,rqds
2017-01-06,24,686.2,875.0,rqds
2017-01-07,24,590.6,839.0,rqds
2017-01-08,24,546.6,852.0,rqds
2017-01-09,24,549.2,908.0,rqds
2017-01-10,24,651.7,1056.0,rqds
2017-01-11,24,789.0,1227.0,rqds
2017-01-12,24,694.2,1102.0,rqds
2017-01-13,24,614.9,962.0,rqds
2017-01-14,24,636.0,936.0,rqds
2017-01-15,24,669.4,905.0,rqds
2017-01-16,24,602.9,776.0,rqds
2017-01-17,24,618.0,777.0,rqds
2017-01-18,24,722.7,858.0,rqds
2017-01-19,24,700.0,820.0,rqds
2017-01-20,24,737.7,879.0,rqds
2017-01-21,24,798.1,1012.0,rqds
2017-01-22,24,757.6,997.0,rqds
2017-01-23,24,733.0,1007.0,rqds
2017-01-24,24,716.3,1017.0,rqds
2017-01-25,24,756.7,1091.0,rqds
2017-01-26,24,864.8,1231.0,rqds
2017-01-27,24,820.3,1170.0,rqds
2017-01-28,24,770.7,1114.0,rqds
2017-01-29,24,721.7,1015.0,rqds
2017-01-30,24,700.8,976.0,rqds
2017-01-31,24,802.8,1022.0,rqds
2017-02-01,24,866.3,984.0,rqds
2017-02-02,24,866.4,969.0,rqds
2017-02-03,24,849.9,1006.0,rqds
2017-02-04,24,790.7,998.0,rqds
2017-02-05,24,756.7,1044.0,rqds
2017-02-06,12,901.0,1113.0,rqds
2017-02-09,11,487.6,887.0,rqds
2017-02-10,24,525.1,850.0,rqds
2017-02-11,24,631.7,924.0,rqds
2017-02-12,24,800.6,1044.0,rqds
2017-02-13,24,934.6,1125.0,rqds
2017-02-14,24,940.3,1051.0,rqds
2017-02-15,24,849.2,940.0,rqds
2017-02-16,24,768.3,855.0,rqds
2017-02-17,24,753.0,864.0,rqds
2017-02-18,24,818.0,921.0,rqds
2017-02-19,24,922.6,1082.0,rqds
2017-02-20,24,925.2,1121.0,rqds
2017-02-21,24,863.0,1061.0,rqds
2017-02-22,24,806.6,1058.0,rqds
2017-02-23,24,728.1,971.0,rqds
2017-02-24,24,828.8,1128.0,rqds
2017-02-25,24,934.9,1227.0,rqds
2017-02-26,24,908.6,1160.0,rqds
2017-02-27,24,861.1,1081.0,rqds
2017-02-28,24,857.4,1022.0,rqds
2017-03-01,24,897.4,985.0,rqds
2017-03-02,24,926.9,1075.0,rqds
2017-03-03,24,909.7,1091.0,rqds
2017-03-04,24,881.5,1093.0,rqds
2017-03-05,24,861.3,1090.0,rqds
2017-03-06,24,880.4,1114.0,rqds
2017-03-07,24,895.2,1144.0,rqds
2017-03-08,24,879.3,1144.0,rqds
2017-03-09,24,870.7,1150.0,rqds
2017-03-10,24,795.9,1069.0,rqds
2017-03-11,24,799.2,1022.0,rqds
2017-03-12,24,980.2,1211.0,rqds
2017-03-13,24,1065.2,1217.0,rqds
2017-03-14,24,1032.7,1163.0,rqds
2017-03-15,24,828.4,979.0,rqds
2017-03-16,24,833.9,1002.0,rqds
2017-03-17,24,894.0,1035.0,rqds
2017-03-18,24,844.4,1077.0,rqds
2017-03-19,24,767.9,1002.0,rqds
2017-03-20,24,758.2,970.0,rqds
2017-03-21,24,903.2,1018.0,rqds
2017-03-22,24,978.8,1175.0,rqds
2017-03-23,24,841.2,1045.0,rqds
2017-03-24,24,782.5,975.0,rqds
2017-03-25,24,849.9,1049.0,rqds
2017-03-26,24,808.0,1026.0,rqds
2017-03-27,16,769.1,872.0,rqds
2017-03-28,17,598.4,735.0,rqds
2017-03-29,24,613.2,771.0,rqds
2017-03-30,24,688.8,912.0,rqds
2017-03-31,24,735.0,992.0,rqds
2017-04-01,24,824.5,1087.0,rqds
2017-04-02,24,884.2,1155.0,rqds
2017-04-03,8,1041.5,1099.0,rqds
2017-04-04,6,662.3,779.0,rqds
2017-04-05,24,936.1,1101.0,rqds
2017-04-06,24,885.2,1076.0,rqds
2017-04-07,24,731.6,889.0,rqds
2017-04-08,24,657.9,778.0,rqds
2017-04-09,24,705.0,815.0,rqds
2017-04-10,24,837.3,962.0,rqds
2017-04-11,24,932.5,1111.0,rqds
2017-04-12,24,859.9,1081.0,rqds
2017-04-13,24,827.3,1055.0,rqds
2017-04-14,24,865.2,1106.0,rqds
2017-04-15,24,839.4,1101.0,rqds
2017-04-16,24,871.2,1121.0,rqds
2017-04-17,24,872.0,1094.0,rqds
2017-04-18,24,924.5,1151.0,rqds
2017-04-19,24,898.0,1106.0,rqds
2017-04-20,24,876.3,1050.0,rqds
2017-04-21,24,845.8,967.0,rqds
2017-04-22,24,840.0,961.0,rqds
2017-04-23,24,811.7,908.0,rqds
2017-04-24,24,806.9,968.0,rqds
2017-04-25,24,727.4,938.0,rqds
2017-04-26,24,707.7,963.0,rqds
2017-04-27,24,758.6,1049.0,rqds
2017-04-28,24,822.2,1166.0,rqds
2017-04-29,24,828.6,1167.0,rqds
2017-04-30,24,799.9,1138.0,rqds
2017-05-01,24,782.5,1085.0,rqds
2017-05-02,24,886.0,1093.0,rqds
2017-05-03,24,1013.6,1178.0,rqds
2017-05-04,24,1053.8,1171.0,rqds
2017-05-05,24,979.5,1087.0,rqds
2017-05-06,24,929.8,1040.0,rqds
2017-05-07,24,996.1,1157.0,rqds
2017-05-08,24,1070.5,1225.0,rqds
2017-05-09,24,961.9,1213.0,rqds
2017-05-10,24,911.9,1173.0,rqds
2017-05-11,24,872.5,1173.0,rqds
2017-05-12,24,922.3,1196.0,rqds
2017-05-13,24,952.9,1245.0,rqds
2017-05-14,24,1133.8,1349.0,rqds
2017-05-15,24,1065.2,1478.0,rqds
2017-05-16,24,885.7,1197.0,rqds
2017-05-17,24,880.9,1089.0,rqds
2017-05-18,24,989.6,1187.0,rqds
2017-05-19,4,1110.2,1135.0,rqds
2017-05-20,23,1043.6,1253.0,rqds
2017-05-21,24,981.6,1233.0,rqds
2017-05-22,24,877.9,1079.0,rqds
2017-05-23,24,856.5,1080.0,rqds
2017-05-24,24,840.1,1151.0,rqds
2017-05-25,24,855.6,1184.0,rqds
2017-05-26,24,754.0,1198.0,rqds
2017-05-27,24,692.5,1095.0,rqds
2017-05-28,24,672.8,1055.0,rqds
2017-05-29,24,738.3,1037.0,rqds
2017-05-30,24,893.8,1170.0,rqds
2017-05-31,24,919.7,1123.0,rqds
2017-06-01,24,914.2,1065.0,rqds
2017-06-02,24,909.2,1048.0,rqds
2017-06-03,24,836.7,951.0,rqds
2017-06-04,24,850.9,1036.0,rqds
2017-06-05,24,927.4,1173.0,rqds
2017-06-06,24,1021.3,1254.0,rqds
2017-06-07,24,909.1,1238.0,rqds
2017-06-08,24,908.8,1208.0,rqds
2017-06-09,24,999.6,1279.0,rqds
2017-06-10,24,1042.4,1346.0,rqds
2017-06-11,24,1066.2,1401.0,rqds
2017-06-12,24,1182.0,1446.0,rqds
2017-06-13,24,1229.0,1562.0,rqds
2017-06-14,24,1084.8,1427.0,rqds
2017-06-15,24,978.1,1225.0,rqds
2017-06-16,24,929.5,1110.0,rqds
2017-06-17,24,908.2,1020.0,rqds
2017-06-18,24,990.3,1142.0,rqds
2017-06-19,24,995.6,1229.0,rqds
2017-06-20,24,1032.8,1322.0,rqds
2017-06-21,24,1119.1,1638.0,rqds
2017-06-22,18,950.1,1593.0,rqds
2017-06-23,24,797.8,1233.0,rqds
2017-06-24,24,762.5,1198.0,rqds
2017-06-25,24,736.5,1154.0,rqds
2017-06-26,24,757.1,1136.0,rqds
2017-06-27,24,738.4,1052.0,rqds
2017-06-28,24,755.8,968.0,rqds
2017-06-29,24,931.2,1094.0,rqds
2017-06-30,24,1106.7,1269.0,rqds
2017-07-01,24,1017.9,1281.0,rqds
2017-07-02,24,922.2,1090.0,rqds
2017-07-03,24,939.1,1100.0,rqds
2017-07-04,24,910.2,1256.0,rqds
2017-07-05,24,877.5,1287.0,rqds
2017-07-06,24,914.5,1272.0,rqds
2017-07-07,24,864.2,1307.0,rqds
2017-07-08,24,783.7,1152.0,rqds
2017-07-09,24,827.6,1143.0,rqds
2017-07-10,24,979.6,1254.0,rqds
2017-07-11,24,1115.5,1425.0,rqds
2017-07-12,24,993.5,1364.0,rqds
2017-07-13,24,839.9,1103.0,rqds
2017-07-14,24,877.3,1043.0,rqds
2017-07-15,24,919.7,1050.0,rqds
2017-07-16,24,852.7,976.0,rqds
2017-07-17,24,876.8,1102.0,rqds
2017-07-18,24,1049.8,1315.0,rqds
2017-07-19,24,1126.2,1444.0,rqds
2017-07-20,24,1000.6,1378.0,rqds
2017-07-21,24,956.4,1350.0,rqds
2017-07-22,24,902.6,1308.0,rqds
2017-07-23,24,960.3,1409.0,rqds
2017-07-24,24,885.9,1311.0,rqds
2017-07-25,24,918.1,1175.0,rqds
2017-07-26,24,918.5,1230.0,rqds
2017-07-27,24,1130.4,1207.0,rqds
2017-07-28,24,1092.8,1266.0,rqds
2017-07-29,24,844.2,993.0,rqds
2017-07-30,24,803.0,1023.0,rqds
2017-07-31,24,864.3,1115.0,rqds
2017-08-01,24,604.8,792.0,rqds
2017-08-02,24,645.5,995.0,rqds
2017-08-03,24,766.4,1015.0,rqds
2017-08-04,24,774.2,1052.0,rqds
2017-08-05,24,786.7,1122.0,rqds
2017-08-06,24,896.0,1163.0,rqds
2017-08-07,24,965.3,1267.0,rqds
2017-08-08,24,1109.7,1420.0,rqds
2017-08-09,24,991.1,1470.0,rqds
2017-08-10,24,839.0,1075.0,rqds
2017-08-11,24,1060.1,1174.0,rqds
2017-08-12,24,1139.2,1244.0,rqds
2017-08-13,24,1126.5,1327.0,rqds
2017-08-14,24,1129.6,1247.0,rqds
2017-08-15,24,900.0,1091.0,rqds
2017-08-16,24,772.7,1010.0,rqds
2017-08-17,24,832.2,1153.0,rqds
2017-08-18,24,871.2,1177.0,rqds
2017-08-19,24,779.0,1176.0,rqds
2017-08-20,4,959.2,1005.0,rqds
2017-08-21,22,736.5,1078.0,rqds
2017-08-22,24,715.5,1035.0,rqds
2017-08-23,24,634.5,872.0,rqds
2017-08-24,24,674.4,817.0,rqds
2017-08-25,24,719.0,815.0,rqds
2017-08-26,24,706.1,809.0,rqds
2017-08-27,24,728.9,849.0,rqds
2017-08-28,24,800.2,964.0,rqds
2017-08-29,24,857.5,999.0,rqds
2017-08-30,24,853.8,1031.0,rqds
2017-08-31,24,832.2,1060.0,rqds
2017-09-01,24,792.8,996.0,rqds
2017-09-02,24,665.7,926.0,rqds
2017-09-03,24,638.6,872.0,rqds
2017-09-04,24,595.7,849.0,rqds
2017-09-05,24,667.9,888.0,rqds
2017-09-06,24,791.8,980.0,rqds
2017-09-07,24,862.2,1034.0,rqds
2017-09-08,24,906.5,1052.0,rqds
2017-09-09,24,889.9,1006.0,rqds
2017-09-10,24,885.8,1061.0,rqds
2017-09-11,24,853.8,1023.0,rqds
2017-09-12,24,676.2,836.0,rqds
2017-09-13,24,640.5,848.0,rqds
2017-09-14,24,674.1,934.0,rqds
2017-09-15,24,794.8,1078.0,rqds
2017-09-16,24,814.1,1025.0,rqds
2017-09-17,24,739.4,1012.0,rqds
2017-09-18,24,785.8,984.0,rqds
2017-09-19,24,853.5,1044.0,rqds
2017-09-20,24,956.3,1089.0,rqds
2017-09-21,24,1098.8,1298.0,rqds
2017-09-22,24,1061.2,1294.0,rqds
2017-09-23,24,914.0,1084.0,rqds
2017-09-24,24,988.1,1187.0,rqds
2017-09-25,24,957.5,1117.0,rqds
2017-09-26,24,811.0,947.0,rqds
2017-09-27,24,778.0,968.0,rqds
2017-09-28,24,758.6,889.0,rqds
2017-09-29,24,623.0,730.0,rqds
2017-09-30,24,576.7,739.0,rqds
2017-10-01,24,631.8,848.0,rqds
2017-10-02,24,651.0,829.0,rqds
2017-10-03,24,538.2,756.0,rqds
2017-10-04,24,485.3,672.0,rqds
2017-10-05,24,531.9,673.0,rqds
2017-10-06,24,707.8,927.0,rqds
2017-10-07,24,742.0,947.0,rqds
2017-10-08,24,731.9,977.0,rqds
2017-10-09,24,817.2,1087.0,rqds
2017-10-10,24,795.4,1020.0,rqds
2017-10-11,24,736.2,975.0,rqds
2017-10-12,24,702.9,907.0,rqds
2017-10-13,24,749.5,961.0,rqds
2017-10-14,24,831.9,1034.0,rqds
2017-10-15,24,933.5,1244.0,rqds
2017-10-16,24,1155.1,1337.0,rqds
2017-10-17,24,979.4,1172.0,rqds
2017-10-18,24,723.2,904.0,rqds
2017-10-19,24,673.7,854.0,rqds
2017-10-20,24,694.9,902.0,rqds
2017-10-21,24,803.1,1057.0,rqds
2017-10-22,3,766.0,802.0,rqds
2017-10-30,15,710.1,746.0,rqds
2017-10-31,24,623.7,732.0,rqds
2017-11-01,24,622.0,806.0,rqds
2017-11-02,24,652.0,869.0,rqds
2017-11-03,24,734.8,989.0,rqds
2017-11-04,24,714.0,1003.0,rqds
2017-11-05,24,744.8,1074.0,rqds
2017-11-06,24,814.0,1151.0,rqds
2017-11-07,24,911.6,1251.0,rqds
2017-11-08,24,941.8,1250.0,rqds
2017-11-09,24,945.8,1209.0,rqds
2017-11-10,24,921.2,1129.0,rqds
2017-11-11,24,915.2,1064.0,rqds
2017-11-12,24,846.5,961.0,rqds
2017-11-13,24,745.9,876.0,rqds
2017-11-14,24,695.2,870.0,rqds
2017-11-15,24,751.4,971.0,rqds
2017-11-16,24,933.5,1182.0,rqds
2017-11-17,24,1033.2,1304.0,rqds
2017-11-18,24,988.3,1289.0,rqds
2017-11-19,24,927.6,1265.0,rqds
2017-11-20,24,885.5,1239.0,rqds
2017-11-21,24,748.2,1060.0,rqds
2017-11-22,24,737.7,1055.0,rqds
2017-11-23,24,783.5,1053.0,rqds
2017-11-24,24,843.5,1069.0,rqds
2017-11-25,24,784.1,1000.0,rqds
2017-11-26,24,859.4,1027.0,rqds
2017-11-27,24,915.4,1061.0,rqds
2017-11-28,24,864.0,1021.0,rqds
2017-11-29,24,809.9,1013.0,rqds
2017-11-30,24,730.4,991.0,rqds
2017-12-01,24,682.5,976.0,rqds
2017-12-02,24,740.4,1106.0,rqds
2017-12-03,24,855.3,1256.0,rqds
2017-12-04,24,954.5,1383.0,rqds
2017-12-05,24,856.5,1256.0,rqds
2017-12-06,24,723.5,1052.0,rqds
2017-12-07,24,681.8,992.0,rqds
2017-12-08,24,743.2,1010.0,rqds
2017-12-09,24,857.4,1050.0,rqds
2017-12-10,24,977.9,1116.0,rqds
2017-12-11,24,1023.5,1157.0,rqds
2017-12-12,24,946.1,1133.0,rqds
2017-12-13,24,820.6,1047.0,rqds
2017-12-14,24,791.4,1048.0,rqds
2017-12-15,24,792.7,1072.0,rqds
2017-12-16,24,910.4,1213.0,rqds
2017-12-17,24,1028.8,1437.0,rqds
2017-12-18,24,851.9,1187.0,rqds
2017-12-19,24,676.2,1001.0,rqds
2017-12-20,24,660.8,962.0,rqds
2017-12-21,24,696.9,1010.0,rqds
2017-12-22,24,778.5,1059.0,rqds
2017-12-23,24,787.5,1030.0,rqds
2017-12-24,24,827.3,1031.0,rqds
2017-12-25,24,883.3,1040.0,rqds
2017-12-26,24,846.3,970.0,rqds
2017-12-27,24,776.7,968.0,rqds
2017-12-28,24,714.6,974.0,rqds
2017-12-29,24,668.0,973.0,rqds
2017-12-30,24,700.1,1063.0,rqds
2017-12-31,24,760.2,1213.0,rqds
2018-01-01,24,778.8,1216.0,rqds
2018-01-02,24,845.6,1285.0,rqds
2018-01-03,24,896.0,1317.0,rqds
2018-01-04,24,933.3,1275.0,rqds
2018-01-05,24,861.6,1080.0,rqds
2018-01-06,24,738.4,917.0,rqds
2018-01-07,24,693.1,822.0,rqds
2018-01-08,24,688.2,828.0,rqds
2018-01-09,24,741.3,883.0,rqds
2018-01-10,24,812.5,996.0,rqds
2018-01-11,24,790.0,1019.0,rqds
2018-01-12,24,715.4,998.0,rqds
2018-01-13,24,670.3,985.0,rqds
2018-01-14,24,738.2,1078.0,rqds
2018-01-15,24,843.8,1192.0,rqds
2018-01-16,24,1048.2,1417.0,rqds
2018-01-17,24,1025.3,1377.0,rqds
2018-01-18,24,890.6,1204.0,rqds
2018-01-19,24,860.8,1144.0,rqds
2018-01-20,24,892.0,1175.0,rqds
2018-01-21,24,890.9,1088.0,rqds
2018-01-22,24,891.0,1034.0,rqds
2018-01-23,24,890.3,989.0,rqds
2018-01-24,24,908.1,1053.0,rqds
2018-01-25,24,881.7,1068.0,rqds
2018-01-26,24,869.2,1127.0,rqds
2018-01-27,24,794.8,1133.0,rqds
2018-01-28,24,678.3,1081.0,rqds
2018-01-29,24,584.4,1034.0,rqds
2018-01-30,24,590.1,1031.0,rqds
2018-01-31,24,709.2,1128.0,rqds
2018-02-01,24,796.2,1151.0,rqds
2018-02-02,24,859.8,1162.0,rqds
2018-02-03,24,871.5,1059.0,rqds
2018-02-04,24,747.9,855.0,rqds
2018-02-05,24,760.8,860.0,rqds
2018-02-06,24,680.1,813.0,rqds
2018-02-07,24,644.4,795.0,rqds
2018-02-08,24,726.2,893.0,rqds
2018-02-09,24,686.5,902.0,rqds
2018-02-10,24,680.5,911.0,rqds
2018-02-11,24,705.2,962.0,rqds
2018-02-12,24,753.5,1058.0,rqds
2018-02-13,24,737.5,1063.0,rqds
2018-02-14,24,720.0,1014.0,rqds
2018-02-15,24,802.2,1107.0,rqds
2018-02-16,24,899.6,1159.0,rqds
2018-02-17,24,937.6,1173.0,rqds
2018-02-18,24,932.2,1120.0,rqds
2018-02-19,24,819.9,940.0,rqds
2018-02-20,24,756.3,856.0,rqds
2018-02-21,24,814.0,936.0,rqds
2018-02-22,24,819.8,1014.0,rqds
2018-02-23,24,690.2,948.0,rqds
2018-02-24,24,771.8,1015.0,rqds
2018-02-25,24,893.2,1200.0,rqds
2018-02-26,24,878.5,1237.0,rqds
2018-02-27,24,746.2,1093.0,rqds
2018-02-28,24,733.1,1058.0,rqds
2018-03-01,24,736.4,1045.0,rqds
2018-03-02,24,657.6,899.0,rqds
2018-03-03,24,661.5,845.0,rqds
2018-03-04,24,709.1,821.0,rqds
2018-03-05,24,879.8,941.0,rqds
2018-03-06,24,960.6,1110.0,rqds
2018-03-07,24,907.7,1100.0,rqds
2018-03-08,24,863.4,1099.0,rqds
2018-03-09,24,754.1,1009.0,rqds
2018-03-10,24,698.9,910.0,rqds
2018-03-11,24,750.0,932.0,rqds
2018-03-12,24,872.0,1085.0,rqds
2018-03-13,24,947.0,1176.0,rqds
2018-03-14,24,958.9,1205.0,rqds
2018-03-15,24,957.0,1201.0,rqds
2018-03-16,24,900.7,1112.0,rqds
2018-03-17,24,742.6,899.0,rqds
2018-03-18,24,704.7,826.0,rqds
2018-03-19,24,713.1,845.0,rqds
2018-03-20,24,856.8,987.0,rqds
2018-03-21,24,1000.9,1190.0,rqds
2018-03-22,24,942.8,1252.0,rqds
2018-03-23,24,869.8,1141.0,rqds
2018-03-24,24,872.4,1120.0,rqds
2018-03-25,24,1050.3,1260.0,rqds
2018-03-26,24,1049.9,1346.0,rqds
2018-03-27,24,858.4,1096.0,rqds
2018-03-28,24,752.5,975.0,rqds
2018-03-29,24,714.7,923.0,rqds
2018-03-30,24,746.1,931.0,rqds
2018-03-31,24,671.8,805.0,rqds
2018-04-01,24,644.0,780.0,rqds
2018-04-02,24,719.7,874.0,rqds
2018-04-03,24,848.6,1046.0,rqds
2018-04-04,24,838.3,1101.0,rqds
2018-04-05,24,850.5,1107.0,rqds
2018-04-06,24,915.7,1132.0,rqds
2018-04-07,24,909.8,1140.0,rqds
2018-04-08,24,928.0,1102.0,rqds
2018-04-09,24,882.7,1073.0,rqds
2018-04-10,24,841.2,989.0,rqds
2018-04-11,24,812.3,948.0,rqds
2018-04-12,24,779.6,911.0,rqds
2018-04-13,24,713.4,850.0,rqds
2018-04-14,24,682.1,798.0,rqds
2018-04-15,24,740.5,879.0,rqds
2018-04-16,24,901.3,1048.0,rqds
2018-04-17,24,902.4,1193.0,rqds
2018-04-18,24,875.0,1174.0,rqds
2018-04-19,24,914.6,1223.0,rqds
2018-04-20,24,966.4,1262.0,rqds
2018-04-21,24,1008.5,1287.0,rqds
2018-04-22,24,1081.3,1381.0,rqds
2018-04-23,24,914.4,1152.0,rqds
2018-04-24,24,870.2,1058.0,rqds
2018-04-25,24,837.7,969.0,rqds
2018-04-26,24,831.4,956.0,rqds
2018-04-27,24,791.8,913.0,rqds
2018-04-28,24,798.8,934.0,rqds
2018-04-29,24,915.5,1165.0,rqds
2018-04-30,24,978.6,1270.0,rqds
2018-05-01,24,821.8,1132.0,rqds
2018-05-02,24,782.2,1123.0,rqds
2018-05-03,24,753.2,1074.0,rqds
2018-05-04,24,764.2,1049.0,rqds
2018-05-05,24,924.0,1127.0,rqds
2018-05-06,24,930.0,1299.0,rqds
2018-05-07,24,872.5,1085.0,rqds
2018-05-08,24,800.3,1017.0,rqds
2018-05-09,24,746.0,902.0,rqds
2018-05-10,24,753.3,908.0,rqds
2018-05-11,24,906.2,1080.0,rqds
2018-05-12,24,935.2,1098.0,rqds
2018-05-13,24,831.9,1087.0,rqds
2018-05-14,24,799.6,1015.0,rqds
2018-05-15,24,861.7,1151.0,rqds
2018-05-16,24,890.8,1230.0,rqds
2018-05-17,24,917.0,1277.0,rqds
2018-05-18,24,930.3,1292.0,rqds
2018-05-19,24,946.9,1300.0,rqds
2018-05-20,24,939.9,1257.0,rqds
2018-05-21,24,965.9,1191.0,rqds
2018-05-22,24,1025.8,1193.0,rqds
2018-05-23,24,1121.7,1226.0,rqds
2018-05-24,24,1334.3,1557.0,rqds
2018-05-25,24,1452.8,1610.0,rqds
2018-05-26,24,1082.7,1479.0,rqds
2018-05-27,24,936.0,1233.0,rqds
2018-05-28,24,830.2,1151.0,rqds
2018-05-29,24,828.8,1138.0,rqds
2018-05-30,24,945.1,1282.0,rqds
2018-05-31,24,993.1,1470.0,rqds
2018-06-01,24,896.3,1273.0,rqds
2018-06-02,24,887.6,1206.0,rqds
2018-06-03,24,910.7,1175.0,rqds
2018-06-04,24,1086.8,1378.0,rqds
2018-06-05,24,1259.8,1596.0,rqds
2018-06-06,24,1118.7,1324.0,rqds
2018-06-07,24,988.4,1139.0,rqds
2018-06-08,24,1005.8,1208.0,rqds
2018-06-09,24,1155.9,1377.0,rqds
2018-06-10,24,1033.0,1403.0,rqds
2018-06-11,24,934.3,1234.0,rqds
2018-06-12,24,882.5,1297.0,rqds
2018-06-13,24,854.2,1257.0,rqds
2018-06-14,24,783.7,1251.0,rqds
2018-06-15,24,797.7,1205.0,rqds
2018-06-16,24,905.4,1242.0,rqds
2018-06-17,24,1125.4,1399.0,rqds
2018-06-18,24,999.3,1382.0,rqds
2018-06-19,24,897.6,1108.0,rqds
2018-06-20,24,904.9,1006.0,rqds
2018-06-21,24,903.1,1015.0,rqds
2018-06-22,24,901.6,1064.0,rqds
2018-06-23,24,922.0,1142.0,rqds
2018-06-24,24,923.5,1176.0,rqds
2018-06-25,24,983.1,1325.0,rqds
2018-06-26,24,1103.3,1384.0,rqds
2018-06-27,24,1024.6,1434.0,rqds
2018-06-28,24,923.7,1299.0,rqds
2018-06-29,24,925.0,1249.0,rqds
2018-06-30,24,999.1,1310.0,rqds
2018-07-01,24,1120.5,1370.0,rqds
2018-07-02,24,1297.0,1598.0,rqds
2018-07-03,24,1156.8,1432.0,rqds
2018-07-04,24,1123.3,1400.0,rqds
2018-07-05,24,794.3,1019.0,rqds
2018-07-06,24,696.3,805.0,rqds
2018-07-07,24,717.1,925.0,rqds
2018-07-08,24,842.8,1142.0,rqds
2018-07-09,24,901.5,1231.0,rqds
2018-07-10,24,957.8,1323.0,rqds
2018-07-11,24,924.1,1348.0,rqds
2018-07-12,24,985.2,1346.0,rqds
2018-07-13,24,929.2,1405.0,rqds
2018-07-14,24,966.3,1366.0,rqds
2018-07-15,24,890.9,1218.0,rqds
2018-07-16,24,859.0,1207.0,rqds
2018-07-17,24,869.1,1019.0,rqds
2018-07-18,24,844.5,1002.0,rqds
2018-07-19,24,848.0,1014.0,rqds
2018-07-20,24,1025.8,1278.0,rqds
2018-07-21,24,1165.6,1395.0,rqds
2018-07-22,24,1171.8,1385.0,rqds
2018-07-23,24,951.9,1209.0,rqds
2018-07-24,24,928.8,1314.0,rqds
2018-07-25,24,1144.7,1332.0,rqds
2018-07-26,24,860.9,1268.0,rqds
2018-07-27,24,786.0,1140.0,rqds
2018-07-28,19,782.2,1109.0,rqds
2018-07-29,12,810.6,950.0,rqds
2018-07-30,24,818.0,1096.0,rqds
2018-07-31,24,961.9,1168.0,rqds
2018-08-01,24,995.9,1336.0,rqds
2018-08-02,24,814.1,919.0,rqds
2018-08-03,24,873.9,982.0,rqds
2018-08-04,24,754.3,847.0,rqds
2018-08-05,24,629.2,793.0,rqds
2018-08-06,24,712.4,1060.0,rqds
2018-08-07,24,808.0,1194.0,rqds
2018-08-08,24,1007.6,1474.0,rqds
2018-08-09,24,887.5,1422.0,rqds
2018-08-10,24,694.8,1123.0,rqds
2018-08-11,24,704.3,1053.0,rqds
2018-08-12,24,837.4,1151.0,rqds
2018-08-13,24,1012.8,1219.0,rqds
2018-08-14,24,942.4,1140.0,rqds
2018-08-15,24,923.2,1019.0,rqds
2018-08-16,24,899.6,980.0,rqds
2018-08-17,24,800.9,890.0,rqds
2018-08-18,24,761.8,915.0,rqds
2018-08-19,24,829.2,1056.0,rqds
2018-08-20,24,975.9,1204.0,rqds
2018-08-21,24,889.0,1155.0,rqds
2018-08-22,24,710.2,954.0,rqds
2018-08-23,24,681.3,944.0,rqds
2018-08-24,24,715.3,978.0,rqds
2018-08-25,24,785.4,1023.0,rqds
2018-08-26,24,851.8,1086.0,rqds
2018-08-27,24,957.7,1166.0,rqds
2018-08-28,24,1105.4,1329.0,rqds
2018-08-29,24,955.6,1277.0,rqds
2018-08-30,24,688.3,812.0,rqds
2018-08-31,24,688.8,805.0,rqds
2018-09-01,24,706.3,859.0,rqds
2018-09-02,24,714.9,880.0,rqds
2018-09-03,24,737.2,982.0,rqds
2018-09-04,24,797.9,1005.0,rqds
2018-09-05,24,623.6,883.0,rqds
2018-09-06,24,654.8,1065.0,rqds
2018-09-07,24,692.1,1034.0,rqds
2018-09-08,24,671.8,1019.0,rqds
2018-09-09,24,738.8,994.0,rqds
2018-09-10,24,720.2,1037.0,rqds
2018-09-11,24,657.5,781.0,rqds
2018-09-12,24,719.0,831.0,rqds
2018-09-13,24,727.5,854.0,rqds
2018-09-14,24,551.1,675.0,rqds
2018-09-15,24,582.0,774.0,rqds
2018-09-16,24,645.4,828.0,rqds
2018-09-17,24,568.0,721.0,rqds
2018-09-18,24,515.2,668.0,rqds
2018-09-19,24,513.7,706.0,rqds
2018-09-20,24,583.3,810.0,rqds
2018-09-21,24,660.0,885.0,rqds
2018-09-22,24,732.5,921.0,rqds
2018-09-23,24,791.5,943.0,rqds
2018-09-24,24,786.5,996.0,rqds
2018-09-25,24,732.3,933.0,rqds
2018-09-26,24,642.8,779.0,rqds
2018-09-27,24,591.4,754.0,rqds
2018-09-28,24,623.6,829.0,rqds
2018-09-29,24,735.4,989.0,rqds
2018-09-30,24,747.5,950.0,rqds
2018-10-01,24,656.5,904.0,rqds
2018-10-02,24,641.6,826.0,rqds
2018-10-03,24,640.2,920.0,rqds
2018-10-04,24,832.2,1077.0,rqds
2018-10-05,24,821.0,1066.0,rqds
2018-10-06,24,738.9,986.0,rqds
2018-10-07,24,720.0,946.0,rqds
2018-10-08,24,732.6,883.0,rqds
2018-10-09,24,818.3,963.0,rqds
2018-10-10,24,893.3,1062.0,rqds
2018-10-11,24,900.7,1118.0,rqds
2018-10-12,24,892.8,1148.0,rqds
2018-10-13,24,1007.0,1362.0,rqds
2018-10-14,24,858.0,1076.0,rqds
2018-10-15,24,756.1,966.0,rqds
2018-10-16,24,769.1,969.0,rqds
2018-10-17,24,902.0,1141.0,rqds
2018-10-18,24,842.2,977.0,rqds
2018-10-19,24,724.2,858.0,rqds
2018-10-20,24,759.5,912.0,rqds
2018-10-21,24,738.6,914.0,rqds
2018-10-22,24,650.3,793.0,rqds
2018-10-23,24,710.7,894.0,rqds
2018-10-24,24,740.6,995.0,rqds
2018-10-25,24,685.0,928.0,rqds
2018-10-26,24,635.6,914.0,rqds
2018-10-27,24,617.2,922.0,rqds
2018-10-28,24,644.5,956.0,rqds
2018-10-29,24,605.6,882.0,rqds
2018-10-30,24,583.6,851.0,rqds
2018-10-31,24,636.1,837.0,rqds
2018-11-01,24,634.9,810.0,rqds
2018-11-02,24,632.0,732.0,rqds
2018-11-03,24,611.8,725.0,rqds
2018-11-04,24,683.0,847.0,rqds
2018-11-05,24,663.6,846.0,rqds
2018-11-06,24,569.4,772.0,rqds
2018-11-07,24,584.7,845.0,rqds
2018-11-08,24,572.2,860.0,rqds
2018-11-09,24,654.5,990.0,rqds
2018-11-10,24,768.4,1121.0,rqds
2018-11-11,24,731.4,1054.0,rqds
2018-11-12,24,678.3,958.0,rqds
2018-11-13,24,640.0,880.0,rqds
2018-11-14,24,646.8,879.0,rqds
2018-11-15,24,645.5,790.0,rqds
2018-11-16,24,766.9,928.0,rqds
2018-11-17,24,859.5,963.0,rqds
2018-11-18,24,803.3,980.0,rqds
2018-11-19,24,648.9,848.0,rqds
2018-11-20,24,613.5,852.0,rqds
2018-11-21,24,671.5,937.0,rqds
2018-11-22,24,749.1,1068.0,rqds
2018-11-23,24,718.1,1062.0,rqds
2018-11-24,24,756.2,1140.0,rqds
2018-11-25,24,759.8,1114.0,rqds
2018-11-26,24,642.3,994.0,rqds
2018-11-27,24,658.0,954.0,rqds
2018-11-28,24,615.0,875.0,rqds
2018-11-29,24,554.5,720.0,rqds
2018-11-30,24,554.9,676.0,rqds
2018-12-01,24,538.8,671.0,rqds
2018-12-02,24,584.8,764.0,rqds
2018-12-03,24,674.3,892.0,rqds
2018-12-04,24,750.2,1028.0,rqds
2018-12-05,24,802.2,1137.0,rqds
2018-12-06,24,750.7,1089.0,rqds
2018-12-07,24,693.8,1036.0,rqds
2018-12-08,24,638.5,990.0,rqds
2018-12-09,24,627.8,973.0,rqds
2018-12-10,24,650.7,975.0,rqds
2018-12-11,24,646.8,938.0,rqds
2018-12-12,24,618.9,867.0,rqds
2018-12-13,24,661.2,879.0,rqds
2018-12-14,24,736.4,929.0,rqds
2018-12-15,24,731.2,876.0,rqds
2018-12-16,24,651.5,837.0,rqds
2018-12-17,24,570.3,755.0,rqds
2018-12-18,24,537.5,795.0,rqds
2018-12-19,24,512.8,817.0,rqds
2018-12-20,24,498.4,861.0,rqds
2018-12-21,24,573.6,984.0,rqds
2018-12-22,24,719.0,1160.0,rqds
2018-12-23,24,763.6,1189.0,rqds
2018-12-24,24,672.3,1064.0,rqds
2018-12-25,24,663.9,1012.0,rqds
2018-12-26,24,649.0,935.0,rqds
2018-12-27,24,702.6,938.0,rqds
2018-12-28,24,700.6,833.0,rqds
2018-12-29,24,681.0,804.0,rqds
2018-12-30,24,657.4,814.0,rqds
2018-12-31,24,693.2,902.0,rqds
2019-01-01,24,775.9,1035.0,rqds
2019-01-02,24,822.4,1148.0,rqds
2019-01-03,24,685.8,1016.0,rqds
2019-01-04,24,584.7,964.0,rqds
2019-01-05,24,557.4,909.0,rqds
2019-01-06,24,629.8,997.0,rqds
2019-01-07,24,713.9,1071.0,rqds
2019-01-08,24,734.2,1072.0,rqds
2019-01-09,24,806.7,1095.0,rqds
2019-01-10,24,763.6,967.0,rqds
2019-01-11,24,707.8,882.0,rqds
2019-01-12,24,737.8,878.0,rqds
2019-01-13,24,693.7,798.0,rqds
2019-01-14,24,693.5,842.0,rqds
2019-01-15,24,652.1,856.0,rqds
2019-01-16,24,612.1,872.0,rqds
2019-01-17,24,602.3,947.0,rqds
2019-01-18,24,608.6,992.0,rqds
2019-01-19,24,703.5,1134.0,rqds
2019-01-20,24,833.9,1276.0,rqds
2019-01-21,24,834.8,1266.0,rqds
2019-01-22,24,832.5,1201.0,rqds
2019-01-23,24,844.7,1141.0,rqds
2019-01-24,24,687.5,892.0,rqds
2019-01-25,24,608.7,718.0,rqds
2019-01-26,24,536.9,643.0,rqds
2019-01-27,24,565.7,682.0,rqds
2019-01-28,24,710.8,873.0,rqds
2019-01-29,24,797.4,1012.0,rqds
2019-01-30,24,839.2,1101.0,rqds
2019-01-31,24,887.6,1171.0,rqds
2019-02-01,24,853.2,1168.0,rqds
2019-02-02,24,677.7,989.0,rqds
2019-02-03,24,620.7,968.0,rqds
2019-02-04,24,633.6,947.0,rqds
2019-02-05,24,706.8,1017.0,rqds
2019-02-06,24,683.2,939.0,rqds
2019-02-07,24,599.3,829.0,rqds
2019-02-08,24,609.5,791.0,rqds
2019-02-09,24,710.7,881.0,rqds
2019-02-10,24,729.1,855.0,rqds
2019-02-11,24,663.0,805.0,rqds
2019-02-12,24,655.8,829.0,rqds
2019-02-13,24,721.6,910.0,rqds
2019-02-14,6,762.3,899.0,rqds
2019-02-18,20,765.0,1142.0,rqds
2019-02-19,24,746.8,1129.0,rqds
2019-02-20,24,796.5,1112.0,rqds
2019-02-21,24,810.4,1032.0,rqds
2019-02-22,24,799.8,928.0,rqds
2019-02-23,24,766.0,863.0,rqds
2019-02-24,24,717.2,883.0,rqds
2019-02-25,24,713.2,882.0,rqds
2019-02-26,24,767.4,951.0,rqds
2019-02-27,24,798.5,982.0,rqds
2019-02-28,24,776.0,971.0,rqds
2019-03-01,24,705.8,939.0,rqds
2019-03-02,24,656.2,895.0,rqds
2019-03-03,24,673.2,947.0,rqds
2019-03-04,24,678.9,939.0,rqds
2019-03-05,24,758.7,1011.0,rqds
2019-03-06,24,901.4,1164.0,rqds
2019-03-07,24,915.0,1107.0,rqds
2019-03-08,24,897.2,1051.0,rqds
2019-03-09,24,872.3,1003.0,rqds
2019-03-10,24,816.0,986.0,rqds
2019-03-11,24,788.5,962.0,rqds
2019-03-12,24,786.8,1037.0,rqds
2019-03-13,24,718.6,957.0,rqds
2019-03-14,24,788.3,1003.0,rqds
2019-03-15,24,876.8,1141.0,rqds
2019-03-16,24,884.2,1193.0,rqds
2019-03-17,24,867.9,1171.0,rqds
2019-03-18,19,976.7,1251.0,rqds
2019-03-20,22,999.4,1258.0,rqds
2019-03-21,24,1016.6,1222.0,rqds
2019-03-22,24,848.2,1082.0,rqds
2019-03-23,24,718.6,947.0,rqds
2019-03-24,24,687.7,906.0,rqds
2019-03-25,24,819.0,1021.0,rqds
2019-03-26,24,969.2,1172.0,rqds
2019-03-27,24,941.5,1230.0,rqds
2019-03-28,24,729.8,1002.0,rqds
2019-03-29,24,687.2,877.0,rqds
2019-03-30,24,827.2,1001.0,rqds
2019-03-31,24,959.3,1157.0,rqds
2019-04-01,24,930.0,1118.0,rqds
2019-04-02,24,833.3,999.0,rqds
2019-04-03,24,862.1,1026.0,rqds
2019-04-04,24,784.5,983.0,rqds
2019-04-05,24,687.5,841.0,rqds
2019-04-06,24,636.8,863.0,rqds
2019-04-07,24,619.2,843.0,rqds
2019-04-08,24,622.8,872.0,rqds
2019-04-09,24,776.4,994.0,rqds
2019-04-10,24,861.5,1142.0,rqds
2019-04-11,24,834.4,1134.0,rqds
2019-04-12,24,868.7,1131.0,rqds
2019-04-13,24,969.6,1221.0,rqds
2019-04-14,24,1035.6,1237.0,rqds
2019-04-15,24,1074.9,1288.0,rqds
2019-04-16,24,1009.0,1189.0,rqds
2019-04-17,24,906.5,1068.0,rqds
2019-04-18,24,963.3,1144.0,rqds
2019-04-19,24,819.5,1028.0,rqds
2019-04-20,24,710.7,972.0,rqds
2019-04-21,24,691.0,968.0,rqds
2019-04-22,24,709.8,1011.0,rqds
2019-04-23,24,710.0,1005.0,rqds
2019-04-24,24,741.7,1024.0,rqds
2019-04-25,24,776.2,1052.0,rqds
2019-04-26,24,821.1,1025.0,rqds
2019-04-27,24,893.3,1080.0,rqds
2019-04-28,24,977.5,1126.0,rqds
2019-04-29,24,888.7,1062.0,rqds
2019-04-30,24,798.8,907.0,rqds
2019-05-01,24,757.5,857.0,rqds
2019-05-02,24,795.5,954.0,rqds
2019-05-03,24,957.4,1159.0,rqds
2019-05-04,24,949.8,1243.0,rqds
2019-05-05,24,981.2,1243.0,rqds
2019-05-06,24,794.5,1206.0,rqds
2019-05-07,24,715.4,1078.0,rqds
2019-05-08,24,603.1,990.0,rqds
2019-05-09,24,591.9,912.0,rqds
2019-05-10,24,683.5,950.0,rqds
2019-05-11,24,832.2,1089.0,rqds
2019-05-12,24,893.7,1113.0,rqds
2019-05-13,24,893.5,1032.0,rqds
2019-05-14,24,944.0,1045.0,rqds
2019-05-15,24,1014.7,1144.0,rqds
2019-05-16,24,865.7,1223.0,rqds
2019-05-17,24,794.7,1022.0,rqds
2019-05-18,24,832.8,1102.0,rqds
2019-05-19,24,964.5,1283.0,rqds
2019-05-20,24,900.5,1345.0,rqds
2019-05-21,24,830.0,1187.0,rqds
2019-05-22,24,789.0,1138.0,rqds
2019-05-23,24,759.8,1072.0,rqds
2019-05-24,24,710.6,989.0,rqds
2019-05-25,24,654.8,890.0,rqds
2019-05-26,24,620.2,818.0,rqds
2019-05-27,24,660.8,776.0,rqds
2019-05-28,24,759.7,863.0,rqds
2019-05-29,24,815.3,993.0,rqds
2019-05-30,24,898.5,1121.0,rqds
2019-05-31,24,882.5,1103.0,rqds
2019-06-01,24,833.9,1150.0,rqds
2019-06-02,24,811.0,1139.0,rqds
2019-06-03,24,835.4,1183.0,rqds
2019-06-04,24,929.4,1262.0,rqds
2019-06-05,24,1051.8,1409.0,rqds
2019-06-06,24,1281.2,1571.0,rqds
2019-06-07,24,1245.3,1731.0,rqds
2019-06-08,24,1246.8,1568.0,rqds
2019-06-09,24,1165.1,1337.0,rqds
2019-06-10,24,1226.0,1496.0,rqds
2019-06-11,24,961.0,1177.0,rqds
2019-06-12,24,819.2,990.0,rqds
2019-06-13,24,849.2,1123.0,rqds
2019-06-14,24,843.3,1125.0,rqds
2019-06-15,24,799.6,1116.0,rqds
2019-06-16,24,776.9,1141.0,rqds
2019-06-17,24,754.7,1101.0,rqds
2019-06-18,24,796.2,1161.0,rqds
2019-06-19,24,843.6,1179.0,rqds
2019-06-20,24,931.3,1241.0,rqds
2019-06-21,24,1012.4,1308.0,rqds
2019-06-22,24,1101.8,1327.0,rqds
2019-06-23,24,1074.3,1288.0,rqds
2019-06-24,24,921.0,1094.0,rqds
2019-06-25,24,1007.2,1182.0,rqds
2019-06-26,24,1179.7,1311.0,rqds
2019-06-27,24,1034.7,1275.0,rqds
2019-06-28,24,771.8,1041.0,rqds
2019-06-29,24,889.5,1230.0,rqds
2019-06-30,24,933.0,1250.0,rqds
2019-07-01,24,859.5,1288.0,rqds
2019-07-02,24,850.4,1245.0,rqds
2019-07-03,24,946.1,1310.0,rqds
2019-07-04,24,1016.6,1569.0,rqds
2019-07-05,24,849.5,1244.0,rqds
2019-07-06,24,815.4,1134.0,rqds
2019-07-07,24,869.9,1090.0,rqds
2019-07-08,24,826.5,991.0,rqds
2019-07-09,24,765.8,850.0,rqds
2019-07-10,24,721.6,881.0,rqds
2019-07-11,24,692.0,861.0,rqds
2019-07-12,24,611.4,861.0,rqds
2019-07-13,24,595.1,903.0,rqds
2019-07-14,24,670.7,1009.0,rqds
2019-07-15,24,762.5,1087.0,rqds
2019-07-16,24,807.7,1137.0,rqds
2019-07-17,24,850.5,1177.0,rqds
2019-07-18,24,931.0,1227.0,rqds
2019-07-19,24,1060.3,1321.0,rqds
2019-07-20,24,880.1,1172.0,rqds
2019-07-21,24,854.3,1104.0,rqds
2019-07-22,24,748.3,928.0,rqds
2019-07-23,24,761.3,859.0,rqds
2019-07-24,24,820.9,908.0,rqds
2019-07-25,24,799.3,956.0,rqds
2019-07-26,24,855.2,1066.0,rqds
2019-07-27,24,830.0,1055.0,rqds
2019-07-28,24,738.8,1037.0,rqds
2019-07-29,24,706.1,1074.0,rqds
2019-07-30,24,684.2,1102.0,rqds
2019-07-31,24,629.2,1074.0,rqds
2019-08-01,24,644.9,1049.0,rqds
2019-08-02,24,790.8,1121.0,rqds
2019-08-03,24,847.7,1185.0,rqds
2019-08-04,24,826.3,1038.0,rqds
2019-08-05,24,848.8,976.0,rqds
2019-08-06,24,769.5,869.0,rqds
2019-08-07,24,687.3,811.0,rqds
2019-08-08,24,710.1,895.0,rqds
2019-08-09,24,683.4,917.0,rqds
2019-08-10,24,682.8,973.0,rqds
2019-08-11,24,804.4,1180.0,rqds
2019-08-12,24,939.9,1269.0,rqds
2019-08-13,24,946.2,1280.0,rqds
2019-08-14,24,863.8,1278.0,rqds
2019-08-15,24,801.5,1104.0,rqds
2019-08-16,24,912.5,1160.0,rqds
2019-08-17,24,663.2,980.0,rqds
2019-08-18,24,574.5,809.0,rqds
2019-08-19,24,553.9,693.0,rqds
2019-08-20,24,619.2,701.0,rqds
2019-08-21,24,768.2,903.0,rqds
2019-08-22,24,901.7,1018.0,rqds
2019-08-23,24,765.0,884.0,rqds
2019-08-24,24,729.2,938.0,rqds
2019-08-25,24,718.2,932.0,rqds
2019-08-26,24,665.2,988.0,rqds
2019-08-27,24,705.8,1120.0,rqds
2019-08-28,24,849.6,1290.0,rqds
2019-08-29,24,1080.2,1372.0,rqds
2019-08-30,24,1041.9,1434.0,rqds
2019-08-31,24,941.0,1260.0,rqds
2019-09-01,24,1006.9,1301.0,rqds
2019-09-02,24,961.5,1105.0,rqds
2019-09-03,24,853.1,971.0,rqds
2019-09-04,24,729.0,847.0,rqds
2019-09-05,24,678.8,851.0,rqds
2019-09-06,24,673.9,854.0,rqds
2019-09-07,24,594.1,733.0,rqds
2019-09-08,24,571.2,791.0,rqds
2019-09-09,24,631.0,892.0,rqds
2019-09-10,24,725.3,959.0,rqds
2019-09-11,24,734.1,974.0,rqds
2019-09-12,24,742.2,983.0,rqds
2019-09-13,24,758.8,963.0,rqds
2019-09-14,24,716.8,949.0,rqds
2019-09-15,24,683.8,823.0,rqds
2019-09-16,24,760.7,876.0,rqds
2019-09-17,24,807.5,961.0,rqds
2019-09-18,24,898.3,1110.0,rqds
2019-09-19,24,662.7,820.0,rqds
2019-09-20,24,614.5,809.0,rqds
2019-09-21,24,574.5,775.0,rqds
2019-09-22,24,560.6,778.0,rqds
2019-09-23,24,664.4,964.0,rqds
2019-09-24,24,812.5,1086.0,rqds
2019-09-25,24,797.3,1030.0,rqds
2019-09-26,24,743.8,1040.0,rqds
2019-09-27,24,706.6,1049.0,rqds
2019-09-28,24,696.2,943.0,rqds
2019-09-29,24,749.2,912.0,rqds
2019-09-30,24,739.2,910.0,rqds
2019-10-01,24,724.2,946.0,rqds
2019-10-02,24,718.8,976.0,rqds
2019-10-03,24,769.6,1043.0,rqds
2019-10-04,24,951.3,1205.0,rqds
2019-10-05,24,643.0,828.0,rqds
2019-10-06,24,528.2,682.0,rqds
2019-10-07,24,532.7,684.0,rqds
2019-10-08,24,604.9,786.0,rqds
2019-10-09,24,688.9,880.0,rqds
2019-10-10,24,745.9,893.0,rqds
2019-10-11,24,728.5,922.0,rqds
2019-10-12,24,719.3,840.0,rqds
2019-10-13,24,733.6,903.0,rqds
2019-10-14,24,646.6,841.0,rqds
2019-10-15,24,581.8,815.0,rqds
2019-10-16,24,559.8,797.0,rqds
2019-10-17,24,534.1,796.0,rqds
2019-10-18,24,546.0,829.0,rqds
2019-10-19,24,687.2,991.0,rqds
2019-10-20,24,790.5,1028.0,rqds
2019-10-21,24,736.0,971.0,rqds
2019-10-22,24,738.3,934.0,rqds
2019-10-23,24,722.2,861.0,rqds
2019-10-24,24,656.2,821.0,rqds
2019-10-25,24,595.8,823.0,rqds
2019-10-26,24,599.6,762.0,rqds
2019-10-27,24,717.4,943.0,rqds
2019-10-28,24,730.9,995.0,rqds
2019-10-29,24,836.0,1142.0,rqds
2019-10-30,24,1000.5,1332.0,rqds
2019-10-31,24,920.9,1208.0,rqds
2019-11-01,24,821.0,1126.0,rqds
2019-11-02,24,708.6,976.0,rqds
2019-11-03,24,655.3,894.0,rqds
2019-11-04,24,613.0,758.0,rqds
2019-11-05,24,552.0,669.0,rqds
2019-11-06,24,569.2,659.0,rqds
2019-11-07,24,604.1,707.0,rqds
2019-11-08,24,652.7,812.0,rqds
2019-11-09,24,854.7,1039.0,rqds
2019-11-10,24,891.4,1122.0,rqds
2019-11-11,24,751.7,1003.0,rqds
2019-11-12,24,682.5,990.0,rqds
2019-11-13,24,781.3,1110.0,rqds
2019-11-14,24,840.9,1193.0,rqds
2019-11-15,24,883.7,1240.0,rqds
2019-11-16,24,897.5,1247.0,rqds
2019-11-17,24,806.2,1091.0,rqds
2019-11-18,24,761.2,1046.0,rqds
2019-11-19,24,766.8,979.0,rqds
2019-11-20,24,649.5,779.0,rqds
2019-11-21,24,622.1,734.0,rqds
2019-11-22,24,556.8,694.0,rqds
2019-11-23,24,581.6,790.0,rqds
2019-11-24,24,596.5,874.0,rqds
2019-11-25,24,630.9,942.0,rqds
2019-11-26,24,652.7,1008.0,rqds
2019-11-27,24,630.6,1019.0,rqds
2019-11-28,24,560.8,916.0,rqds
2019-11-29,24,492.0,832.0,rqds
2019-11-30,24,499.9,828.0,rqds
2019-12-01,24,559.7,866.0,rqds
2019-12-02,24,716.5,981.0,rqds
2019-12-03,24,838.5,1038.0,rqds
2019-12-04,24,815.0,927.0,rqds
2019-12-05,24,799.7,915.0,rqds
2019-12-06,24,889.2,1068.0,rqds
2019-12-07,24,879.4,1103.0,rqds
2019-12-08,24,761.2,1027.0,rqds
2019-12-09,24,696.5,996.0,rqds
2019-12-10,24,659.7,1011.0,rqds
2019-12-11,24,649.9,1039.0,rqds
2019-12-12,24,711.8,1108.0,rqds
2019-12-13,24,822.8,1230.0,rqds
2019-12-14,24,890.7,1287.0,rqds
2019-12-15,24,899.6,1243.0,rqds
2019-12-16,24,910.0,1202.0,rqds
2019-12-17,24,855.3,1089.0,rqds
2019-12-18,24,889.6,1078.0,rqds
2019-12-19,24,884.3,998.0,rqds
2019-12-20,24,748.3,902.0,rqds
2019-12-21,24,736.5,961.0,rqds
2019-12-22,24,729.5,1007.0,rqds
2019-12-23,24,727.6,1077.0,rqds
2019-12-24,24,745.0,1136.0,rqds
2019-12-25,24,808.0,1216.0,rqds
2019-12-26,24,808.6,1217.0,rqds
2019-12-27,24,752.9,1136.0,rqds
2019-12-28,24,762.8,1115.0,rqds
2019-12-29,24,737.0,1029.0,rqds
2019-12-30,24,687.1,952.0,rqds
2019-12-31,24,694.0,906.0,rqds
2020-01-01,24,689.4,850.0,rqds
2020-01-02,24,681.3,813.0,rqds
2020-01-03,24,598.0,754.0,rqds
2020-01-04,24,593.6,769.0,rqds
2020-01-05,24,638.3,864.0,rqds
2020-01-06,24,725.8,999.0,rqds
2020-01-07,24,842.8,1192.0,rqds
2020-01-08,24,810.2,1217.0,rqds
2020-01-09,24,636.9,1057.0,rqds
2020-01-10,24,581.0,1044.0,rqds
2020-01-11,24,632.9,1051.0,rqds
2020-01-12,24,713.7,1115.0,rqds
2020-01-13,24,701.8,1051.0,rqds
2020-01-14,24,674.6,912.0,rqds
2020-01-15,24,700.1,881.0,rqds
2020-01-16,24,796.1,908.0,rqds
2020-01-17,24,836.2,993.0,rqds
2020-01-18,24,715.5,919.0,rqds
2020-01-19,24,684.8,928.0,rqds
2020-01-20,24,691.2,989.0,rqds
2020-01-21,24,654.5,1017.0,rqds
2020-01-22,24,629.1,986.0,rqds
2020-01-23,24,622.2,984.0,rqds
2020-01-24,24,611.8,979.0,rqds
2020-01-25,24,629.8,976.0,rqds
2020-01-26,24,661.9,978.0,rqds
2020-01-27,24,711.8,985.0,rqds
2020-01-28,24,775.8,1018.0,rqds
2020-01-29,24,817.4,1019.0,rqds
2020-01-30,24,748.6,876.0,rqds
2020-01-31,24,653.3,759.0,rqds
2020-02-01,24,573.1,720.0,rqds
2020-02-02,24,550.4,729.0,rqds
2020-02-03,24,597.7,846.0,rqds
2020-02-04,24,787.5,1080.0,rqds
2020-02-05,24,846.6,1176.0,rqds
2020-02-06,24,868.1,1223.0,rqds
2020-02-07,24,823.9,1216.0,rqds
2020-02-08,24,738.5,1228.0,rqds
2020-02-09,24,634.5,1020.0,rqds
2020-02-10,24,669.8,1042.0,rqds
2020-02-11,24,796.9,1104.0,rqds
2020-02-12,24,865.5,1041.0,rqds
2020-02-13,24,818.6,907.0,rqds
2020-02-14,24,928.0,1047.0,rqds
2020-02-15,24,898.2,1110.0,rqds
2020-02-16,24,768.5,1024.0,rqds
2020-02-17,24,658.3,929.0,rqds
2020-02-18,24,711.2,986.0,rqds
2020-02-19,24,828.5,1122.0,rqds
2020-02-20,24,843.0,1149.0,rqds
2020-02-21,24,844.8,1156.0,rqds
2020-02-22,24,873.9,1174.0,rqds
2020-02-23,24,844.2,1120.0,rqds
2020-02-24,24,852.1,1079.0,rqds
2020-02-25,24,887.8,1101.0,rqds
2020-02-26,24,909.6,1089.0,rqds
2020-02-27,24,911.0,1043.0,rqds
2020-02-28,24,956.0,1092.0,rqds
2020-02-29,24,891.9,1095.0,rqds
2020-03-01,24,709.1,972.0,rqds
2020-03-02,24,685.5,893.0,rqds
2020-03-03,24,761.7,980.0,rqds
2020-03-04,24,826.8,1095.0,rqds
2020-03-05,24,857.2,1148.0,rqds
2020-03-06,24,842.7,1169.0,rqds
2020-03-07,24,841.0,1202.0,rqds
2020-03-08,24,813.7,1177.0,rqds
2020-03-09,24,784.7,1071.0,rqds
2020-03-10,24,801.2,1037.0,rqds
2020-03-11,24,838.1,981.0,rqds
2020-03-12,24,737.8,918.0,rqds
2020-03-13,24,774.0,924.0,rqds
2020-03-14,24,924.3,1136.0,rqds
2020-03-15,24,1010.0,1276.0,rqds
2020-03-16,24,993.1,1211.0,rqds
2020-03-17,24,987.0,1251.0,rqds
2020-03-18,24,854.6,1080.0,rqds
2020-03-19,24,766.2,964.0,rqds
2020-03-20,24,763.4,985.0,rqds
2020-03-21,24,755.5,971.0,rqds
2020-03-22,24,760.1,963.0,rqds
2020-03-23,24,796.2,961.0,rqds
2020-03-24,24,883.2,1031.0,rqds
2020-03-25,24,917.9,1065.0,rqds
2020-03-26,24,969.7,1085.0,rqds
2020-03-27,24,1027.8,1247.0,rqds
2020-03-28,24,875.6,1147.0,rqds
2020-03-29,24,829.4,1082.0,rqds
2020-03-30,24,818.3,1101.0,rqds
2020-03-31,24,854.2,1117.0,rqds
2020-04-01,24,873.8,1135.0,rqds
2020-04-02,24,828.9,1099.0,rqds
2020-04-03,24,776.0,1042.0,rqds
2020-04-04,24,819.3,1095.0,rqds
2020-04-05,24,871.0,1150.0,rqds
2020-04-06,24,925.3,1166.0,rqds
2020-04-07,24,979.0,1170.0,rqds
2020-04-08,24,973.4,1158.0,rqds
2020-04-09,24,927.2,1166.0,rqds
2020-04-10,24,893.7,1179.0,rqds
2020-04-11,24,944.0,1247.0,rqds
2020-04-12,24,949.1,1259.0,rqds
2020-04-13,24,926.3,1225.0,rqds
2020-04-14,24,873.1,1152.0,rqds
2020-04-15,24,788.3,1024.0,rqds
2020-04-16,24,783.5,948.0,rqds
2020-04-17,24,864.9,984.0,rqds
2020-04-18,24,1004.0,1100.0,rqds
2020-04-19,24,969.4,1107.0,rqds
2020-04-20,24,981.8,1119.0,rqds
2020-04-21,24,987.8,1122.0,rqds
2020-04-22,24,966.8,1194.0,rqds
2020-04-23,24,923.3,1158.0,rqds
2020-04-24,24,907.2,1218.0,rqds
2020-04-25,24,830.8,1179.0,rqds
2020-04-26,24,810.7,1146.0,rqds
2020-04-27,24,811.5,1182.0,rqds
2020-04-28,24,712.5,1061.0,rqds
2020-04-29,24,644.2,975.0,rqds
2020-04-30,24,677.9,921.0,rqds
2020-05-01,24,887.3,1089.0,rqds
2020-05-02,24,995.1,1179.0,rqds
2020-05-03,24,1045.5,1187.0,rqds
2020-05-04,24,1041.6,1158.0,rqds
2020-05-05,24,1264.1,1511.0,rqds
2020-05-06,24,969.0,1391.0,rqds
2020-05-07,24,918.0,1195.0,rqds
2020-05-08,24,816.9,1198.0,rqds
2020-05-09,24,817.9,1190.0,rqds
2020-05-10,24,824.6,1219.0,rqds
2020-05-11,24,836.5,1178.0,rqds
2020-05-12,24,857.0,1153.0,rqds
2020-05-13,24,938.0,1171.0,rqds
2020-05-14,24,974.8,1163.0,rqds
2020-05-15,24,910.6,1089.0,rqds
2020-05-16,24,849.0,942.0,rqds
2020-05-17,24,860.5,951.0,rqds
2020-05-18,24,801.2,966.0,rqds
2020-05-19,24,764.2,945.0,rqds
2020-05-20,24,789.0,1064.0,rqds
2020-05-21,24,869.8,1168.0,rqds
2020-05-22,24,968.9,1286.0,rqds
2020-05-23,24,1071.8,1399.0,rqds
2020-05-24,24,1433.5,1715.0,rqds
2020-05-25,24,1250.1,1891.0,rqds
2020-05-26,24,951.4,1373.0,rqds
2020-05-27,24,991.2,1307.0,rqds
2020-05-28,24,1066.8,1341.0,rqds
2020-05-29,24,1070.1,1415.0,rqds
2020-05-30,24,929.4,1117.0,rqds
2020-05-31,24,840.7,973.0,rqds
2020-06-01,24,814.8,998.0,rqds
2020-06-02,24,898.5,1198.0,rqds
2020-06-03,24,1035.5,1349.0,rqds
2020-06-04,5,1299.6,1417.0,rqds
2020-06-05,20,979.9,1370.0,rqds
2020-06-06,24,1046.1,1459.0,rqds
2020-06-07,24,954.0,1389.0,rqds
2020-06-08,24,928.7,1349.0,rqds
2020-06-09,24,940.7,1285.0,rqds
2020-06-10,24,1035.4,1275.0,rqds
2020-06-11,24,1065.1,1322.0,rqds
2020-06-12,24,883.7,1193.0,rqds
2020-06-13,24,792.6,945.0,rqds
2020-06-14,24,772.9,883.0,rqds
2020-06-15,24,777.3,925.0,rqds
2020-06-16,24,827.3,1164.0,rqds
2020-06-17,24,1074.8,1289.0,rqds
2020-06-18,24,868.2,1293.0,rqds
2020-06-19,24,782.0,1141.0,rqds
2020-06-20,24,848.6,1244.0,rqds
2020-06-21,24,919.9,1297.0,rqds
2020-06-22,24,1120.2,1396.0,rqds
2020-06-23,24,994.5,1500.0,rqds
2020-06-24,24,904.0,1301.0,rqds
2020-06-25,24,982.4,1251.0,rqds
2020-06-26,24,1055.7,1315.0,rqds
2020-06-27,24,1120.8,1278.0,rqds
2020-06-28,24,1276.0,1381.0,rqds
2020-06-29,24,1132.5,1354.0,rqds
2020-06-30,24,1033.1,1216.0,rqds
2020-07-01,24,867.9,1139.0,rqds
2020-07-02,24,779.8,1134.0,rqds
2020-07-03,24,756.9,1194.0,rqds
2020-07-04,24,950.8,1377.0,rqds
2020-07-05,24,1061.0,1451.0,rqds
2020-07-06,24,1038.2,1494.0,rqds
2020-07-07,24,936.5,1305.0,rqds
2020-07-08,24,889.2,1236.0,rqds
2020-07-09,24,846.9,1112.0,rqds
2020-07-10,24,819.7,1017.0,rqds
2020-07-11,24,905.0,1023.0,rqds
2020-07-12,24,1092.1,1193.0,rqds
2020-07-13,24,1157.8,1469.0,rqds
2020-07-14,24,1048.7,1270.0,rqds
2020-07-15,24,1065.5,1367.0,rqds
2020-07-16,24,1096.7,1359.0,rqds
2020-07-17,24,892.6,1312.0,rqds
2020-07-18,24,796.2,1189.0,rqds
2020-07-19,24,745.4,1113.0,rqds
2020-07-20,24,789.7,1184.0,rqds
2020-07-21,24,874.4,1275.0,rqds
2020-07-22,24,934.8,1291.0,rqds
2020-07-23,24,800.8,1216.0,rqds
2020-07-24,24,772.5,1014.0,rqds
2020-07-25,24,891.1,1089.0,rqds
2020-07-26,24,876.3,994.0,rqds
2020-07-27,24,964.2,1052.0,rqds
2020-07-28,24,854.5,1058.0,rqds
2020-07-29,24,841.2,1113.0,rqds
2020-07-30,24,850.8,1155.0,rqds
2020-07-31,24,773.2,1137.0,rqds
2020-08-01,24,746.4,1126.0,rqds
2020-08-02,24,812.8,1163.0,rqds
2020-08-03,24,880.1,1234.0,rqds
2020-08-04,24,762.5,1154.0,rqds
2020-08-05,24,633.6,966.0,rqds
2020-08-06,24,629.1,864.0,rqds
2020-08-07,24,724.6,852.0,rqds
2020-08-08,24,960.6,1158.0,rqds
2020-08-09,24,1269.4,1370.0,rqds
2020-08-10,24,1179.7,1315.0,rqds
2020-08-11,24,911.0,1049.0,rqds
2020-08-12,24,818.8,1007.0,rqds
2020-08-13,24,803.1,1038.0,rqds
2020-08-14,24,877.4,1238.0,rqds
2020-08-15,24,1113.3,1477.0,rqds
2020-08-16,24,1000.4,1395.0,rqds
2020-08-17,24,846.1,1281.0,rqds
2020-08-18,24,737.7,1162.0,rqds
2020-08-19,24,768.0,1132.0,rqds
2020-08-20,24,775.7,1126.0,rqds
2020-08-21,24,831.5,1056.0,rqds
2020-08-22,24,900.2,1055.0,rqds
2020-08-23,24,857.2,931.0,rqds
2020-08-24,24,824.0,970.0,rqds
2020-08-25,24,786.7,955.0,rqds
2020-08-26,24,706.1,917.0,rqds
2020-08-27,24,726.8,1022.0,rqds
2020-08-28,24,802.1,996.0,rqds
2020-08-29,24,692.8,990.0,rqds
2020-08-30,24,755.1,1098.0,rqds
2020-08-31,24,947.8,1246.0,rqds
2020-09-01,24,966.5,1284.0,rqds
2020-09-02,24,862.1,1190.0,rqds
2020-09-03,24,856.2,1047.0,rqds
2020-09-04,24,864.7,1034.0,rqds
2020-09-05,24,974.2,1111.0,rqds
2020-09-06,24,1129.5,1255.0,rqds
2020-09-07,24,903.1,1023.0,rqds
2020-09-08,24,843.5,1028.0,rqds
2020-09-09,24,987.0,1304.0,rqds
2020-09-10,24,879.8,1040.0,rqds
2020-09-11,24,781.1,953.0,rqds
2020-09-12,24,659.9,868.0,rqds
2020-09-13,24,608.0,919.0,rqds
2020-09-14,24,694.6,1049.0,rqds
2020-09-15,24,731.7,1045.0,rqds
2020-09-16,24,650.5,975.0,rqds
2020-09-17,24,682.2,919.0,rqds
2020-09-18,24,894.7,1027.0,rqds
2020-09-19,24,981.4,1112.0,rqds
2020-09-20,24,817.4,954.0,rqds
2020-09-21,24,763.5,996.0,rqds
2020-09-22,24,763.8,998.0,rqds
2020-09-23,24,715.6,954.0,rqds
2020-09-24,24,820.0,1097.0,rqds
2020-09-25,24,949.2,1177.0,rqds
2020-09-26,24,924.2,1110.0,rqds
2020-09-27,24,895.3,1109.0,rqds
2020-09-28,24,873.9,1097.0,rqds
2020-09-29,24,827.8,1056.0,rqds
2020-09-30,24,810.0,959.0,rqds
2020-10-01,24,810.7,962.0,rqds
2020-10-02,24,696.5,889.0,rqds
2020-10-03,24,574.9,741.0,rqds
2020-10-04,24,513.9,704.0,rqds
2020-10-05,24,487.2,717.0,rqds
2020-10-06,24,639.1,912.0,rqds
2020-10-07,24,873.0,1187.0,rqds
2020-10-08,24,873.0,1141.0,rqds
2020-10-09,24,858.2,1083.0,rqds
2020-10-10,24,827.4,1020.0,rqds
2020-10-11,24,758.2,942.0,rqds
2020-10-12,24,747.9,973.0,rqds
2020-10-13,24,768.1,960.0,rqds
2020-10-14,24,725.1,1013.0,rqds
2020-10-15,24,681.2,870.0,rqds
2020-10-16,24,659.0,839.0,rqds
2020-10-17,24,651.8,868.0,rqds
2020-10-18,24,706.0,991.0,rqds
2020-10-19,24,740.9,1071.0,rqds
2020-10-20,24,743.0,1063.0,rqds
2020-10-21,24,745.6,1053.0,rqds
2020-10-22,1,564.0,564.0,rqds
2020-10-23,20,728.8,928.0,rqds
2020-10-24,24,738.1,906.0,rqds
2020-10-25,24,850.4,1015.0,rqds
2020-10-26,24,875.0,985.0,rqds
2020-10-27,24,846.8,973.0,rqds
2020-10-28,24,738.3,884.0,rqds
2020-10-29,24,710.0,888.0,rqds
2020-10-30,24,830.0,1066.0,rqds
2020-10-31,24,988.5,1259.0,rqds
2020-11-01,24,1001.6,1305.0,rqds
2020-11-02,24,977.8,1292.0,rqds
2020-11-03,24,780.6,1101.0,rqds
2020-11-04,24,714.8,1047.0,rqds
2020-11-05,24,741.0,1051.0,rqds
2020-11-06,24,763.4,1050.0,rqds
2020-11-07,24,853.8,1119.0,rqds
2020-11-08,24,907.6,1120.0,rqds
2020-11-09,24,1007.3,1153.0,rqds
2020-11-10,24,811.4,923.0,rqds
2020-11-11,24,808.2,945.0,rqds
2020-11-12,24,934.5,1131.0,rqds
2020-11-13,24,979.6,1227.0,rqds
2020-11-14,24,977.8,1309.0,rqds
2020-11-15,24,854.2,1215.0,rqds
2020-11-16,24,846.7,1238.0,rqds
2020-11-17,24,836.2,1228.0,rqds
2020-11-18,24,796.0,1158.0,rqds
2020-11-19,24,788.8,1118.0,rqds
2020-11-20,24,784.7,1052.0,rqds
2020-11-21,24,714.1,911.0,rqds
2020-11-22,24,677.4,838.0,rqds
2020-11-23,24,742.2,878.0,rqds
2020-11-24,24,777.5,907.0,rqds
2020-11-25,24,795.6,963.0,rqds
2020-11-26,24,821.2,1044.0,rqds
2020-11-27,24,778.9,1077.0,rqds
2020-11-28,24,714.8,1017.0,rqds
2020-11-29,24,783.2,1124.0,rqds
2020-11-30,16,760.8,1009.0,rqds
2020-12-19,17,759.2,945.0,rqds
2020-12-20,24,606.3,795.0,rqds
2020-12-21,24,595.1,722.0,rqds
2020-12-22,24,658.9,783.0,rqds
2020-12-23,24,826.7,994.0,rqds
2020-12-24,24,914.0,1136.0,rqds
2020-12-25,24,958.4,1233.0,rqds
2020-12-26,24,840.6,1188.0,rqds
2020-12-27,24,742.1,1116.0,rqds
2020-12-28,24,799.8,1168.0,rqds
2020-12-29,24,935.7,1334.0,rqds
2020-12-30,24,1049.0,1460.0,rqds
2020-12-31,24,1024.0,1405.0,rqds
2021-01-01,24,941.7,1278.0,rqds
2021-01-02,24,902.5,1261.0,rqds
2021-01-03,24,853.9,1134.0,rqds
2021-01-04,24,833.1,1050.0,rqds
2021-01-05,24,808.7,950.0,rqds
2021-01-06,24,889.3,1026.0,rqds
2021-01-07,24,983.4,1173.0,rqds
2021-01-08,24,1047.3,1312.0,rqds
2021-01-09,24,1084.9,1403.0,rqds
2021-01-10,24,972.2,1368.0,rqds
2021-01-11,24,937.0,1355.0,rqds
2021-01-12,24,868.9,1299.0,rqds
2021-01-13,24,813.8,1232.0,rqds
2021-01-14,24,768.8,1133.0,rqds
2021-01-15,24,797.3,1156.0,rqds
2021-01-16,24,843.2,1135.0,rqds
2021-01-17,24,928.0,1144.0,rqds
2021-01-18,24,1013.4,1176.0,rqds
2021-01-19,24,1079.0,1218.0,rqds
2021-01-20,24,1048.9,1197.0,rqds
2021-01-21,24,1003.8,1188.0,rqds
2021-01-22,24,1053.5,1279.0,rqds
2021-01-23,24,1069.8,1329.0,rqds
2021-01-24,24,1049.0,1363.0,rqds
2021-01-25,24,1045.2,1389.0,rqds
2021-01-26,24,996.2,1369.0,rqds
2021-01-27,24,858.7,1245.0,rqds
2021-01-28,24,743.9,1119.0,rqds
2021-01-29,24,733.0,1138.0,rqds
2021-01-30,24,762.4,1100.0,rqds
2021-01-31,24,812.3,1099.0,rqds
2021-02-01,24,860.1,1067.0,rqds
2021-02-02,24,896.2,1039.0,rqds
2021-02-03,24,798.7,1002.0,rqds
2021-02-04,24,659.1,877.0,rqds
2021-02-05,24,650.9,882.0,rqds
2021-02-06,24,655.5,1016.0,rqds
2021-02-07,24,914.6,1292.0,rqds
2021-02-08,24,917.5,1239.0,rqds
2021-02-09,24,960.8,1326.0,rqds
2021-02-10,24,855.2,1215.0,rqds
2021-02-11,24,750.1,1074.0,rqds
2021-02-12,24,709.9,985.0,rqds
2021-02-13,24,729.3,962.0,rqds
2021-02-14,24,848.0,1046.0,rqds
2021-02-15,24,901.0,1024.0,rqds
2021-02-16,24,935.0,1024.0,rqds
2021-02-17,24,986.4,1078.0,rqds
2021-02-18,24,816.0,1020.0,rqds
2021-02-19,24,748.8,956.0,rqds
2021-02-20,24,725.4,937.0,rqds
2021-02-21,24,762.5,978.0,rqds
2021-02-22,24,892.2,1165.0,rqds
2021-02-23,24,952.9,1276.0,rqds
2021-02-24,24,956.9,1295.0,rqds
2021-02-25,24,940.2,1305.0,rqds
2021-02-26,24,906.4,1229.0,rqds
2021-02-27,24,941.9,1265.0,rqds
2021-02-28,24,1011.1,1282.0,rqds
2021-03-01,24,813.0,1040.0,rqds
2021-03-02,24,978.4,1081.0,rqds
2021-03-03,24,1122.3,1262.0,rqds
2021-03-04,24,1093.0,1360.0,rqds
2021-03-05,24,1132.9,1382.0,rqds
2021-03-06,24,1069.0,1346.0,rqds
2021-03-07,24,1022.9,1295.0,rqds
2021-03-08,24,1009.1,1290.0,rqds
2021-03-09,24,1091.2,1353.0,rqds
2021-03-10,24,1160.3,1439.0,rqds
2021-03-11,24,1090.9,1355.0,rqds
2021-03-12,24,868.3,1144.0,rqds
2021-03-13,24,770.8,962.0,rqds
2021-03-14,24,779.9,912.0,rqds
2021-03-15,24,990.5,1109.0,rqds
2021-03-16,24,1105.2,1266.0,rqds
2021-03-17,24,1058.9,1266.0,rqds
2021-03-18,24,999.8,1250.0,rqds
2021-03-19,24,1004.8,1245.0,rqds
2021-03-20,24,1068.5,1294.0,rqds
2021-03-21,24,1107.7,1349.0,rqds
2021-03-22,24,978.9,1251.0,rqds
2021-03-23,24,889.5,1153.0,rqds
2021-03-24,24,908.8,1170.0,rqds
2021-03-25,24,905.4,1157.0,rqds
2021-03-26,24,909.6,1184.0,rqds
2021-03-27,24,906.0,1130.0,rqds
2021-03-28,24,953.6,1170.0,rqds
2021-03-29,24,1027.1,1165.0,rqds
2021-03-30,24,1042.1,1237.0,rqds
2021-03-31,24,964.5,1262.0,rqds
2021-04-01,24,979.7,1265.0,rqds
2021-04-02,24,1003.9,1319.0,rqds
2021-04-03,24,1022.8,1327.0,rqds
2021-04-04,24,1053.7,1329.0,rqds
2021-04-05,24,1050.2,1270.0,rqds
2021-04-06,24,1080.6,1282.0,rqds
2021-04-07,24,1108.6,1295.0,rqds
2021-04-08,24,981.9,1131.0,rqds
2021-04-09,24,897.6,1024.0,rqds
2021-04-10,24,1036.7,1205.0,rqds
2021-04-11,24,1236.9,1391.0,rqds
2021-04-12,24,1180.5,1475.0,rqds
2021-04-13,24,969.6,1319.0,rqds
2021-04-14,24,879.1,1165.0,rqds
2021-04-15,24,833.4,1118.0,rqds
2021-04-16,24,874.6,1162.0,rqds
2021-04-17,24,945.3,1246.0,rqds
2021-04-18,24,958.0,1269.0,rqds
2021-04-19,24,886.9,1179.0,rqds
2021-04-20,24,830.5,1113.0,rqds
2021-04-21,24,782.4,1011.0,rqds
2021-04-22,24,830.8,1020.0,rqds
2021-04-23,24,934.3,1103.0,rqds
2021-04-24,24,965.0,1119.0,rqds
2021-04-25,24,950.4,1074.0,rqds
2021-04-26,24,974.5,1147.0,rqds
2021-04-27,24,969.9,1262.0,rqds
2021-04-28,24,987.0,1296.0,rqds
2021-04-29,24,1014.1,1436.0,rqds
2021-04-30,24,867.4,1230.0,rqds
2021-05-01,24,865.1,1225.0,rqds
2021-05-02,24,864.2,1199.0,rqds
2021-05-03,24,894.7,1112.0,rqds
2021-05-04,24,1061.0,1212.0,rqds
2021-05-05,24,1149.8,1302.0,rqds
2021-05-06,24,1054.7,1169.0,rqds
2021-05-07,24,941.4,1077.0,rqds
2021-05-08,24,889.1,1032.0,rqds
2021-05-09,24,879.7,1078.0,rqds
2021-05-10,24,908.0,1150.0,rqds
2021-05-11,24,1048.5,1276.0,rqds
2021-05-12,24,912.0,1343.0,rqds
2021-05-13,24,879.4,1203.0,rqds
2021-05-14,24,951.8,1281.0,rqds
2021-05-15,24,985.1,1332.0,rqds
2021-05-16,24,1052.7,1388.0,rqds
2021-05-17,24,1090.8,1405.0,rqds
2021-05-18,24,1065.1,1328.0,rqds
2021-05-19,24,998.7,1261.0,rqds
2021-05-20,24,974.2,1159.0,rqds
2021-05-21,24,1002.8,1119.0,rqds
2021-05-22,24,1122.6,1257.0,rqds
2021-05-23,24,1094.7,1259.0,rqds
2021-05-24,24,867.5,1180.0,rqds
2021-05-25,24,816.5,1140.0,rqds
2021-05-26,24,903.8,1290.0,rqds
2021-05-27,24,991.0,1437.0,rqds
2021-05-28,24,1087.0,1476.0,rqds
2021-05-29,24,1198.0,1628.0,rqds
2021-05-30,24,1027.3,1476.0,rqds
2021-05-31,24,885.6,1181.0,rqds
2021-06-01,24,891.9,1095.0,rqds
2021-06-02,24,904.0,1082.0,rqds
2021-06-03,24,912.2,1014.0,rqds
2021-06-04,24,974.4,1139.0,rqds
2021-06-05,24,1019.5,1216.0,rqds
2021-06-06,24,960.4,1236.0,rqds
2021-06-07,24,837.8,1114.0,rqds
2021-06-08,24,897.4,1327.0,rqds
2021-06-09,24,1280.9,1702.0,rqds
2021-06-10,24,1290.9,1772.0,rqds
2021-06-11,24,1128.8,1542.0,rqds
2021-06-12,24,1062.8,1469.0,rqds
2021-06-13,24,987.1,1350.0,rqds
2021-06-14,24,906.0,1304.0,rqds
2021-06-15,24,827.8,1162.0,rqds
2021-06-16,24,815.7,1072.0,rqds
2021-06-17,24,805.5,985.0,rqds
2021-06-18,24,867.6,1007.0,rqds
2021-06-19,24,1021.2,1246.0,rqds
2021-06-20,24,1019.0,1245.0,rqds
2021-06-21,24,789.8,1089.0,rqds
2021-06-22,24,760.4,1087.0,rqds
2021-06-23,24,729.3,1112.0,rqds
2021-06-24,24,760.2,1206.0,rqds
2021-06-25,24,768.6,1212.0,rqds
2021-06-26,24,925.9,1292.0,rqds
2021-06-27,24,1156.8,1514.0,rqds
2021-06-28,24,1104.3,1387.0,rqds
2021-06-29,24,951.9,1244.0,rqds
2021-06-30,24,922.4,1083.0,rqds
2021-07-01,24,925.4,1025.0,rqds
2021-07-02,24,973.3,1109.0,rqds
2021-07-03,24,1055.8,1328.0,rqds
2021-07-04,24,1239.6,1535.0,rqds
2021-07-05,24,1155.0,1500.0,rqds
2021-07-06,24,1270.9,1537.0,rqds
2021-07-07,24,1119.4,1552.0,rqds
2021-07-08,24,1035.0,1434.0,rqds
2021-07-09,24,1203.2,1540.0,rqds
2021-07-10,24,1015.0,1473.0,rqds
2021-07-11,24,1096.5,1538.0,rqds
2021-07-12,24,1434.0,1762.0,rqds
2021-07-13,24,1288.0,1733.0,rqds
2021-07-14,24,1155.5,1419.0,rqds
2021-07-15,24,924.1,1175.0,rqds
2021-07-16,24,883.0,983.0,rqds
2021-07-17,24,929.1,1096.0,rqds
2021-07-18,24,979.8,1175.0,rqds
2021-07-19,24,990.6,1324.0,rqds
2021-07-20,24,1106.9,1542.0,rqds
2021-07-21,24,1047.2,1522.0,rqds
2021-07-22,24,938.0,1395.0,rqds
2021-07-23,24,938.8,1421.0,rqds
2021-07-24,24,909.8,1340.0,rqds
2021-07-25,24,984.7,1319.0,rqds
2021-07-26,24,1323.4,1475.0,rqds
2021-07-27,24,1140.5,1501.0,rqds
2021-07-28,24,1214.6,1333.0,rqds
2021-07-29,24,1343.5,1424.0,rqds
2021-07-30,24,1175.5,1364.0,rqds
2021-07-31,24,1103.1,1408.0,rqds
2021-08-01,24,887.3,1228.0,rqds
2021-08-02,24,788.2,985.0,rqds
2021-08-03,24,740.3,1000.0,rqds
2021-08-04,24,715.7,1010.0,rqds
2021-08-05,24,738.2,1110.0,rqds
2021-08-06,24,886.5,1314.0,rqds
2021-08-07,24,1039.2,1351.0,rqds
2021-08-08,24,1184.9,1486.0,rqds
2021-08-09,24,1274.3,1593.0,rqds
2021-08-10,24,1018.8,1582.0,rqds
2021-08-11,24,791.0,1107.0,rqds
2021-08-12,24,817.8,996.0,rqds
2021-08-13,24,870.7,948.0,rqds
2021-08-14,24,793.2,905.0,rqds
2021-08-15,24,734.4,902.0,rqds
2021-08-16,24,816.5,1095.0,rqds
2021-08-17,24,901.9,1213.0,rqds
2021-08-18,24,907.4,1301.0,rqds
2021-08-19,24,932.3,1253.0,rqds
2021-08-20,24,875.1,1259.0,rqds
2021-08-21,24,877.2,1262.0,rqds
2021-08-22,24,732.8,1117.0,rqds
2021-08-23,24,686.4,971.0,rqds
2021-08-24,24,759.7,925.0,rqds
2021-08-25,24,886.2,1032.0,rqds
2021-08-26,24,861.8,998.0,rqds
2021-08-27,20,751.1,880.0,rqds
2021-08-29,7,988.3,1051.0,rqds
2021-08-30,24,857.8,1054.0,rqds
2021-08-31,24,906.5,1219.0,rqds
2021-09-01,24,975.8,1226.0,rqds
2021-09-02,24,751.3,1066.0,rqds
2021-09-03,24,682.6,997.0,rqds
2021-09-04,24,671.3,962.0,rqds
2021-09-05,24,679.0,983.0,rqds
2021-09-06,24,809.3,1043.0,rqds
2021-09-07,24,944.5,1187.0,rqds
2021-09-08,24,978.1,1191.0,rqds
2021-09-09,24,912.5,1031.0,rqds
2021-09-10,24,934.2,1094.0,rqds
2021-09-11,24,849.5,1027.0,rqds
2021-09-12,24,824.6,1046.0,rqds
2021-09-13,24,812.8,1050.0,rqds
2021-09-14,24,864.6,1159.0,rqds
2021-09-15,24,1032.0,1380.0,rqds
2021-09-16,24,896.0,1286.0,rqds
2021-09-17,24,798.0,1086.0,rqds
2021-09-18,24,812.9,1083.0,rqds
2021-09-19,24,678.1,1022.0,rqds
2021-09-20,24,631.7,814.0,rqds
2021-09-21,24,745.8,862.0,rqds
2021-09-22,24,859.8,1004.0,rqds
2021-09-23,24,789.4,925.0,rqds
2021-09-24,24,778.4,996.0,rqds
2021-09-25,24,942.9,1202.0,rqds
2021-09-26,24,997.0,1248.0,rqds
2021-09-27,24,866.1,1065.0,rqds
2021-09-28,24,897.4,1171.0,rqds
2021-09-29,24,985.8,1208.0,rqds
2021-09-30,24,1001.8,1238.0,rqds
2021-10-01,24,1036.0,1213.0,rqds
2021-10-02,24,944.5,1165.0,rqds
2021-10-03,24,824.8,1086.0,rqds
2021-10-04,24,889.5,1106.0,rqds
2021-10-05,24,789.5,1046.0,rqds
2021-10-06,24,746.6,911.0,rqds
2021-10-07,24,789.4,1005.0,rqds
2021-10-08,24,701.5,928.0,rqds
2021-10-09,24,654.0,939.0,rqds
2021-10-10,24,747.8,1084.0,rqds
2021-10-11,24,774.1,1081.0,rqds
2021-10-12,24,630.3,894.0,rqds
2021-10-13,24,602.8,852.0,rqds
2021-10-14,24,665.1,915.0,rqds
2021-10-15,24,871.5,1129.0,rqds
2021-10-16,24,949.9,1132.0,rqds
2021-10-17,24,993.1,1129.0,rqds
2021-10-18,24,1088.0,1276.0,rqds
2021-10-19,24,1311.1,1630.0,rqds
2021-10-20,24,1117.4,1328.0,rqds
2021-10-21,24,893.0,1119.0,rqds
2021-10-22,24,827.7,1128.0,rqds
2021-10-23,24,784.8,1103.0,rqds
2021-10-24,24,841.4,1173.0,rqds
2021-10-25,24,820.6,1093.0,rqds
2021-10-26,24,938.0,1269.0,rqds
2021-10-27,24,840.5,1015.0,rqds
2021-10-28,24,701.9,895.0,rqds
2021-10-29,24,650.5,788.0,rqds
2021-10-30,24,664.9,815.0,rqds
2021-10-31,24,734.3,933.0,rqds
2021-11-01,24,751.5,898.0,rqds
2021-11-02,24,753.2,915.0,rqds
2021-11-03,24,819.3,1046.0,rqds
2021-11-04,24,819.9,1087.0,rqds
2021-11-05,24,795.5,1133.0,rqds
2021-11-06,24,808.5,1183.0,rqds
2021-11-07,24,816.9,1215.0,rqds
2021-11-08,24,819.2,1159.0,rqds
2021-11-09,24,810.5,1156.0,rqds
2021-11-10,24,813.2,1075.0,rqds
2021-11-11,24,780.5,1003.0,rqds
2021-11-12,24,780.2,933.0,rqds
2021-11-13,24,841.8,970.0,rqds
2021-11-14,24,944.1,1112.0,rqds
2021-11-15,24,1005.1,1189.0,rqds
2021-11-16,24,965.3,1190.0,rqds
2021-11-17,24,953.2,1238.0,rqds
2021-11-18,24,873.2,1181.0,rqds
2021-11-19,24,843.9,1202.0,rqds
2021-11-20,24,887.5,1268.0,rqds
2021-11-21,24,960.4,1370.0,rqds
2021-11-22,24,872.3,1228.0,rqds
2021-11-23,24,818.8,1128.0,rqds
2021-11-24,24,802.3,1102.0,rqds
2021-11-25,24,847.1,1136.0,rqds
2021-11-26,24,928.5,1164.0,rqds
2021-11-27,24,971.3,1174.0,rqds
2021-11-28,24,982.4,1122.0,rqds
2021-11-29,24,903.6,1049.0,rqds
2021-11-30,24,832.2,1036.0,rqds
2021-12-01,24,806.4,1113.0,rqds
2021-12-02,24,765.9,1128.0,rqds
2021-12-03,24,735.2,1155.0,rqds
2021-12-04,24,757.1,1216.0,rqds
2021-12-05,24,774.5,1226.0,rqds
2021-12-06,24,775.0,1202.0,rqds
2021-12-07,24,829.7,1225.0,rqds
2021-12-08,24,945.4,1286.0,rqds
2021-12-09,24,1012.1,1256.0,rqds
2021-12-10,24,980.3,1155.0,rqds
2021-12-11,24,911.8,1034.0,rqds
2021-12-12,24,833.1,980.0,rqds
2021-12-13,24,810.9,1003.0,rqds
2021-12-14,24,779.0,1051.0,rqds
2021-12-15,24,844.0,1136.0,rqds
2021-12-16,24,958.9,1272.0,rqds
2021-12-17,24,1012.8,1365.0,rqds
2021-12-18,24,967.8,1349.0,rqds
2021-12-19,24,876.4,1243.0,rqds
2021-12-20,24,846.7,1212.0,rqds
2021-12-21,24,853.2,1217.0,rqds
2021-12-22,24,841.8,1172.0,rqds
2021-12-23,24,842.9,1138.0,rqds
2021-12-24,24,856.6,1101.0,rqds
2021-12-25,24,913.9,1107.0,rqds
2021-12-26,24,970.4,1100.0,rqds
2021-12-27,24,1012.1,1135.0,rqds
2021-12-28,24,1014.7,1211.0,rqds
2021-12-29,24,993.8,1252.0,rqds
2021-12-30,24,955.2,1336.0,rqds
2021-12-31,24,885.5,1337.0,rqds
2022-01-01,24,858.6,1324.0,fd
2022-01-02,24,895.5,1377.0,fd
2022-01-03,24,923.3,1387.0,fd
2022-01-04,24,928.8,1350.0,fd
2022-01-05,24,961.6,1311.0,fd
2022-01-06,24,926.1,1171.0,fd
2022-01-07,24,900.4,1094.0,fd
2022-01-08,24,876.6,1011.0,fd
2022-01-09,24,798.1,953.0,fd
2022-01-10,24,806.0,970.0,fd
2022-01-11,24,868.6,1073.0,fd
2022-01-12,24,909.2,1175.0,fd
2022-01-13,24,908.4,1233.0,fd
2022-01-14,24,872.0,1204.0,fd
2022-01-15,24,836.5,1210.0,fd
2022-01-16,24,775.3,1203.0,fd
2022-01-17,24,762.8,1143.0,fd
2022-01-18,24,829.5,1214.0,fd
2022-01-19,24,891.7,1229.0,fd
2022-01-20,24,934.8,1256.0,fd
2022-01-21,24,965.3,1232.0,fd
2022-01-22,24,983.5,1194.0,fd
2022-01-23,24,928.0,1041.0,fd
2022-01-24,24,789.3,911.0,fd
2022-01-25,24,799.2,974.0,fd
2022-01-26,24,820.7,1061.0,fd
2022-01-27,24,746.8,1068.0,fd
2022-01-28,24,767.3,1134.0,fd
2022-01-29,24,879.9,1283.0,fd
2022-01-30,24,936.0,1401.0,fd
2022-01-31,24,854.3,1282.0,fd
2022-02-01,24,804.5,1226.0,fd
2022-02-02,24,867.7,1248.0,fd
2022-02-03,24,934.4,1224.0,fd
2022-02-04,24,916.3,1111.0,fd
2022-02-05,24,934.4,1028.0,fd
2022-02-06,24,953.0,1119.0,fd
2022-02-07,24,813.7,976.0,fd
2022-02-08,24,774.0,978.0,fd
2022-02-09,24,732.8,945.0,fd
2022-02-10,24,829.0,1063.0,fd
2022-02-11,24,910.3,1200.0,fd
2022-02-12,24,882.3,1199.0,fd
2022-02-13,24,926.9,1260.0,fd
2022-02-14,24,989.8,1328.0,fd
2022-02-15,24,1010.2,1370.0,fd
2022-02-16,24,1023.2,1352.0,fd
2022-02-17,24,1018.2,1348.0,fd
2022-02-18,24,1050.7,1323.0,fd
2022-02-19,24,1065.9,1269.0,fd
2022-02-20,24,1047.8,1139.0,fd
2022-02-21,24,1044.8,1190.0,fd
2022-02-22,24,993.5,1218.0,fd
2022-02-23,24,888.9,1178.0,fd
2022-02-24,24,913.3,1189.0,fd
2022-02-25,24,963.8,1275.0,fd
2022-02-26,24,920.6,1278.0,fd
2022-02-27,24,902.1,1270.0,fd
2022-02-28,24,962.8,1317.0,fd
2022-03-01,24,942.5,1248.0,fd
2022-03-02,24,794.7,1063.0,fd
2022-03-03,24,719.9,918.0,fd
2022-03-04,24,660.2,792.0,fd
2022-03-05,24,692.3,792.0,fd
2022-03-06,24,817.2,962.0,fd
2022-03-07,24,893.5,1073.0,fd
2022-03-08,24,919.3,1172.0,fd
2022-03-09,24,966.6,1197.0,fd
2022-03-10,24,1022.4,1246.0,fd
2022-03-11,24,1101.0,1305.0,fd
2022-03-12,24,1135.4,1374.0,fd
2022-03-13,24,1102.0,1337.0,fd
2022-03-14,24,1114.3,1399.0,fd
2022-03-15,24,1082.5,1356.0,fd
2022-03-16,24,1033.9,1295.0,fd
2022-03-17,24,1024.0,1266.0,fd
2022-03-18,24,981.8,1199.0,fd
2022-03-19,24,919.6,1078.0,fd
2022-03-20,24,886.9,1062.0,fd
2022-03-21,24,851.7,1074.0,fd
2022-03-22,24,824.2,1101.0,fd
2022-03-23,24,828.6,1133.0,fd
2022-03-24,24,937.9,1220.0,fd
2022-03-25,24,1095.1,1387.0,fd
2022-03-26,24,1135.0,1449.0,fd
2022-03-27,24,1019.0,1286.0,fd
2022-03-28,24,989.1,1235.0,fd
2022-03-29,24,1065.3,1299.0,fd
2022-03-30,24,1081.9,1257.0,fd
2022-03-31,24,1116.3,1254.0,fd
2022-04-01,24,1154.0,1273.0,fd
2022-04-02,24,1196.8,1347.0,fd
2022-04-03,24,1168.4,1476.0,fd
2022-04-04,24,966.5,1275.0,fd
2022-04-05,24,941.0,1224.0,fd
2022-04-06,24,990.6,1288.0,fd
2022-04-07,24,1074.9,1323.0,fd
2022-04-08,24,1086.0,1395.0,fd
2022-04-09,24,957.9,1193.0,fd
2022-04-10,24,990.2,1226.0,fd
2022-04-11,24,950.8,1155.0,fd
2022-04-12,24,893.2,1092.0,fd
2022-04-13,24,833.4,1031.0,fd
2022-04-14,24,823.3,1009.0,fd
2022-04-15,24,891.2,1049.0,fd
2022-04-16,24,921.7,1117.0,fd
2022-04-17,24,835.3,1134.0,fd
2022-04-18,24,802.5,1093.0,fd
2022-04-19,24,844.3,1210.0,fd
2022-04-20,24,862.0,1241.0,fd
2022-04-21,24,898.5,1246.0,fd
2022-04-22,24,956.6,1303.0,fd
2022-04-23,24,1012.2,1297.0,fd
2022-04-24,24,1070.8,1281.0,fd
2022-04-25,24,1238.7,1472.0,fd
2022-04-26,24,1240.2,1354.0,fd
2022-04-27,24,1172.2,1294.0,fd
2022-04-28,24,1011.7,1301.0,fd
2022-04-29,24,905.2,1139.0,fd
2022-04-30,24,854.5,1128.0,fd
2022-05-01,24,903.2,1178.0,fd
2022-05-02,24,932.9,1273.0,fd
2022-05-03,24,857.1,1240.0,fd
2022-05-04,24,821.5,1165.0,fd
2022-05-05,24,887.9,1169.0,fd
2022-05-06,24,1024.6,1299.0,fd
2022-05-07,24,1105.2,1380.0,fd
2022-05-08,24,1098.6,1355.0,fd
2022-05-09,24,1074.1,1277.0,fd
2022-05-10,24,1098.6,1257.0,fd
2022-05-11,24,1230.2,1379.0,fd
2022-05-12,24,1201.3,1342.0,fd
2022-05-13,24,1084.2,1291.0,fd
2022-05-14,24,1020.6,1300.0,fd
2022-05-15,24,935.0,1261.0,fd
2022-05-16,24,981.8,1335.0,fd
2022-05-17,24,1057.7,1454.0,fd
2022-05-18,24,1082.5,1565.0,fd
2022-05-19,24,1032.5,1488.0,fd
2022-05-20,24,1018.8,1411.0,fd
2022-05-21,24,1115.6,1368.0,fd
2022-05-22,24,1326.7,1559.0,fd
2022-05-23,24,1453.8,1633.0,fd
2022-05-24,24,1151.3,1382.0,fd
2022-05-25,24,1087.6,1234.0,fd
2022-05-26,24,1100.2,1293.0,fd
2022-05-27,24,1093.2,1361.0,fd
2022-05-28,24,1024.3,1380.0,fd
2022-05-29,24,855.1,1246.0,fd
2022-05-30,24,847.4,1184.0,fd
2022-05-31,24,900.2,1225.0,fd
2022-06-01,24,1041.2,1367.0,fd
2022-06-02,24,1051.2,1438.0,fd
2022-06-03,24,1010.9,1386.0,fd
2022-06-04,24,941.5,1270.0,fd
2022-06-05,24,889.9,1185.0,fd
2022-06-06,24,922.9,1132.0,fd
2022-06-07,24,1017.2,1196.0,fd
2022-06-08,24,1145.2,1289.0,fd
2022-06-09,24,1241.1,1401.0,fd
2022-06-10,24,1310.5,1536.0,fd
2022-06-11,24,1233.8,1553.0,fd
2022-06-12,24,1220.8,1545.0,fd
2022-06-13,24,1019.9,1494.0,fd
2022-06-14,24,1060.8,1507.0,fd
2022-06-15,24,1110.8,1610.0,fd
2022-06-16,24,1126.6,1569.0,fd
2022-06-17,24,1247.6,1648.0,fd
2022-06-18,24,1197.5,1557.0,fd
2022-06-19,24,1032.8,1318.0,fd
2022-06-20,24,1027.5,1168.0,fd
2022-06-21,24,1052.2,1153.0,fd
2022-06-22,24,1039.6,1166.0,fd
2022-06-23,24,951.7,1165.0,fd
2022-06-24,24,929.4,1217.0,fd
2022-06-25,24,908.3,1233.0,fd
2022-06-26,24,971.3,1295.0,fd
2022-06-27,24,950.0,1347.0,fd
2022-06-28,24,856.1,1259.0,fd
2022-06-29,24,864.3,1220.0,fd
2022-06-30,24,945.9,1286.0,fd
2022-07-01,24,964.7,1336.0,fd
2022-07-02,24,994.0,1321.0,fd
2022-07-03,24,1060.6,1319.0,fd
2022-07-04,24,1190.9,1395.0,fd
2022-07-05,24,1091.3,1352.0,fd
2022-07-06,24,1035.4,1183.0,fd
2022-07-07,24,1102.4,1287.0,fd
2022-07-08,24,1196.2,1457.0,fd
2022-07-09,24,1261.6,1445.0,fd
2022-07-10,24,1004.2,1368.0,fd
2022-07-11,24,907.9,1329.0,fd
2022-07-12,24,950.3,1423.0,fd
2022-07-13,24,1008.2,1446.0,fd
2022-07-14,24,1134.0,1616.0,fd
2022-07-15,24,991.3,1480.0,fd
2022-07-16,24,1012.0,1330.0,fd
2022-07-17,24,1115.5,1316.0,fd
2022-07-18,24,1011.8,1223.0,fd
2022-07-19,24,966.6,1076.0,fd
2022-07-20,24,1089.4,1372.0,fd
2022-07-21,24,1027.2,1203.0,fd
2022-07-22,24,1023.0,1332.0,fd
2022-07-23,24,1081.0,1302.0,fd
2022-07-24,24,933.9,1235.0,fd
2022-07-25,24,992.0,1381.0,fd
2022-07-26,24,1018.6,1393.0,fd
2022-07-27,24,985.3,1363.0,fd
2022-07-28,24,1125.2,1447.0,fd
2022-07-29,24,1113.3,1514.0,fd
2022-07-30,24,970.7,1372.0,fd
2022-07-31,24,1074.8,1310.0,fd
2022-08-01,24,1465.5,1607.0,fd
2022-08-02,24,1426.4,1560.0,fd
2022-08-03,24,1186.7,1464.0,fd
2022-08-04,24,923.7,1020.0,fd
2022-08-05,24,930.0,1113.0,fd
2022-08-06,24,1005.7,1294.0,fd
2022-08-07,24,1000.2,1361.0,fd
2022-08-08,24,1112.4,1480.0,fd
2022-08-09,24,936.9,1424.0,fd
2022-08-10,24,823.3,1266.0,fd
2022-08-11,24,848.3,1245.0,fd
2022-08-12,24,1052.1,1342.0,fd
2022-08-13,24,1257.3,1578.0,fd
2022-08-14,24,1099.7,1360.0,fd
2022-08-15,24,1221.4,1349.0,fd
2022-08-16,24,1300.2,1448.0,fd
2022-08-17,24,1090.3,1257.0,fd
2022-08-18,24,910.9,1088.0,fd
2022-08-19,24,864.7,1034.0,fd
2022-08-20,24,870.2,1062.0,fd
2022-08-21,24,823.0,982.0,fd
2022-08-22,24,724.6,971.0,fd
2022-08-23,24,755.2,1064.0,fd
2022-08-24,24,897.3,1247.0,fd
2022-08-25,24,998.8,1271.0,fd
2022-08-26,24,1054.3,1327.0,fd
2022-08-27,24,1043.7,1391.0,fd
2022-08-28,24,917.8,1226.0,fd
2022-08-29,24,856.8,1082.0,fd
2022-08-30,24,866.5,1013.0,fd
2022-08-31,24,798.0,885.0,fd
2022-09-01,24,782.4,927.0,fd
2022-09-02,24,872.6,1102.0,fd
2022-09-03,24,1005.3,1287.0,fd
2022-09-04,24,1071.5,1299.0,fd
2022-09-05,24,986.6,1331.0,fd
2022-09-06,24,975.5,1260.0,fd
2022-09-07,24,848.5,1196.0,fd
2022-09-08,24,878.2,1215.0,fd
2022-09-09,24,911.5,1266.0,fd
2022-09-10,24,875.7,1171.0,fd
2022-09-11,24,978.4,1126.0,fd
2022-09-12,24,1179.7,1378.0,fd
2022-09-13,24,1143.8,1372.0,fd
2022-09-14,24,914.3,1086.0,fd
2022-09-15,24,866.4,1076.0,fd
2022-09-16,24,853.5,1062.0,fd
2022-09-17,24,867.0,1073.0,fd
2022-09-18,24,973.7,1281.0,fd
2022-09-19,24,896.1,1068.0,fd
2022-09-20,24,860.8,1092.0,fd
2022-09-21,24,857.3,1052.0,fd
2022-09-22,24,825.8,1063.0,fd
2022-09-23,24,903.4,1070.0,fd
2022-09-24,24,842.6,1106.0,fd
2022-09-25,24,795.5,1009.0,fd
2022-09-26,24,762.8,924.0,fd
2022-09-27,24,770.9,938.0,fd
2022-09-28,24,823.2,1054.0,fd
2022-09-29,24,834.9,1090.0,fd
2022-09-30,24,853.9,1133.0,fd
2022-10-01,24,826.8,1083.0,fd
2022-10-02,24,794.6,1069.0,fd
2022-10-03,24,832.1,1089.0,fd
2022-10-04,24,1005.5,1326.0,fd
2022-10-05,24,919.3,1215.0,fd
2022-10-06,24,840.8,1091.0,fd
2022-10-07,24,854.2,1079.0,fd
2022-10-08,24,855.6,1054.0,fd
2022-10-09,24,900.6,1069.0,fd
2022-10-10,24,897.2,1075.0,fd
2022-10-11,24,872.6,1120.0,fd
2022-10-12,24,792.8,1058.0,fd
2022-10-13,24,755.8,1045.0,fd
2022-10-14,24,772.4,1063.0,fd
2022-10-15,24,803.3,1079.0,fd
2022-10-16,24,855.2,1136.0,fd
2022-10-17,24,848.9,1036.0,fd
2022-10-18,24,851.7,1028.0,fd
2022-10-19,24,925.8,1091.0,fd
2022-10-20,24,967.5,1153.0,fd
2022-10-21,24,984.2,1129.0,fd
2022-10-22,24,1022.0,1152.0,fd
2022-10-23,24,1063.1,1223.0,fd
2022-10-24,24,982.3,1156.0,fd
2022-10-25,24,906.1,1166.0,fd
2022-10-26,24,898.7,1206.0,fd
2022-10-27,24,850.2,1183.0,fd
2022-10-28,24,813.3,1176.0,fd
2022-10-29,24,740.1,1108.0,fd
2022-10-30,24,623.3,942.0,fd
2022-10-31,24,591.5,856.0,fd
2022-11-01,24,608.6,825.0,fd
2022-11-02,24,664.2,865.0,fd
2022-11-03,24,836.0,976.0,fd
2022-11-04,24,860.0,983.0,fd
2022-11-05,24,840.9,1014.0,fd
2022-11-06,24,890.2,1120.0,fd
2022-11-07,24,939.3,1241.0,fd
2022-11-08,24,960.8,1275.0,fd
2022-11-09,24,985.6,1344.0,fd
2022-11-10,24,994.5,1376.0,fd
2022-11-11,24,844.4,1180.0,fd
2022-11-12,24,785.2,1108.0,fd
2022-11-13,24,728.3,1029.0,fd
2022-11-14,24,704.8,973.0,fd
2022-11-15,24,786.9,1012.0,fd
2022-11-16,24,938.5,1134.0,fd
2022-11-17,24,1008.8,1188.0,fd
2022-11-18,24,916.2,999.0,fd
2022-11-19,24,829.3,961.0,fd
2022-11-20,24,785.5,1001.0,fd
2022-11-21,24,780.5,1040.0,fd
2022-11-22,24,909.3,1277.0,fd
2022-11-23,24,1076.4,1454.0,fd
2022-11-24,24,1070.1,1488.0,fd
2022-11-25,24,1044.3,1477.0,fd
2022-11-26,24,925.0,1328.0,fd
2022-11-27,24,839.2,1225.0,fd
2022-11-28,24,825.8,1158.0,fd
2022-11-29,24,975.4,1249.0,fd
2022-11-30,24,1089.8,1241.0,fd
2022-12-01,24,1031.9,1162.0,fd
2022-12-02,24,1000.5,1169.0,fd
2022-12-03,24,930.5,1178.0,fd
2022-12-04,24,899.2,1202.0,fd
2022-12-05,24,871.3,1210.0,fd
2022-12-06,24,778.8,1145.0,fd
2022-12-07,24,841.3,1236.0,fd
2022-12-08,24,877.0,1274.0,fd
2022-12-09,24,846.8,1262.0,fd
2022-12-10,24,748.2,1123.0,fd
2022-12-11,24,702.7,1036.0,fd
2022-12-12,24,681.0,973.0,fd
2022-12-13,24,716.4,1003.0,fd
2022-12-14,24,863.3,1093.0,fd
2022-12-15,24,890.7,1038.0,fd
2022-12-16,24,861.1,986.0,fd
2022-12-17,24,891.8,1046.0,fd
2022-12-18,24,951.6,1184.0,fd
2022-12-19,24,981.4,1266.0,fd
2022-12-20,24,992.4,1361.0,fd
2022-12-21,24,1015.9,1460.0,fd
2022-12-22,24,1017.8,1475.0,fd
2022-12-23,24,983.1,1463.0,fd
2022-12-24,24,952.5,1413.0,fd
2022-12-25,24,977.9,1424.0,fd
2022-12-26,24,894.7,1236.0,fd
2022-12-27,24,765.6,1010.0,fd
2022-12-28,24,735.9,926.0,fd
2022-12-29,24,798.8,914.0,fd
2022-12-30,24,927.1,1103.0,fd
2022-12-31,24,890.3,1126.0,fd
2023-01-01,24,826.4,1107.0,fd
2023-01-02,24,765.2,1108.0,fd
2023-01-03,24,737.7,1125.0,fd
2023-01-04,24,775.9,1156.0,fd
2023-01-05,24,926.3,1334.0,fd
2023-01-06,24,824.0,1207.0,fd
2023-01-07,24,702.2,1104.0,fd
2023-01-08,24,669.8,1026.0,fd
2023-01-09,24,728.8,1059.0,fd
2023-01-10,24,757.7,1035.0,fd
2023-01-11,24,759.0,1020.0,fd
2023-01-12,24,745.3,912.0,fd
2023-01-13,24,651.4,778.0,fd
2023-01-14,24,633.2,765.0,fd
2023-01-15,24,678.7,859.0,fd
2023-01-16,24,615.6,881.0,fd
2023-01-17,24,621.2,958.0,fd
2023-01-18,24,717.0,1122.0,fd
2023-01-19,24,883.8,1332.0,fd
2023-01-20,24,1011.2,1485.0,fd
2023-01-21,24,1060.5,1537.0,fd
2023-01-22,24,1048.7,1499.0,fd
2023-01-23,24,1023.5,1413.0,fd
2023-01-24,24,937.5,1195.0,fd
2023-01-25,24,876.6,1053.0,fd
2023-01-26,24,912.6,1022.0,fd
2023-01-27,24,922.0,1062.0,fd
2023-01-28,24,899.3,1097.0,fd
2023-01-29,24,928.0,1154.0,fd
2023-01-30,24,1027.0,1306.0,fd
2023-01-31,24,988.8,1317.0,fd
2023-02-01,24,952.2,1309.0,fd
2023-02-02,24,919.1,1263.0,fd
2023-02-03,24,1053.2,1427.0,fd
2023-02-04,24,1143.2,1492.0,fd
2023-02-05,24,1187.4,1522.0,fd
2023-02-06,24,1104.6,1422.0,fd
2023-02-07,24,1041.2,1321.0,fd
2023-02-08,24,998.2,1217.0,fd
2023-02-09,24,980.9,1174.0,fd
2023-02-10,24,957.3,1053.0,fd
2023-02-11,24,947.7,1084.0,fd
2023-02-12,24,944.0,1147.0,fd
2023-02-13,24,1003.6,1222.0,fd
2023-02-14,24,954.7,1223.0,fd
2023-02-15,24,904.2,1214.0,fd
2023-02-16,24,887.8,1273.0,fd
2023-02-17,24,849.9,1263.0,fd
2023-02-18,24,864.5,1278.0,fd
2023-02-19,24,843.4,1247.0,fd
2023-02-20,24,966.0,1352.0,fd
2023-02-21,24,1010.0,1272.0,fd
2023-02-22,24,922.2,1075.0,fd
2023-02-23,24,788.1,937.0,fd
2023-02-24,24,792.0,970.0,fd
2023-02-25,24,857.2,1046.0,fd
2023-02-26,24,1023.8,1232.0,fd
2023-02-27,24,1071.2,1338.0,fd
2023-02-28,24,1030.9,1294.0,fd
2023-03-01,24,1100.6,1332.0,fd
2023-03-02,24,1077.3,1330.0,fd
2023-03-03,24,990.4,1277.0,fd
2023-03-04,24,880.6,1182.0,fd
2023-03-05,24,784.9,1086.0,fd
2023-03-06,24,741.2,1034.0,fd
2023-03-07,24,750.1,1017.0,fd
2023-03-08,24,876.7,1111.0,fd
2023-03-09,24,895.6,1052.0,fd
2023-03-10,24,849.2,998.0,fd
2023-03-11,24,875.4,1049.0,fd
2023-03-12,24,846.5,1101.0,fd
2023-03-13,24,819.5,1124.0,fd
2023-03-14,24,814.1,1123.0,fd
2023-03-15,24,889.2,1146.0,fd
2023-03-16,24,946.5,1249.0,fd
2023-03-17,24,846.9,1152.0,fd
2023-03-18,24,823.0,1174.0,fd
2023-03-19,24,866.8,1189.0,fd
2023-03-20,24,964.5,1245.0,fd
2023-03-21,24,1046.6,1238.0,fd
2023-03-22,24,1056.2,1167.0,fd
2023-03-23,24,1055.3,1242.0,fd
2023-03-24,24,1056.5,1295.0,fd
2023-03-25,24,1079.5,1357.0,fd
2023-03-26,24,1013.4,1375.0,fd
2023-03-27,24,969.7,1298.0,fd
2023-03-28,24,934.0,1235.0,fd
2023-03-29,24,993.5,1236.0,fd
2023-03-30,24,1100.6,1335.0,fd
2023-03-31,24,1104.0,1279.0,fd
2023-04-01,24,1145.7,1353.0,fd
2023-04-02,24,1097.5,1283.0,fd
2023-04-03,24,1043.3,1224.0,fd
2023-04-04,24,1017.7,1208.0,fd
2023-04-05,24,1026.3,1160.0,fd
2023-04-06,24,1020.5,1190.0,fd
2023-04-07,24,1048.0,1306.0,fd
2023-04-08,24,1002.3,1332.0,fd
2023-04-09,24,1011.8,1329.0,fd
2023-04-10,24,1103.5,1443.0,fd
2023-04-11,24,986.2,1339.0,fd
2023-04-12,24,1028.8,1347.0,fd
2023-04-13,24,1083.7,1453.0,fd
2023-04-14,24,817.3,1084.0,fd
2023-04-15,24,800.1,1022.0,fd
2023-04-16,24,857.2,1041.0,fd
2023-04-17,24,865.7,1034.0,fd
2023-04-18,24,790.2,907.0,fd
2023-04-19,24,858.5,1069.0,fd
2023-04-20,24,958.4,1207.0,fd
2023-04-21,24,1009.7,1334.0,fd
2023-04-22,24,1058.7,1370.0,fd
2023-04-23,24,1191.9,1483.0,fd
2023-04-24,24,1154.8,1604.0,fd
2023-04-25,24,1128.0,1447.0,fd
2023-04-26,24,1022.4,1307.0,fd
2023-04-27,24,912.0,1187.0,fd
2023-04-28,24,826.0,1041.0,fd
2023-04-29,24,862.2,1040.0,fd
2023-04-30,24,923.3,1065.0,fd
2023-05-01,24,877.0,988.0,fd
2023-05-02,24,904.5,1036.0,fd
2023-05-03,24,1007.4,1163.0,fd
2023-05-04,24,935.8,1207.0,fd
2023-05-05,24,850.3,1112.0,fd
2023-05-06,24,922.1,1216.0,fd
2023-05-07,24,983.8,1332.0,fd
2023-05-08,24,1033.0,1442.0,fd
2023-05-09,24,1123.6,1528.0,fd
2023-05-10,24,1034.7,1547.0,fd
2023-05-11,24,905.1,1227.0,fd
2023-05-12,24,1008.4,1235.0,fd
2023-05-13,24,959.3,1169.0,fd
2023-05-14,24,911.6,1017.0,fd
2023-05-15,24,913.9,1056.0,fd
2023-05-16,24,920.2,1121.0,fd
2023-05-17,24,929.3,1158.0,fd
2023-05-18,24,945.9,1239.0,fd
2023-05-19,24,890.0,1281.0,fd
2023-05-20,24,840.8,1228.0,fd
2023-05-21,24,935.7,1257.0,fd
2023-05-22,24,1063.0,1412.0,fd
2023-05-23,24,1166.3,1475.0,fd
2023-05-24,24,963.7,1372.0,fd
2023-05-25,24,800.5,1094.0,fd
2023-05-26,24,839.9,1037.0,fd
2023-05-27,24,939.9,1125.0,fd
2023-05-28,24,975.6,1112.0,fd
2023-05-29,24,1085.6,1214.0,fd
2023-05-30,24,1096.7,1315.0,fd
2023-05-31,24,1114.6,1317.0,fd
2023-06-01,24,997.8,1313.0,fd
2023-06-02,24,891.5,1250.0,fd
2023-06-03,24,964.5,1379.0,fd
2023-06-04,24,1154.3,1615.0,fd
2023-06-05,24,1231.9,1745.0,fd
2023-06-06,24,1000.3,1634.0,fd
2023-06-07,24,814.0,1262.0,fd
2023-06-08,24,844.2,1167.0,fd
2023-06-09,24,921.0,1143.0,fd
2023-06-10,24,988.7,1152.0,fd
2023-06-11,24,874.7,1012.0,fd
2023-06-12,24,812.8,987.0,fd
2023-06-13,24,861.6,1121.0,fd
2023-06-14,24,875.8,1218.0,fd
2023-06-15,24,944.3,1343.0,fd
2023-06-16,24,896.3,1331.0,fd
2023-06-17,24,855.0,1248.0,fd
2023-06-18,24,846.5,1252.0,fd
2023-06-19,24,955.6,1291.0,fd
2023-06-20,24,969.9,1348.0,fd
2023-06-21,24,857.2,1248.0,fd
2023-06-22,24,933.8,1197.0,fd
2023-06-23,24,855.9,1141.0,fd
2023-06-24,24,885.6,1090.0,fd
2023-06-25,24,848.5,1016.0,fd
2023-06-26,24,756.7,879.0,fd
2023-06-27,24,718.5,871.0,fd
2023-06-28,24,696.8,931.0,fd
2023-06-29,24,711.6,1019.0,fd
2023-06-30,24,801.9,1204.0,fd
2023-07-01,24,945.3,1385.0,fd
2023-07-02,24,1111.8,1596.0,fd
2023-07-03,24,1244.7,1703.0,fd
2023-07-04,24,1122.9,1649.0,fd
2023-07-05,24,951.5,1463.0,fd
2023-07-06,24,910.6,1281.0,fd
2023-07-07,24,904.2,1195.0,fd
2023-07-08,24,908.0,1079.0,fd
2023-07-09,24,901.5,984.0,fd
2023-07-10,24,931.4,1084.0,fd
2023-07-11,24,936.3,1191.0,fd
2023-07-12,24,1045.6,1298.0,fd
2023-07-13,24,929.1,1232.0,fd
2023-07-14,24,761.8,1130.0,fd
2023-07-15,24,799.9,1182.0,fd
2023-07-16,24,880.2,1229.0,fd
2023-07-17,24,932.0,1298.0,fd
2023-07-18,24,1141.7,1400.0,fd
2023-07-19,24,939.7,1447.0,fd
2023-07-20,24,825.8,1159.0,fd
2023-07-21,24,729.1,1056.0,fd
2023-07-22,24,700.1,924.0,fd
2023-07-23,24,764.9,870.0,fd
2023-07-24,24,981.6,1113.0,fd
2023-07-25,24,1133.8,1281.0,fd
2023-07-26,24,1031.8,1148.0,fd
2023-07-27,24,890.5,1161.0,fd
2023-07-28,24,960.3,1313.0,fd
2023-07-29,24,879.2,1249.0,fd
2023-07-30,24,799.1,1229.0,fd
2023-07-31,24,806.5,1256.0,fd
2023-08-01,24,979.2,1388.0,fd
2023-08-02,24,991.3,1561.0,fd
2023-08-03,24,773.4,1162.0,fd
2023-08-04,24,756.9,1050.0,fd
2023-08-05,24,839.9,948.0,fd
2023-08-06,24,876.8,974.0,fd
2023-08-07,24,953.5,1152.0,fd
2023-08-08,24,965.9,1102.0,fd
2023-08-09,24,866.5,1128.0,fd
2023-08-10,24,844.7,1132.0,fd
2023-08-11,24,854.5,1160.0,fd
2023-08-12,24,860.2,1192.0,fd
2023-08-13,24,860.7,1203.0,fd
2023-08-14,24,902.0,1207.0,fd
2023-08-15,24,930.7,1244.0,fd
2023-08-16,24,678.8,1025.0,fd
2023-08-17,24,621.4,929.0,fd
2023-08-18,24,596.6,861.0,fd
2023-08-19,24,611.6,810.0,fd
2023-08-20,24,702.8,809.0,fd
2023-08-21,24,720.0,830.0,fd
2023-08-22,24,760.8,926.0,fd
2023-08-23,24,773.5,963.0,fd
2023-08-24,24,763.7,996.0,fd
2023-08-25,24,839.3,1143.0,fd
2023-08-26,24,890.7,1224.0,fd
2023-08-27,24,894.1,1260.0,fd
2023-08-28,24,809.6,1188.0,fd
2023-08-29,24,689.2,1142.0,fd
2023-08-30,24,726.8,1086.0,fd
2023-08-31,24,860.0,1167.0,fd
2023-09-01,24,954.6,1193.0,fd
2023-09-02,24,1063.1,1353.0,fd
2023-09-03,24,928.5,1069.0,fd
2023-09-04,24,871.7,1086.0,fd
2023-09-05,24,891.0,1154.0,fd
2023-09-06,24,699.7,906.0,fd
2023-09-07,24,674.2,938.0,fd
2023-09-08,24,824.5,1119.0,fd
2023-09-09,24,902.3,1126.0,fd
2023-09-10,24,881.1,1127.0,fd
2023-09-11,24,889.3,1166.0,fd
2023-09-12,24,972.3,1345.0,fd
2023-09-13,24,1174.9,1495.0,fd
2023-09-14,24,960.2,1237.0,fd
2023-09-15,24,873.8,1085.0,fd
2023-09-16,24,852.6,1028.0,fd
2023-09-17,24,768.4,902.0,fd
2023-09-18,24,751.8,953.0,fd
2023-09-19,24,729.0,937.0,fd
2023-09-20,24,705.0,942.0,fd
2023-09-21,24,732.1,1002.0,fd
2023-09-22,24,759.1,1041.0,fd
2023-09-23,24,736.0,963.0,fd
2023-09-24,24,720.3,983.0,fd
2023-09-25,24,631.5,920.0,fd
2023-09-26,24,589.2,921.0,fd
2023-09-27,24,706.9,948.0,fd
2023-09-28,24,800.5,1016.0,fd
2023-09-29,24,848.5,1028.0,fd
2023-09-30,24,832.4,999.0,fd
2023-10-01,24,1001.5,1314.0,fd
2023-10-02,24,810.1,1074.0,fd
2023-10-03,24,677.0,955.0,fd
2023-10-04,24,645.0,932.0,fd
2023-10-05,24,650.5,927.0,fd
2023-10-06,24,706.0,917.0,fd
2023-10-07,24,825.8,1064.0,fd
2023-10-08,24,808.2,944.0,fd
2023-10-09,24,757.0,891.0,fd
2023-10-10,24,652.8,862.0,fd
2023-10-11,24,579.0,771.0,fd
2023-10-12,24,562.2,675.0,fd
2023-10-13,24,595.9,738.0,fd
2023-10-14,24,672.0,870.0,fd
2023-10-15,24,743.3,999.0,fd
2023-10-16,24,846.7,1134.0,fd
2023-10-17,24,866.6,1158.0,fd
2023-10-18,24,774.7,1114.0,fd
2023-10-19,24,746.1,1062.0,fd
2023-10-20,24,782.1,1123.0,fd
2023-10-21,24,853.8,1213.0,fd
2023-10-22,24,816.9,981.0,fd
2023-10-23,24,693.2,856.0,fd
2023-10-24,24,695.0,868.0,fd
2023-10-25,24,817.4,955.0,fd
2023-10-26,24,759.9,954.0,fd
2023-10-27,24,609.2,821.0,fd
2023-10-28,24,610.3,888.0,fd
2023-10-29,24,592.4,942.0,fd
2023-10-30,24,575.0,974.0,fd
2023-10-31,24,602.0,947.0,fd
2023-11-01,24,624.5,968.0,fd
2023-11-02,24,656.7,1012.0,fd
2023-11-03,24,733.0,1023.0,fd
2023-11-04,24,891.8,1153.0,fd
2023-11-05,24,915.5,1093.0,fd
2023-11-06,24,883.5,1037.0,fd
2023-11-07,24,818.0,929.0,fd
2023-11-08,24,837.2,967.0,fd
2023-11-09,24,768.2,933.0,fd
2023-11-10,24,678.4,905.0,fd
2023-11-11,24,625.8,910.0,fd
2023-11-12,24,646.9,982.0,fd
2023-11-13,24,708.8,1088.0,fd
2023-11-14,24,791.1,1189.0,fd
2023-11-15,24,737.8,1156.0,fd
2023-11-16,24,720.2,1158.0,fd
2023-11-17,24,691.8,1046.0,fd
2023-11-18,24,705.5,999.0,fd
2023-11-19,24,692.2,914.0,fd
2023-11-20,24,680.6,844.0,fd
2023-11-21,24,713.9,849.0,fd
2023-11-22,24,837.0,1021.0,fd
2023-11-23,24,937.7,1171.0,fd
2023-11-24,24,910.2,1214.0,fd
2023-11-25,24,962.0,1324.0,fd
2023-11-26,24,963.0,1339.0,fd
2023-11-27,24,993.8,1418.0,fd
2023-11-28,24,984.4,1401.0,fd
2023-11-29,24,886.5,1311.0,fd
2023-11-30,24,799.5,1177.0,fd
2023-12-01,24,822.3,1138.0,fd
2023-12-02,24,830.0,1113.0,fd
2023-12-03,24,806.5,1021.0,fd
2023-12-04,24,740.1,903.0,fd
2023-12-05,24,659.3,761.0,fd
2023-12-06,24,655.5,801.0,fd
2023-12-07,24,628.2,823.0,fd
2023-12-08,24,537.5,779.0,fd
2023-12-09,24,480.0,808.0,fd
2023-12-10,24,531.2,925.0,fd
2023-12-11,24,695.8,1117.0,fd
2023-12-12,24,839.2,1309.0,fd
2023-12-13,24,843.3,1300.0,fd
2023-12-14,24,799.8,1246.0,fd
2023-12-15,24,795.1,1210.0,fd
2023-12-16,24,844.0,1256.0,fd
2023-12-17,24,756.5,989.0,fd
2023-12-18,24,728.9,919.0,fd
2023-12-19,24,739.5,875.0,fd
2023-12-20,24,791.9,948.0,fd
2023-12-21,24,919.7,1157.0,fd
2023-12-22,24,929.8,1232.0,fd
2023-12-23,24,833.0,1222.0,fd
2023-12-24,24,788.3,1189.0,fd
2023-12-25,24,837.5,1240.0,fd
2023-12-26,24,839.7,1262.0,fd
2023-12-27,24,767.0,1184.0,fd
2023-12-28,24,679.3,1029.0,fd
2023-12-29,24,666.5,1042.0,fd
2023-12-30,24,759.9,1112.0,fd
2023-12-31,24,774.7,1030.0,fd
2024-01-01,24,708.0,900.0,fd
2024-01-02,24,619.5,771.0,fd
2024-01-03,24,583.4,727.0,fd
2024-01-04,24,623.2,804.0,fd
2024-01-05,24,712.4,905.0,fd
2024-01-06,24,775.3,1044.0,fd
2024-01-07,24,797.4,1122.0,fd
2024-01-08,24,807.1,1211.0,fd
2024-01-09,24,686.1,1150.0,fd
2024-01-10,24,718.4,1195.0,fd
2024-01-11,24,722.7,1229.0,fd
2024-01-12,24,756.5,1168.0,fd
2024-01-13,24,848.2,1211.0,fd
2024-01-14,24,888.9,1174.0,fd
2024-01-15,24,896.3,1101.0,fd
2024-01-16,24,891.0,993.0,fd
2024-01-17,24,894.0,1032.0,fd
2024-01-18,24,827.6,1040.0,fd
2024-01-19,24,708.8,991.0,fd
2024-01-20,24,684.8,1000.0,fd
2024-01-21,24,633.3,986.0,fd
2024-01-22,24,592.3,988.0,fd
2024-01-23,24,546.0,950.0,fd
2024-01-24,24,505.0,923.0,fd
2024-01-25,24,432.0,813.0,fd
2024-01-26,24,481.6,829.0,fd
2024-01-27,24,618.0,936.0,fd
2024-01-28,24,661.8,957.0,fd
2024-01-29,24,606.4,832.0,fd
2024-01-30,24,623.8,786.0,fd
2024-08-01,24,852.3,1279.0,fd
2024-08-02,24,784.7,1160.0,fd
2024-08-03,24,808.9,1163.0,fd
2024-08-04,24,857.4,1189.0,fd
2024-08-05,24,978.5,1264.0,fd
2024-08-06,24,1094.7,1318.0,fd
2024-08-07,24,998.8,1323.0,fd
2024-08-08,24,909.0,1096.0,fd
2024-08-09,24,922.3,1006.0,fd
2024-08-10,24,1047.7,1212.0,fd
2024-08-11,24,1038.3,1223.0,fd
2024-08-12,24,975.3,1118.0,fd
2024-08-13,24,984.1,1222.0,fd
2024-08-14,24,967.2,1178.0,fd
2024-08-15,24,872.0,1205.0,fd
2024-08-16,24,967.1,1397.0,fd
2024-08-17,24,1067.5,1424.0,fd
2024-08-18,24,881.4,1427.0,fd
2024-08-19,24,778.2,1194.0,fd
2024-08-20,24,849.4,1173.0,fd
2024-08-21,24,888.3,1143.0,fd
2024-08-22,24,1134.1,1336.0,fd
2024-08-23,24,1162.2,1305.0,fd
2024-08-24,24,1022.3,1142.0,fd
2024-08-25,24,887.5,1111.0,fd
2024-08-26,24,969.5,1277.0,fd
2024-08-27,24,878.6,1115.0,fd
2024-08-28,24,971.8,1381.0,fd
2024-08-29,24,925.2,1258.0,fd
2024-08-30,24,828.5,1118.0,fd
2024-08-31,24,806.6,1094.0,fd
2024-09-01,24,763.1,1076.0,fd
2024-09-02,24,818.8,1022.0,fd
2024-09-03,24,914.3,1103.0,fd
2024-09-04,24,1072.8,1250.0,fd
2024-09-05,24,930.5,1210.0,fd
2024-09-06,24,810.1,935.0,fd
2024-09-07,24,765.4,935.0,fd
2024-09-08,24,775.0,962.0,fd
2024-09-09,24,766.6,980.0,fd
2024-09-10,24,716.9,938.0,fd
2024-09-11,24,670.7,890.0,fd
2024-09-12,24,698.5,937.0,fd
2024-09-13,24,747.2,1025.0,fd
2024-09-14,24,747.7,1040.0,fd
2024-09-15,24,718.2,1013.0,fd
2024-09-16,24,774.1,1042.0,fd
2024-09-17,24,811.8,1091.0,fd
2024-09-18,24,762.0,1014.0,fd
2024-09-19,24,721.1,876.0,fd
2024-09-20,24,700.0,912.0,fd
2024-09-21,24,681.3,958.0,fd
2024-09-22,24,700.5,1016.0,fd
2024-09-23,24,729.0,1054.0,fd
2024-09-24,24,735.3,975.0,fd
2024-09-25,24,800.8,1070.0,fd
2024-09-26,24,948.5,1191.0,fd
2024-09-27,24,887.5,1096.0,fd
2024-09-28,24,775.8,969.0,fd
2024-09-29,24,781.3,946.0,fd
2024-09-30,24,778.6,940.0,fd
2024-10-01,24,931.1,1147.0,fd
2024-10-02,24,1090.8,1278.0,fd
2024-10-03,24,905.2,1077.0,fd
2024-10-04,24,823.6,1039.0,fd
2024-10-05,24,843.5,1095.0,fd
2024-10-06,24,808.6,1079.0,fd
2024-10-07,24,785.0,1074.0,fd
2024-10-08,24,798.6,1091.0,fd
2024-10-09,24,685.3,953.0,fd
2024-10-10,24,707.9,991.0,fd
2024-10-11,24,825.8,1093.0,fd
2024-10-12,24,835.0,1048.0,fd
2024-10-13,24,853.2,1115.0,fd
2024-10-14,24,887.4,1054.0,fd
2024-10-15,24,893.8,1085.0,fd
2024-10-16,24,969.8,1180.0,fd
2024-10-17,24,859.5,1115.0,fd
2024-10-18,24,861.3,1201.0,fd
2024-10-19,24,924.7,1304.0,fd
2024-10-20,24,946.8,1310.0,fd
2024-10-21,24,824.6,1186.0,fd
2024-10-22,24,769.1,1063.0,fd
2024-10-23,24,702.1,965.0,fd
2024-10-24,24,668.2,848.0,fd
2024-10-25,24,588.8,691.0,fd
2024-10-26,24,526.8,610.0,fd
2024-10-27,24,534.4,603.0,fd
2024-10-28,24,601.7,747.0,fd
2024-10-29,24,689.0,879.0,fd
2024-10-30,24,702.2,927.0,fd
2024-10-31,24,838.1,1122.0,fd
2024-11-01,24,952.6,1234.0,fd
2024-11-02,24,930.2,1269.0,fd
2024-11-03,24,909.0,1234.0,fd
2024-11-04,24,943.4,1293.0,fd
2024-11-05,24,917.6,1257.0,fd
2024-11-06,24,827.5,1143.0,fd
2024-11-07,24,783.1,1077.0,fd
2024-11-08,24,745.0,946.0,fd
2024-11-09,24,701.8,859.0,fd
2024-11-10,24,684.4,799.0,fd
2024-11-12,11,635.5,810.0,fd
2024-11-13,24,726.5,1005.0,fd
2024-11-14,24,819.0,1184.0,fd
2024-11-15,24,794.2,1213.0,fd
2024-11-16,24,728.0,1176.0,fd
2024-11-17,24,748.0,1213.0,fd
2024-11-18,24,885.2,1311.0,fd
2024-11-19,24,1027.6,1403.0,fd
2024-11-20,24,1088.7,1413.0,fd
2024-11-21,24,976.3,1210.0,fd
2024-11-22,24,869.2,1053.0,fd
2024-11-23,24,815.4,941.0,fd
2024-11-24,24,832.9,980.0,fd
2024-11-25,24,679.0,839.0,fd
2024-11-26,24,653.3,870.0,fd
2024-11-27,24,675.9,947.0,fd
2024-11-28,24,752.0,1054.0,fd
2024-11-29,24,926.4,1285.0,fd
2024-11-30,24,1043.5,1420.0,fd
2024-12-01,24,1033.8,1454.0,fd
2024-12-02,24,988.7,1388.0,fd
2024-12-03,24,1019.8,1426.0,fd
2024-12-04,2,643.5,652.0,fd
2024-12-05,21,873.8,1145.0,fd
2024-12-06,24,738.9,992.0,fd
2024-12-07,24,713.3,920.0,fd
2024-12-08,24,737.5,861.0,fd
2024-12-09,24,718.8,886.0,fd
2024-12-10,24,765.7,978.0,fd
2024-12-11,24,924.5,1212.0,fd
2024-12-12,24,1051.8,1430.0,fd
2024-12-13,24,1154.7,1592.0,fd
2024-12-14,24,1173.6,1621.0,fd
2024-12-15,24,1063.0,1518.0,fd
2024-12-16,24,934.3,1393.0,fd
2024-12-17,24,926.2,1319.0,fd
2024-12-18,24,885.3,1223.0,fd
2024-12-19,24,769.8,1057.0,fd
2024-12-20,24,778.3,1016.0,fd
2024-12-21,24,797.5,975.0,fd
2024-12-22,24,861.6,1016.0,fd
2024-12-23,24,996.2,1150.0,fd
2024-12-24,24,867.9,1056.0,fd
2024-12-25,24,751.6,1007.0,fd
2024-12-26,24,655.9,962.0,fd
2024-12-27,24,656.0,1024.0,fd
2024-12-28,24,737.7,1104.0,fd
2024-12-29,24,828.6,1244.0,fd
2024-12-30,24,855.2,1296.0,fd
2024-12-31,24,948.1,1378.0,fd
2025-01-01,24,1054.8,1462.0,fd
2025-01-02,24,1061.0,1438.0,fd
2025-01-03,24,1007.7,1319.0,fd
2025-01-04,24,969.0,1196.0,fd
2025-01-05,24,935.2,1076.0,fd
2025-01-06,24,973.3,1100.0,fd
2025-01-07,24,957.2,1169.0,fd
2025-01-08,24,958.0,1228.0,fd
2025-01-09,24,1009.0,1348.0,fd
2025-01-10,24,1003.0,1403.0,fd
2025-01-11,24,1018.4,1436.0,fd
2025-01-12,24,1024.3,1473.0,fd
2025-01-13,24,970.6,1384.0,fd
2025-01-14,24,911.4,1330.0,fd
2025-01-15,24,897.9,1243.0,fd
2025-01-16,24,1011.2,1343.0,fd
2025-01-17,24,1055.8,1316.0,fd
2025-01-18,24,928.7,1092.0,fd
2025-01-19,24,907.5,1027.0,fd
2025-01-20,24,986.0,1084.0,fd
2025-01-21,24,1093.5,1226.0,fd
2025-01-22,24,1242.0,1406.0,fd
2025-01-23,24,1335.2,1619.0,fd
2025-01-24,24,1286.6,1603.0,fd
2025-01-25,24,1137.2,1477.0,fd
2025-01-26,24,970.4,1338.0,fd
2025-01-27,24,846.4,1248.0,fd
2025-01-28,24,837.7,1255.0,fd
2025-01-29,24,966.8,1388.0,fd
2025-01-30,24,1111.2,1497.0,fd
2025-01-31,24,1097.0,1404.0,fd
2025-02-01,24,1007.5,1224.0,fd
2025-02-02,24,986.6,1115.0,fd
2025-02-03,24,894.5,1093.0,fd
2025-02-04,24,888.8,1116.0,fd
2025-02-05,24,964.2,1243.0,fd
2025-02-06,24,1072.5,1399.0,fd
2025-02-07,24,1091.5,1432.0,fd
2025-02-08,24,1135.5,1498.0,fd
2025-02-09,24,1105.8,1473.0,fd
2025-02-10,24,1015.0,1382.0,fd
2025-02-11,24,871.0,1194.0,fd
2025-02-12,24,696.8,1018.0,fd
2025-02-13,24,636.2,908.0,fd
2025-02-14,24,630.8,868.0,fd
2025-02-15,24,750.0,946.0,fd
2025-02-16,24,913.7,1027.0,fd
2025-02-17,24,922.5,1086.0,fd
2025-02-18,24,885.5,1047.0,fd
2025-02-19,24,962.2,1162.0,fd
2025-02-20,24,968.3,1178.0,fd
2025-02-21,24,919.5,1197.0,fd
2025-02-22,24,813.9,1108.0,fd
2025-02-23,24,827.6,1120.0,fd
2025-02-24,24,926.5,1256.0,fd
2025-02-25,24,978.6,1341.0,fd
2025-02-26,24,945.0,1310.0,fd
2025-02-27,24,859.8,1194.0,fd
2025-02-28,24,861.3,1147.0,fd
2025-04-01,24,1009.0,1440.0,fd
2025-04-02,24,927.1,1303.0,fd
2025-04-03,24,962.5,1302.0,fd
2025-04-04,24,980.2,1299.0,fd
2025-04-05,24,1097.1,1368.0,fd
2025-04-06,24,1088.5,1295.0,fd
2025-04-07,24,1095.2,1259.0,fd
2025-04-08,24,1036.8,1186.0,fd
2025-04-09,24,940.5,1073.0,fd
2025-04-10,24,941.3,1033.0,fd
2025-04-11,24,1047.5,1159.0,fd
2025-04-12,24,1083.2,1247.0,fd
2025-04-13,24,1147.8,1347.0,fd
2025-04-14,24,1115.0,1445.0,fd
2025-04-15,24,1034.5,1389.0,fd
2025-04-16,24,991.4,1335.0,fd
2025-04-17,24,926.4,1317.0,fd
2025-04-18,24,877.7,1230.0,fd
2025-04-19,24,875.4,1178.0,fd
2025-04-20,24,917.9,1179.0,fd
2025-04-21,24,1066.0,1266.0,fd
2025-04-22,24,1178.5,1349.0,fd
2025-04-23,24,1169.1,1376.0,fd
2025-04-24,24,938.6,1057.0,fd
2025-04-25,24,919.0,1062.0,fd
2025-04-26,24,918.4,1137.0,fd
2025-04-27,24,900.2,1244.0,fd
2025-04-28,24,826.0,1244.0,fd
2025-04-29,24,859.3,1227.0,fd
2025-04-30,24,990.6,1403.0,fd
2025-05-01,24,1085.0,1495.0,fd
2025-05-02,24,1200.0,1487.0,fd
2025-05-03,24,1151.2,1459.0,fd
2025-05-04,24,1125.1,1348.0,fd
2025-05-05,24,1070.7,1222.0,fd
2025-05-06,24,1043.3,1160.0,fd
2025-05-07,24,1026.3,1132.0,fd
2025-05-08,24,1115.4,1310.0,fd
2025-05-09,24,1196.8,1347.0,fd
2025-05-10,24,1093.1,1344.0,fd
2025-05-11,24,1076.0,1359.0,fd
2025-05-12,24,1038.8,1413.0,fd
2025-05-13,24,927.9,1328.0,fd
2025-05-14,24,934.4,1272.0,fd
2025-05-15,24,1030.1,1388.0,fd
2025-05-16,24,1028.2,1415.0,fd
2025-05-17,24,1060.8,1400.0,fd
2025-05-18,24,1134.9,1414.0,fd
2025-05-19,24,1044.8,1422.0,fd
2025-05-20,24,965.0,1167.0,fd
2025-05-21,24,1053.1,1210.0,fd
2025-05-22,24,1193.1,1283.0,fd
2025-05-23,24,1071.9,1305.0,fd
2025-05-24,24,1149.9,1510.0,fd
2025-05-25,24,1069.2,1534.0,fd
2025-05-26,24,954.2,1421.0,fd
2025-05-27,24,977.4,1403.0,fd
2025-05-28,24,1040.9,1477.0,fd
2025-05-29,24,1165.8,1566.0,fd
2025-05-30,24,1222.6,1606.0,fd
2025-05-31,24,1129.2,1476.0,fd
2025-06-01,24,1187.8,1389.0,fd
2025-06-02,24,1305.3,1460.0,fd
2025-06-03,24,1407.0,1526.0,fd
2025-06-04,24,1338.2,1555.0,fd
2025-06-05,24,1046.5,1276.0,fd
2025-06-06,24,978.5,1205.0,fd
2025-06-07,24,955.9,1212.0,fd
2025-06-08,24,988.8,1317.0,fd
2025-06-09,24,1054.1,1479.0,fd
2025-06-10,24,1031.5,1527.0,fd
2025-06-11,24,942.9,1346.0,fd
2025-06-12,24,967.5,1350.0,fd
2025-06-13,24,913.0,1392.0,fd
2025-06-14,24,971.4,1295.0,fd
2025-06-15,24,993.4,1324.0,fd
2025-06-16,24,1005.2,1277.0,fd
2025-06-17,24,1108.7,1261.0,fd
2025-06-18,24,1189.0,1349.0,fd
2025-06-19,24,1140.5,1290.0,fd
2025-06-20,24,1190.5,1392.0,fd
2025-06-21,24,1009.7,1300.0,fd
2025-06-22,24,834.3,1198.0,fd
2025-06-23,24,720.6,1135.0,fd
2025-06-24,24,720.2,1175.0,fd
2025-06-25,24,769.4,1205.0,fd
2025-06-26,24,878.2,1295.0,fd
2025-06-27,24,889.1,1299.0,fd
2025-06-28,24,930.9,1218.0,fd
2025-06-29,24,1077.0,1304.0,fd
2025-06-30,24,1167.0,1397.0,fd
2025-07-01,24,1146.9,1266.0,fd
2025-07-02,24,1262.3,1423.0,fd
2025-07-03,24,1166.6,1404.0,fd
2025-07-04,24,999.0,1197.0,fd
2025-07-05,24,1094.5,1456.0,fd
2025-07-06,24,1273.6,1597.0,fd
2025-07-07,24,1062.9,1632.0,fd
2025-07-08,24,891.6,1284.0,fd
2025-07-09,21,792.9,1242.0,fd
2025-07-11,20,1037.4,1420.0,fd
2025-07-12,24,1066.5,1532.0,fd
2025-07-13,24,1078.4,1390.0,fd
2025-07-14,24,953.9,1292.0,fd
2025-07-15,24,939.0,1126.0,fd
2025-07-16,24,849.4,948.0,fd
2025-07-17,24,947.9,1120.0,fd
2025-07-18,24,932.3,1136.0,fd
2025-07-19,24,1011.5,1375.0,fd
2025-07-20,24,1085.2,1331.0,fd
2025-07-21,24,894.8,1275.0,fd
2025-07-22,24,934.9,1401.0,fd
2025-07-23,24,1074.5,1440.0,fd
2025-07-24,24,836.8,1349.0,fd
2025-07-25,24,787.0,1156.0,fd
2025-07-26,24,948.9,1247.0,fd
2025-07-27,24,1061.2,1521.0,fd
2025-07-28,24,759.7,1026.0,fd
2025-07-29,24,679.5,815.0,fd
2025-07-30,24,760.4,876.0,fd
2025-07-31,24,817.1,965.0,fd
2025-08-01,24,1031.6,1304.0,fd
2025-08-02,24,1216.2,1476.0,fd
2025-08-03,24,1040.2,1417.0,fd
2025-08-04,24,869.0,1153.0,fd
2025-08-05,24,841.8,1154.0,fd
2025-08-06,24,814.7,1140.0,fd
2025-08-07,24,862.6,1276.0,fd
2025-08-08,24,1011.4,1353.0,fd
2025-08-09,24,1021.7,1374.0,fd
2025-08-10,24,887.6,1279.0,fd
2025-08-11,24,834.0,1105.0,fd
2025-08-12,24,856.5,993.0,fd
2025-08-13,24,1030.9,1191.0,fd
2025-08-14,24,808.8,941.0,fd
2025-08-15,24,734.4,956.0,fd
2025-08-16,24,744.2,1041.0,fd
2025-08-17,24,876.8,1224.0,fd
2025-08-18,24,1042.9,1433.0,fd
2025-08-19,24,1105.3,1512.0,fd
2025-08-20,24,1101.7,1515.0,fd
2025-08-21,24,980.2,1358.0,fd
2025-08-22,24,969.2,1284.0,fd
2025-08-23,24,1081.2,1331.0,fd
2025-08-24,24,1254.4,1521.0,fd
2025-08-25,24,1053.8,1306.0,fd
2025-08-26,24,832.6,997.0,fd
2025-08-27,24,790.0,932.0,fd
2025-08-28,24,694.5,840.0,fd
2025-08-29,24,603.1,778.0,fd
2025-08-30,24,639.5,879.0,fd
2025-08-31,24,770.3,1018.0,fd
2025-09-01,24,830.5,1039.0,fd
2025-09-02,24,811.1,1057.0,fd
2025-09-03,24,810.6,1116.0,fd
2025-09-04,24,936.5,1401.0,fd
2025-09-05,24,1168.8,1426.0,fd
2025-09-06,24,961.9,1392.0,fd
2025-09-07,24,896.2,1240.0,fd
2025-09-08,24,794.2,1043.0,fd
2025-09-09,24,730.0,882.0,fd
2025-09-10,24,721.9,907.0,fd
2025-09-11,24,790.7,1051.0,fd
2025-09-12,24,965.0,1265.0,fd
2025-09-13,24,1087.4,1392.0,fd
2025-09-14,24,1139.7,1326.0,fd
2025-09-15,24,882.7,1096.0,fd
2025-09-16,24,895.0,1216.0,fd
2025-09-17,24,917.6,1154.0,fd
2025-09-18,24,796.7,1053.0,fd
2025-09-19,24,715.0,972.0,fd
2025-09-20,24,678.1,885.0,fd
2025-09-21,24,691.1,830.0,fd
2025-09-22,24,778.3,915.0,fd
2025-09-23,24,868.7,1058.0,fd
2025-09-24,24,926.8,1158.0,fd
2025-09-25,24,957.1,1194.0,fd
2025-09-26,24,897.0,1163.0,fd
2025-09-27,24,939.3,1202.0,fd
2025-09-28,24,950.8,1196.0,fd
2025-09-29,24,876.1,1095.0,fd
2025-09-30,24,837.2,1032.0,fd
2025-10-01,24,797.7,988.0,fd
2025-10-02,24,871.4,1136.0,fd
2025-10-03,24,991.5,1263.0,fd
2025-10-04,24,979.2,1256.0,fd
2025-10-05,24,810.5,1049.0,fd
2025-10-06,24,785.5,956.0,fd
2025-10-07,24,787.0,1027.0,fd
2025-10-08,24,768.9,1063.0,fd
2025-10-09,24,777.6,1112.0,fd
2025-10-10,24,731.6,1078.0,fd
2025-10-11,24,719.5,1055.0,fd
2025-10-12,24,713.4,1011.0,fd
2025-10-13,24,749.5,1002.0,fd
2025-10-14,24,779.2,959.0,fd
2025-10-15,24,811.2,995.0,fd
2025-10-16,24,843.4,995.0,fd
2025-10-17,24,954.8,1102.0,fd
2025-10-18,24,1000.6,1117.0,fd
2025-10-19,24,1049.5,1209.0,fd
2025-10-20,24,989.4,1229.0,fd
2025-10-21,24,867.8,1117.0,fd
2025-10-22,24,901.9,1193.0,fd
2025-10-23,24,935.4,1252.0,fd
2025-10-24,24,1033.9,1428.0,fd
2025-10-25,24,917.8,1237.0,fd
2025-10-26,24,857.0,1187.0,fd
2025-10-27,24,844.1,1123.0,fd
2025-10-28,24,946.6,1206.0,fd
2025-10-29,24,934.0,1127.0,fd
2025-10-30,24,936.9,1101.0,fd
2025-10-31,24,975.7,1108.0,fd
2025-11-01,24,794.5,942.0,fd
2025-11-02,24,752.9,929.0,fd
2025-11-03,24,854.9,1113.0,fd
2025-11-04,24,1077.2,1432.0,fd
2025-11-05,24,1122.4,1539.0,fd
2025-11-06,24,938.8,1354.0,fd
2025-11-07,24,830.7,1254.0,fd
2025-11-08,24,794.9,1203.0,fd
2025-11-09,24,761.9,1115.0,fd
2025-11-10,24,765.0,1051.0,fd
2025-11-11,24,863.2,1146.0,fd
2025-11-12,24,885.7,1013.0,fd
2025-11-13,24,804.3,908.0,fd
2025-11-14,24,758.6,884.0,fd
2025-11-15,24,677.5,847.0,fd
2025-11-16,24,656.2,861.0,fd
2025-11-17,24,749.0,1032.0,fd
2025-11-18,24,929.9,1270.0,fd
2025-11-19,24,1056.5,1423.0,fd
2025-11-20,24,1081.4,1452.0,fd
2025-11-21,24,1079.2,1483.0,fd
2025-11-22,24,1117.3,1501.0,fd
2025-11-23,24,1021.6,1371.0,fd
2025-11-24,24,920.2,1250.0,fd
2025-11-25,24,899.1,1192.0,fd
2025-11-26,24,868.8,1121.0,fd
2025-11-27,24,808.9,1001.0,fd
2025-11-28,24,719.8,827.0,fd
2025-11-29,24,628.8,746.0,fd
2025-11-30,24,664.2,859.0,fd
2026-01-01,24,922.8,1410.0,fd
2026-01-02,24,971.2,1453.0,fd
2026-01-03,24,961.1,1447.0,fd
2026-01-04,24,895.5,1293.0,fd
2026-01-05,24,833.3,1203.0,fd
2026-01-06,24,770.5,1043.0,fd
2026-01-07,24,735.2,946.0,fd
2026-01-08,24,689.1,830.0,fd
2026-01-09,24,632.2,770.0,fd
2026-01-10,24,636.6,795.0,fd
2026-01-11,24,776.5,968.0,fd
2026-01-12,24,824.4,1093.0,fd
2026-01-13,24,788.1,1093.0,fd
2026-01-14,24,784.5,1140.0,fd
2026-01-15,24,866.5,1215.0,fd
2026-01-16,24,954.0,1340.0,fd
2026-01-17,24,882.2,1276.0,fd
2026-01-18,24,837.5,1213.0,fd
2026-01-19,24,794.3,1162.0,fd
2026-01-20,24,841.7,1217.0,fd
2026-01-21,24,959.8,1284.0,fd
2026-01-22,24,988.7,1209.0,fd
2026-01-23,24,887.6,1011.0,fd
2026-01-24,24,898.5,1001.0,fd
2026-01-25,24,992.3,1198.0,fd
2026-01-26,24,915.3,1189.0,fd
2026-01-27,24,778.5,1137.0,fd
2026-01-28,24,703.6,1083.0,fd
2026-01-29,24,704.4,1105.0,fd
2026-01-30,24,707.8,1139.0,fd
2026-01-31,24,707.9,1119.0,fd
2026-02-01,24,781.5,1190.0,fd
2026-02-02,24,877.0,1258.0,fd
2026-02-03,24,748.7,1022.0,fd
2026-02-04,24,633.4,851.0,fd
2026-02-05,24,660.3,811.0,fd
2026-02-06,24,684.1,812.0,fd
2026-02-07,24,699.3,869.0,fd
2026-02-08,24,740.9,938.0,fd
2026-02-09,24,858.2,1040.0,fd
2026-02-10,24,821.9,1083.0,fd
2026-02-11,24,716.9,978.0,fd
2026-02-12,24,873.0,1205.0,fd
2026-02-13,24,925.3,1231.0,fd
2026-02-14,24,1002.9,1382.0,fd
2026-02-15,24,943.4,1328.0,fd
2026-02-16,24,830.1,1163.0,fd
2026-02-17,24,794.2,1096.0,fd
2026-02-18,24,807.4,1055.0,fd
2026-02-19,24,863.1,1044.0,fd
2026-02-20,24,868.2,994.0,fd
2026-02-21,24,767.5,977.0,fd
2026-02-22,24,750.7,986.0,fd
2026-02-23,24,750.2,1053.0,fd
2026-02-24,24,776.9,1067.0,fd
2026-02-25,24,881.6,1161.0,fd
2026-02-26,24,918.4,1229.0,fd
2026-02-27,24,934.2,1275.0,fd
2026-02-28,24,806.0,1150.0,fd
2026-03-01,24,777.6,1105.0,fd
2026-03-02,24,737.3,1004.0,fd
2026-03-03,24,733.4,969.0,fd
2026-03-04,24,810.5,987.0,fd
2026-03-05,24,889.6,1022.0,fd
2026-03-06,24,905.6,1085.0,fd
2026-03-07,24,955.9,1128.0,fd
2026-03-08,24,962.9,1219.0,fd
2026-03-09,24,935.6,1223.0,fd
2026-03-10,24,812.9,1144.0,fd
2026-03-11,24,689.9,975.0,fd
2026-03-12,24,667.0,909.0,fd
2026-03-13,24,695.6,937.0,fd
2026-03-14,24,724.0,990.0,fd
2026-03-15,24,752.6,1016.0,fd
2026-03-16,24,815.6,1059.0,fd
2026-03-17,24,887.0,1111.0,fd
2026-03-18,24,968.3,1153.0,fd
2026-03-19,24,987.7,1126.0,fd
2026-03-20,24,975.4,1162.0,fd
2026-03-21,24,927.5,1216.0,fd
2026-03-22,24,824.5,1170.0,fd
2026-03-23,24,792.4,1136.0,fd
2026-03-24,24,765.5,1157.0,fd
2026-03-25,24,722.6,1049.0,fd
2026-03-26,24,796.2,1036.0,fd
2026-03-27,24,953.9,1182.0,fd
2026-03-28,24,1037.6,1269.0,fd
2026-03-29,24,1065.6,1259.0,fd
2026-03-30,24,1154.1,1377.0,fd
2026-03-31,24,920.3,1052.0,fd
2026-04-01,24,947.2,1120.0,fd
2026-04-02,24,903.0,1079.0,fd
2026-04-03,24,943.6,1142.0,fd
2026-04-04,24,990.0,1243.0,fd
2026-04-05,24,970.6,1292.0,fd
2026-04-06,24,942.0,1267.0,fd
2026-04-07,24,892.0,1236.0,fd
2026-04-08,24,879.0,1158.0,fd
2026-04-09,24,844.1,1139.0,fd
2026-04-10,24,815.6,1066.0,fd
2026-04-11,24,868.5,1051.0,fd
2026-04-12,24,943.2,1113.0,fd
2026-04-13,24,922.3,1073.0,fd
2026-04-14,24,931.0,1067.0,fd
2026-04-15,24,914.0,1043.0,fd
2026-04-16,24,977.9,1209.0,fd
2026-04-17,4,1288.2,1314.0,fd
2026-05-07,16,770.6,989.0,fd
2026-05-08,24,921.4,1196.0,fd
2026-05-09,24,982.4,1219.0,fd
2026-05-10,16,1082.6,1204.0,fd
