pettitt_change_year,pettitt_K,pettitt_p,pre_period,post_period,pre_mean_mm,post_mean_mm,pre_to_post_pct_change,mean_1950_1974_mm,mean_2000_2024_mm,pct_change_1950_74_vs_2000_24
2000,642.0,0.006148109061131744,1950-1999,2000-2024,571.1307619047619,474.8857142857143,-16.851665859857295,587.0222857142857,474.8857142857143,-19.10260890557573
