n_overlap_years,elasticity_loglog,elasticity_loglog_p,elasticity_loglog_r2,elasticity_nonparametric,rain_post2000_vs_1975_1999_pct,flow_post2000_vs_1975_1999_pct,amplification_ratio
56,3.6746188758171243,7.673757055176244e-15,0.6764059000743011,2.545306533951869,-12.347568585320879,-41.316211969947126,3.3461010306972456
